facility_name,measured_on,level_a,level_b,level_c,level_d,male_crim,male_non_crim,female_crim,female_non_crim,ice_threat_level_1,ice_threat_level_2,ice_threat_level_3,no_ice_threat_level
ADAMS COUNTY DET CENTER,2025-01-06,1846.278351,282.783505,3.659794,2.298969,8.268041,2126.556701,0,0.195876,0.824742,0.350515,2.979381,2130.865979
ADAMS COUNTY DET CENTER,2025-01-21,1992.1963734666663,280.9189673333334,4.896812533333328,0.10700253333333194,2.0301321333333364,2277.368753466666,0,-1.2797231999999998,-5.3883144,0.3014353333333332,-1.3852891999999997,2284.5913372
ADAMS COUNTY DET CENTER,2025-02-18,1870.0463388928579,240.91798175,9.026612964285716,5.420774071428572,13.749029892857143,2111.6626727499993,0,0,2.517857142857143,2.2805896785714284,4.989797357142858,2115.6234584642857
ADAMS COUNTY DET CENTER,2025-03-03,1948.532529769228,228.3944025384615,13.672624230769237,12.602863846153848,36.56561315384616,2166.6368299230817,0,0,3.8680273846153836,-0.6241649999999995,-13.568570923076926,2213.5271516153857
ADAMS COUNTY DET CENTER,2025-03-17,1909.6440520000012,222.78803299999967,19.080235,12.338183999999996,31.047627999999982,2132.802864999997,0,0,10.198889999999997,3.876566999999999,4.302256,2145.4727799999987
ADAMS COUNTY DET CENTER,2025-03-31,1983.947730000002,241.2186130000004,16.76948199999999,10.534483000000007,47.476720000000014,2204.9935750000045,0,0,0.7095620000000012,3.3707880000000006,7.675392999999998,2240.7145520000026
ADAMS COUNTY DET CENTER,2025-04-14,1983.144969999998,246.04875699999997,18.84359399999999,8.016722999999988,48.38264,2207.671430999995,0,0,8.176912,6.097034,14.706611,2227.0734999999945
ADAMS COUNTY DET CENTER,2025-04-28,1933.412639,235.58289399999973,28.38130700000001,5.2154390000000115,62.714145000000016,2139.8781200000044,0,0,1.354167000000002,13.485952000000001,28.119129000000004,2159.6330310000008
ADAMS COUNTY DET CENTER,2025-05-12,1905.549165,236.81913600000033,27.436573000000003,4.139055000000001,67.06393099999994,2106.879982000001,0,0,6.592214999999998,22.949601999999995,22.005519,2122.396593
ADAMS COUNTY DET CENTER,2025-05-27,1855.70129486667,239.51511226666625,25.461510399999984,3.1257433999999953,70.19481546666673,2042.897390266663,0,10.711486066666668,8.091194733333335,18.12773680000001,36.05973113333333,2061.525014200003
ADAMS COUNTY DET CENTER,2025-06-09,1847.2811330000002,249.6570929230774,30.999748000000043,5.000704384615381,94.65482615384609,2050.6432601538477,0,-12.359407000000001,12.65529653846154,19.67580769230769,15.955679153846177,2084.6518959230743
ADELANTO ICE PROCESSING CENTER,2025-01-06,0,0,0,2.85567,2.85567,0,0,0,2.85567,0,0,0
ADELANTO ICE PROCESSING CENTER,2025-01-21,1.0848,1.0245333333333333,5.1226666666666665,10.331222666666667,14.730689333333336,2.832533333333333,0,0,10.090155999999999,3.5557333333333334,0.9039999999999999,3.0133333333333336
ADELANTO ICE PROCESSING CENTER,2025-02-18,9.022684392857144,7.076654500000001,34.16030396428571,49.3593455,79.23105978571428,20.387928571428567,0,0,54.200481749999994,16.547440214285718,5.774387035714286,23.09668439285714
ADELANTO ICE PROCESSING CENTER,2025-03-03,26.002610846153843,17.101206461538457,87.6755833076923,122.17118615384616,196.22588569230777,56.72471292307694,0,0,113.49336823076922,44.18619938461538,18.883782076923072,76.38722623076923
ADELANTO ICE PROCESSING CENTER,2025-03-17,33.46144,20.749521000000005,116.03525900000002,148.39455100000004,238.86094599999998,79.77981399999997,0,0,139.62733400000002,49.250986999999995,26.714182,103.04825599999997
ADELANTO ICE PROCESSING CENTER,2025-03-31,33.577893,25.114239999999995,112.42207600000003,148.85284599999991,244.99295999999998,74.974095,0,0,137.79548000000003,47.703883000000005,24.39375400000001,110.07395000000007
ADELANTO ICE PROCESSING CENTER,2025-04-14,34.20260100000001,24.451679999999993,106.9666,153.93038200000007,242.90165199999996,76.64961100000002,0,0,126.22484799999997,38.341259,27.75259599999999,127.23254599999993
ADELANTO ICE PROCESSING CENTER,2025-04-28,33.539099999999976,26.66389400000001,102.1050339999999,153.13587999999996,243.35502499999998,72.08889799999997,0,0,123.15165899999998,43.56348900000002,25.728336999999993,123.0004520000001
ADELANTO ICE PROCESSING CENTER,2025-05-12,33.95570999999999,24.71507,109.45508200000002,146.40133600000004,236.94273500000003,77.58446400000003,0,0,110.19092500000001,40.53310499999994,23.923869,139.87929999999992
ADELANTO ICE PROCESSING CENTER,2025-05-27,34.4219070666667,26.671617999999974,112.48702633333342,138.11797733333333,222.7847269333334,88.9138028,0,0,71.60238573333336,48.25748680000003,13.682451000000007,178.1562062000001
ADELANTO ICE PROCESSING CENTER,2025-06-09,52.38075799999993,35.40602415384616,139.13009392307686,160.2164941538463,278.0644680000002,108.06489646153855,0.5405981538461538,0.4633698461538462,141.95594230769237,43.476006923076895,31.778138076923053,169.92326453846152
ALAMANCE COUNTY DETENTION FACILITY,2025-01-06,3.206186,4.010309,5.43299,6.56701,14.71134,4.360825,0.092784,0.051546,0.268041,0.257732,0.329897,18.360825
ALAMANCE COUNTY DETENTION FACILITY,2025-01-21,4.786784799999998,2.004114533333332,8.37859866666666,6.6347346666666684,15.13817866666668,6.1626099999999955,0.29781119999999983,0.20563279999999995,2.7687988,-0.05664906666666667,-1.7334604,20.825543333333325
ALAMANCE COUNTY DETENTION FACILITY,2025-02-18,5.45762460714286,2.946916928571428,6.062838892857144,6.948642857142862,13.993940214285706,7.2617325357142875,0.055255821428571474,0.10508967857142862,0.7079103214285715,0.3512441785714286,-0.010184392857142883,20.367053178571446
ALAMANCE COUNTY DETENTION FACILITY,2025-03-03,6.711061307692305,0.9831021538461536,5.768557000000005,3.827831538461527,8.885876923076921,7.554213153846149,0.1541485384615386,0.6963242307692307,1.234751769230769,0.15326453846153826,0.154578076923077,15.74796946153842
ALAMANCE COUNTY DETENTION FACILITY,2025-03-17,7.233143,4.506793,8.515789,3.6981329999999923,11.987243000000003,11.033933000000006,0.2867669999999998,0.6459270000000001,-0.7226009999999994,0.2141619999999997,0.430816,24.031469999999995
ALAMANCE COUNTY DETENTION FACILITY,2025-03-31,8.666686999999992,2.6383340000000026,4.491253999999985,5.065276000000007,10.55275199999999,9.376753000000008,0.21477299999999996,0.7172739999999997,1.002448,0.5733010000000002,0.071365,19.214437000000025
ALAMANCE COUNTY DETENTION FACILITY,2025-04-14,7.083779000000009,3.3569379999999973,5.0668660000000045,3.8456440000000094,8.616966000000016,9.661118999999985,0.43008300000000027,0.6450460000000001,1.7918419999999995,-0.1449309999999997,-0.0004269999999999235,17.706728999999996
ALAMANCE COUNTY DETENTION FACILITY,2025-04-28,6.149116999999998,1.4909369999999984,5.928726000000016,4.493106999999993,9.768764999999998,7.146691999999997,0.14280599999999996,1.0036089999999998,0.35560799999999965,0.14243399999999998,-0.215682,17.77951100000002
ALAMANCE COUNTY DETENTION FACILITY,2025-05-12,5.646085000000004,1.7790630000000078,5.498193999999979,4.7092250000000115,9.483900999999994,7.289720000000004,-0.0006820000000001666,0.8596590000000001,0.8580460000000016,0.8599839999999992,1.3629679999999997,14.551598999999994
ALAMANCE COUNTY DETENTION FACILITY,2025-05-27,16.24719526666666,3.7356776000000007,6.000535400000005,3.4569833333333313,10.389638133333332,17.780758400000014,0.40107626666666646,0.8689038666666666,-0.5383747333333342,-0.8044729999999997,-0.8708894666666666,31.654128799999974
ALAMANCE COUNTY DETENTION FACILITY,2025-06-09,12.411326076923073,3.6942341538461436,3.760803769230786,4.070764153846155,9.294146461538485,11.94206184615382,0.15382923076923086,2.5471293846153853,0.6154659230769212,0.15366976923076964,0.15415707692307706,23.013816000000027
ALEXANDRIA STAGING FACILITY,2025-01-06,127.082474,44.319588,72.061856,48.494845,134.783505,157.134021,0.020619,0.020619,51.505155,29.886598,33.020619,177.546392
ALEXANDRIA STAGING FACILITY,2025-01-21,154.9673031999999,46.01015839999994,81.66040746666658,62.78674600000001,155.88056733333335,189.63266280000002,0.04608920000000003,-0.1347108,78.61645399999998,37.06889306666668,34.19115586666667,195.54810559999993
ALEXANDRIA STAGING FACILITY,2025-02-18,148.2737558214287,47.84742857142861,80.34858967857151,52.55448174999999,157.2678870357142,171.70934549999998,0.01105317857142856,0.035970107142857144,61.95401164285717,34.05566110714286,47.28894682142857,185.72563121428564
ALEXANDRIA STAGING FACILITY,2025-03-03,156.8389448461536,59.24504876923073,81.81524823076913,53.633646692307735,164.06968346153874,186.6891309230769,0.30956300000000003,0.4645111538461538,54.68071723076922,34.713317307692286,42.58134469230768,219.5575083076927
ALEXANDRIA STAGING FACILITY,2025-03-17,152.45410700000008,58.71625699999998,83.47708899999998,68.17329599999994,169.081441,193.52428800000027,0.07157599999999999,0.14343199999999998,65.77057699999997,34.01346600000001,49.64948800000002,213.38722899999968
ALEXANDRIA STAGING FACILITY,2025-03-31,152.07999600000014,53.74908800000003,72.04968499999995,57.02494200000001,145.2124919999998,188.61444799999975,0.07156400000000003,1.005232,53.04916300000007,25.17712999999997,43.02967099999997,213.64776000000035
ALEXANDRIA STAGING FACILITY,2025-04-14,145.24800199999976,56.32871999999991,75.78614700000006,52.42649000000009,146.21788599999985,184.2903279999999,0.21512,-0.9339879999999999,38.26262300000001,35.592716000000046,43.240803000000014,212.69321799999983
ALEXANDRIA STAGING FACILITY,2025-04-28,164.83677100000023,57.83013400000008,79.30283200000005,49.62772299999987,148.80111799999992,201.505017,-0.00029199999999995896,1.291617,51.122156999999916,32.575513999999984,46.82576499999992,221.07402500000015
ALEXANDRIA STAGING FACILITY,2025-05-12,167.18911099999994,55.67208199999992,74.134776,50.13187700000007,144.99651200000022,202.5626830000001,-0.000248000000000026,-0.431085,34.26378499999997,26.763328,41.15257300000011,244.94814499999953
ALEXANDRIA STAGING FACILITY,2025-05-27,154.7848397999997,60.7134465333335,74.6617541333333,54.14044093333335,142.65378513333343,198.96946613333373,0.7361888666666668,1.9410422666666667,41.21370999999999,26.244847600000018,38.12921253333334,238.71272720000027
ALEXANDRIA STAGING FACILITY,2025-06-09,135.35328176923102,51.698115230769105,73.9157670769231,36.62916138461529,108.77719869230798,190.4421670769225,-0.5409985384615387,-1.0820795384615385,31.838814615384763,21.26853769230764,23.244979999999906,221.24397476923107
ALLEGANY COUNTY JAIL,2025-03-17,1.221557,0.017964,0,0,0,0,0,1.239521,0,0,0,1.239521
ALLEGANY COUNTY JAIL,2025-03-31,7.821982000000001,0.430844,0.430937,0,0,2.51381,0.430937,5.739002999999997,0.430937,0,0,8.252825999999999
ALLEGANY COUNTY JAIL,2025-04-14,8.821892,1.4356399999999998,0.358803,0,0,-0.21636799999999973,1.076751,9.755979,-0.430937,0.717948,0,10.329337999999998
ALLEGANY COUNTY JAIL,2025-04-28,7.022801999999997,1.0040780000000002,-0.00026000000000005386,0,0,-0.5749470000000001,1.004272,7.5972659999999985,1.722495,-0.717948,0,7.022058999999997
ALLEGANY COUNTY JAIL,2025-05-12,8.670160000000001,1.2905579999999992,-0.00024799999999989907,0,0,2.0084489999999997,1.0037360000000004,6.9483000000000015,1.003969,0,0,8.956501000000003
ALLEGANY COUNTY JAIL,2025-05-27,10.297464000000007,-2.076512133333333,-0.00020973333333328034,0,0,-1.8754970666666666,1.0032845333333322,9.092970600000005,1.0034783333333333,0,0,7.2172638000000005
ALLEGANY COUNTY JAIL,2025-06-09,4.542987999999993,0.6173336923076924,-0.0001693846153846524,0,0,-0.00038646153846172,1.0029064615384629,4.157633307692313,1.0030942307692308,0,0,4.157058076923083
ALLEN PARISH PUBLIC SAFETY COMPLEX,2025-01-06,95.123711,29.453608,35.164948,10.85567,50.072165,120.525773,0,0,19.670103,8.329897,7.237113,135.360825
ALLEN PARISH PUBLIC SAFETY COMPLEX,2025-01-21,129.50802146666672,36.28176106666667,23.556473066666666,10.376022666666662,53.385588666666685,146.33668306666658,0,0,19.86519373333334,8.195072933333329,10.573528399999994,161.08847666666674
ALLEN PARISH PUBLIC SAFETY COMPLEX,2025-02-18,101.36705317857137,33.00734550000001,32.60391032142858,10.148868785714294,48.868916928571416,128.25825582142852,0,0,11.982725928571426,5.266112964285717,0.04729735714285864,159.83104153571418
ALLEN PARISH PUBLIC SAFETY COMPLEX,2025-03-03,103.94857115384632,23.800150307692302,32.300403769230726,10.30535938461538,45.895214769230805,124.45928069230789,0,0,9.017527076923075,1.8852677692307576,7.4700164615384645,151.98167330769223
ALLEN PARISH PUBLIC SAFETY COMPLEX,2025-03-17,111.85417299999985,29.854561999999987,38.60283699999997,11.002194999999997,53.23458900000008,138.07917799999996,0,0,22.315013000000004,11.884934000000012,10.597162,146.5166580000002
ALLEN PARISH PUBLIC SAFETY COMPLEX,2025-03-31,109.54523900000017,28.99308400000005,37.233333000000066,10.570914999999998,50.07122799999992,136.2713430000001,0,0,17.713799999999992,12.383408,-3.699645,159.9450080000001
ALLEN PARISH PUBLIC SAFETY COMPLEX,2025-04-14,100.99515900000006,27.917159999999967,32.851115,15.66842300000001,52.296896000000096,125.13494699999994,0,0,-25.21946199999999,16.04116399999998,1.621340999999997,184.98881400000002
ALLEN PARISH PUBLIC SAFETY COMPLEX,2025-04-28,93.89054799999992,28.42107200000003,27.540913000000014,21.478394999999995,55.81215299999998,115.518789,0,0,1.0778769999999764,9.28923800000002,7.940007000000004,153.023806
ALLEN PARISH PUBLIC SAFETY COMPLEX,2025-05-12,88.72939399999996,30.502735999999977,25.96626699999992,22.046118999999994,63.19895499999997,104.04556100000003,0,0,16.942549000000003,13.593733999999992,-6.554715000000003,143.26296399999956
ALLEN PARISH PUBLIC SAFETY COMPLEX,2025-05-27,83.19402646666664,29.129990999999972,24.765348000000024,22.04052246666667,51.86855879999991,107.2613132000001,0,0,3.0206890666666975,16.90009993333336,-10.464409799999999,149.6734937999999
ALLEN PARISH PUBLIC SAFETY COMPLEX,2025-06-09,80.5402759230769,28.91927161538465,22.3441923076924,22.344896538461537,51.46160292307706,102.6870518461538,0,0,22.111801846153796,11.238008999999973,4.154592230769227,116.64423330769317
ATLANTA US PEN,2025-02-18,4.935714,0.428571,0,0,0.428571,4.935714,0,0,0.221429,0.078571,0.078571,4.985714
ATLANTA US PEN,2025-03-03,76.92903184615385,17.49544330769231,24.311719384615383,22.29864323076923,52.956478384615394,88.07834753846153,0,0,20.43897546153846,11.45851946153846,4.1030648461538455,105.03428984615385
ATLANTA US PEN,2025-03-17,86.95201200000001,22.767244999999996,14.071536,11.988728999999998,38.485856999999996,97.29368799999999,0,0,-2.670234999999999,-2.090059999999998,5.745989000000001,134.79381700000002
ATLANTA US PEN,2025-03-31,71.15281499999999,24.184473999999998,17.148881999999997,12.194894999999999,47.43278900000001,77.24825200000002,0,0,9.184841000000002,1.5039859999999996,5.094685,108.89754099999995
ATLANTA US PEN,2025-04-14,30.68984900000003,17.491319999999998,11.178778000000007,4.577155000000005,26.724496999999992,37.21261800000002,0,0,-5.898124999999998,-6.681198,-7.831725,84.34814899999999
ATLANTA US PEN,2025-04-28,19.917997000000014,11.884820000000007,11.819891,4.863488000000002,21.61785199999999,26.868328999999967,0,0,0.35139899999999863,1.0751260000000005,-3.2322700000000006,50.29194000000007
ATLANTA US PEN,2025-05-12,17.192862999999956,22.500178000000005,14.470320999999997,7.804378000000002,37.97077800000001,23.996977000000047,0,0,-2.8048430000000013,2.150898,-0.8622939999999996,63.48399400000004
ATLANTA US PEN,2025-05-27,19.390367333333355,28.88966700000001,27.35726073333332,7.347824533333323,47.205155600000005,33.03516053333327,2.7448194,0,7.359068866666666,11.9815396,9.438566466666664,54.20596059999989
ATLANTA US PEN,2025-06-09,57.99078753846152,76.80830269230766,74.88452161538463,12.494863076923078,97.86257123076925,123.31257846153851,1.0032874615384613,0,30.653770384615385,22.39183707692308,25.173658692307693,143.95919038461537
BAKER COUNTY SHERIFF DEPT.,2025-01-06,24.412371,36.907216,91.865979,86.845361,162.175258,50.402062,17.546392,9.907216,66.85567,27.041237,23.092784,123.041237
BAKER COUNTY SHERIFF DEPT.,2025-01-21,35.0466428,53.516588800000015,78.11027053333333,90.48124146666669,153.0805810666665,70.21426159999997,21.626505600000005,12.233388799999997,25.454956000000006,24.982851600000018,2.4455445333333046,204.27138493333345
BAKER COUNTY SHERIFF DEPT.,2025-02-18,27.249827250000003,41.17376746428571,82.06918439285717,89.59694682142857,155.30210132142864,47.25963121428572,26.421387035714286,11.10660132142857,39.62010132142856,10.88679735714285,-3.0741428571428577,192.65697010714288
BAKER COUNTY SHERIFF DEPT.,2025-03-03,26.3864279230769,34.58331238461533,89.15839976923067,91.0210646923077,124.23028592307702,59.20135369230768,30.763878846153847,26.95369715384618,-51.706162076923086,0.000506461538477127,-10.787383999999992,303.6422325384614
BAKER COUNTY SHERIFF DEPT.,2025-03-17,27.220775000000003,33.538303000000006,90.15259999999996,96.19129999999988,136.3782329999997,40.428124000000025,38.03188699999997,32.264722000000006,69.19843300000002,13.23580699999999,29.739735999999994,134.92900100000017
BAKER COUNTY SHERIFF DEPT.,2025-03-31,43.30817200000001,30.024085000000078,84.76434299999995,72.55397600000002,129.14291700000027,58.03592799999998,15.176135000000029,28.295594999999985,-113.39580399999997,-8.734380000000003,-16.457563,369.2383349999997
BAKER COUNTY SHERIFF DEPT.,2025-04-14,63.110065999999996,27.58984499999997,107.38281100000015,76.22827,136.41470699999965,81.36410399999997,23.79700500000003,32.73520299999999,19.696915999999938,11.82235200000004,28.36709900000002,214.42462499999965
BAKER COUNTY SHERIFF DEPT.,2025-04-28,56.33934299999997,25.443857000000012,123.94873099999988,81.69051600000004,138.72277200000022,79.76507599999994,26.52275499999996,42.41183000000001,47.412169999999996,3.0710309999999805,6.394481000000009,230.5447650000003
BAKER COUNTY SHERIFF DEPT.,2025-05-12,61.776567000000014,23.657169000000003,112.08971100000001,80.68902600000001,130.9100560000001,81.75870800000004,24.22392900000003,41.31976400000004,15.548762000000092,17.86032499999997,17.017594999999996,227.78577500000029
BAKER COUNTY SHERIFF DEPT.,2025-05-27,45.44915846666663,28.771214466666727,112.14572806666668,74.08348513333331,126.36863766666647,70.85617460000006,21.597498666666617,41.62729013333331,-25.9898128666667,6.622444533333359,3.826937933333314,275.9900473999999
BAKER COUNTY SHERIFF DEPT.,2025-06-09,44.192554076923095,30.905972230769084,104.34701069230756,79.05234330769235,125.44766238461587,71.12793915384617,23.621186461538507,38.30109230769225,-7.076000538461533,-24.47038707692309,28.678684846153864,261.36558407692286
BALDWIN COUNTY CORRECTIONAL CENTER,2025-01-21,0.352,0.76,0.424,0.192,0.72,0.904,0.056,0.048,0,0.056,0.008,1.664
BERLIN FED. CORR. INST.,2025-03-17,1.748503,0.08982,0.97006,0.712575,0.916168,2.60479,0,0,0.317365,0.197605,0.401198,2.60479
BERLIN FED. CORR. INST.,2025-03-31,76.05110800000001,9.767461999999998,21.469773,14.432528,22.188302,99.53256899999998,0,0,7.180572000000002,5.385645000000001,9.406623,99.74804400000001
BERLIN FED. CORR. INST.,2025-04-14,115.623272,12.129062000000001,28.848480999999996,40.698623999999995,46.43818800000001,150.64584700000003,0,0.21539,22.252074,7.7507829999999975,15.645662999999999,151.65089199999997
BERLIN FED. CORR. INST.,2025-04-28,122.223969,12.839036000000002,44.189351,57.753358,63.13068399999999,173.875109,0,-7.999999999998484e-05,30.921653999999997,-3.6655779999999987,19.224243000000005,190.525409
BERLIN FED. CORR. INST.,2025-05-12,130.55459100000002,12.975832,49.259739,63.74844599999998,73.71517800000001,182.034291,0,0.78917,37.50548000000001,3.870898000000001,20.290263,194.87198300000006
BERLIN FED. CORR. INST.,2025-05-27,163.42874986666666,22.079622333333337,44.14407693333336,58.93147453333334,79.47592406666669,208.3718460666667,0.7364068,-0.0002522666666666377,36.927920733333316,7.293065133333332,26.024075266666674,218.3388476
BERLIN FED. CORR. INST.,2025-06-09,209.52872553846157,26.78176284615383,41.579419230769204,54.157186923076935,79.24436392307689,251.79915453846158,-0.0001693846153846524,1.0037464615384615,10.315801615384649,10.034350999999997,9.013159307692307,302.6837826153846
BLUEBONNET DETENTION FACILITY,2025-01-06,252.391753,153.546392,233.927835,108.134021,328.43299,370.329897,8.154639,41.082474,93.835052,55.742268,80.71134,517.71134
BLUEBONNET DETENTION FACILITY,2025-01-21,236.48321373333334,146.71823893333337,262.85707799999994,96.15586280000001,317.87886533333295,347.1129395999999,3.0723585333333405,74.15023653333337,40.355526933333266,15.557449066666656,30.996311999999914,655.3051120000003
BLUEBONNET DETENTION FACILITY,2025-02-18,339.0452558214287,169.52402989285707,247.78475582142866,103.0851843928571,349.63948175000013,434.34098175000014,10.026631214285715,65.43213121428569,74.75675582142854,61.80598175,93.07937539285714,629.7971129642855
BLUEBONNET DETENTION FACILITY,2025-03-03,533.5712399230766,199.2810960769233,250.45407776923093,97.63894484615398,376.6004037692311,602.3632833076923,18.76229046153846,83.21938107692313,7.113799307692366,32.94885038461535,72.65840930769235,968.2242877692311
BLUEBONNET DETENTION FACILITY,2025-03-17,541.9980049999997,218.49312699999973,252.13975099999985,97.382251,398.4471449999993,615.7167939999994,18.19823300000001,77.650974,55.72553300000008,46.90415599999999,99.20097600000008,908.1824920000009
BLUEBONNET DETENTION FACILITY,2025-03-31,541.4789820000005,217.07430400000027,280.8584749999999,97.38942300000001,385.3890250000004,648.2689070000009,23.79187,79.35137000000006,86.414396,61.20074199999999,124.60633899999993,864.579681999999
BLUEBONNET DETENTION FACILITY,2025-04-14,543.3794280000002,211.43286800000013,283.3403330000001,87.98991100000005,351.10753099999994,658.4969489999993,27.44227399999998,89.09578599999999,35.64719999999995,8.279622000000018,3.237229000000038,1078.9785019999993
BLUEBONNET DETENTION FACILITY,2025-04-28,440.6730869999997,203.2217669999996,315.2516749999995,135.58456099999992,327.8490870000002,677.5069270000001,21.330393000000022,68.04468299999995,93.95284000000005,66.94549399999998,52.81310799999989,881.0196480000003
BLUEBONNET DETENTION FACILITY,2025-05-12,437.6737869999997,194.09078100000002,303.1573010000003,134.77574500000006,332.5945090000002,668.6899249999998,17.80907499999999,50.604104999999954,97.38478000000006,35.36490599999992,44.217743999999975,892.7302000000012
BLUEBONNET DETENTION FACILITY,2025-05-27,537.960589133333,179.6192113333333,269.8616477333329,136.3232315333332,344.33998166666714,709.9002424000006,23.17632146666665,46.34813420000003,78.27374159999987,53.48653886666677,-0.3087947333333432,992.313195000001
BLUEBONNET DETENTION FACILITY,2025-06-09,567.9489377692315,177.70177923076923,243.4113793846157,124.06088669230779,328.4042346923066,699.7422486153844,20.72079369230771,64.25572546153853,64.87618830769217,3.0483040769230194,40.811767769230826,1004.386723923076
BOONE COUNTY JAIL,2025-01-06,22.865979,17.917526,30.938144,57.020619,93.639175,29.14433,4.618557,1.340206,46.649485,17.453608,9.546392,55.092784
BOONE COUNTY JAIL,2025-01-21,17.125737200000003,21.311096799999994,34.05585919999997,56.86528920000001,102.50459000000009,22.69331066666667,4.65956093333333,-0.4994791999999999,37.41749800000004,-7.599305599999995,18.688905599999984,80.85087786666664
BOONE COUNTY JAIL,2025-02-18,29.277732535714286,26.04674417857143,35.80213121428574,58.330868785714266,109.73466110714286,35.758124607142854,2.7046727500000025,1.2600182499999997,-7.607827249999998,-11.04769603571428,10.529797357142863,157.58320264285717
BOONE COUNTY JAIL,2025-03-03,48.237373461538446,33.70508146153847,37.031143692307666,52.50756953846149,122.54544330769232,46.88031961538463,4.3855439230769315,-2.330150538461538,50.71814576923071,22.935820076923058,0.23966799999999028,97.58752246153843
BOONE COUNTY JAIL,2025-03-17,58.12206700000005,43.418808,40.90633899999999,51.683461000000015,126.94689700000006,61.39392200000001,2.058349999999994,3.7315170000000006,62.80103000000002,16.680866000000005,19.414201,95.23458899999994
BOONE COUNTY JAIL,2025-03-31,48.611477999999934,39.66341300000003,40.324147000000075,48.527996000000066,132.02139399999993,44.70314999999995,0.4084430000000014,-0.005953000000001144,37.42296500000001,6.619742000000007,16.388783000000007,116.69554400000003
BOONE COUNTY JAIL,2025-04-14,47.159572000000026,37.85532499999999,45.48786499999999,47.88808800000009,131.8542279999999,41.822694000000084,3.857492999999993,0.8564350000000006,55.01351099999998,25.361535999999983,28.948352999999997,69.067464
BOONE COUNTY JAIL,2025-04-28,51.59752400000006,37.702474999999986,43.183265999999875,47.03226999999996,132.768505,41.100032999999975,4.503367000000002,1.143614999999999,24.571516000000106,28.939878000000004,20.108383000000003,105.895744
BOONE COUNTY JAIL,2025-05-12,44.62562199999989,36.260003,39.66250200000007,44.38246999999995,122.27738099999988,35.57178299999993,6.583673000000009,0.4977910000000004,-25.35675200000008,9.270296000000014,20.749468999999994,160.26756800000007
BOONE COUNTY JAIL,2025-05-27,52.681344466666694,38.18154233333328,53.541987000000034,43.68994100000006,126.20520626666669,57.09034046666669,4.669412399999995,0.12984073333333487,42.56683086666671,7.445502666666653,14.939952066666683,123.14254413333329
BOONE COUNTY JAIL,2025-06-09,68.36529576923077,35.57095730769232,53.76014146153844,45.429858846153785,130.31094476923093,69.82314776923074,2.995795538461537,-0.0036346923076936177,48.90106223076915,26.595625230769237,-10.942983153846153,138.57254907692297
BROOME COUNTY JAIL,2025-03-31,1.59116,0.138122,0.027624,0,0.160221,1.541436,0,0.055249,0,0,0.160221,1.596685
BROOME COUNTY JAIL,2025-04-28,3.1502825000000008,0.25053200000000014,-0.0001334999999999769,0.0717675,0.4657409999999999,3.006981,0,-0.00026600000000000435,0.0358875,0,-1.0414365,4.478005000000002
BROOME COUNTY JAIL,2025-05-12,4.296867,0.1428059999999997,0.215139,0.2869610000000001,0.788333,3.938393999999996,0,0.215031,-0.071775,0,0,5.013548999999999
BROOME COUNTY JAIL,2025-05-27,6.887304399999997,0.20020226666666663,-0.00015126666666667176,-0.00011693333333333556,0.4006819333333335,6.619863666666666,0,0.06670880000000008,0,0,0,7.087239466666661
BROOME COUNTY JAIL,2025-06-09,3.543528461538463,0.0766053846153849,-0.00011623076923082356,-0.00010630769230765772,-0.0009800769230773416,3.621133307692302,0,-0.00024092307692313852,0,0,0,3.619912307692315
BROWARD COUNTY JAIL,2025-01-21,0.24,0.16,0.592,0.096,0.16,0.824,0.016,0.088,0.032,0,0,1.056
BROWARD COUNTY JAIL,2025-02-18,0.47020264285714297,0.14561296428571424,1.2797325357142857,0.26001824999999995,0.3973986785714284,1.422529892857143,0.007368785714285715,0.3282740714285715,-0.12914285714285714,0.035970107142857144,0,2.248744178571428
BROWARD COUNTY JAIL,2025-03-03,0.540122,0.38610546153846126,2.472869769230768,0.850842846153846,0.540624076923077,3.1682991538461547,0.30961061538461543,0.23139538461538442,0,-0.07747407692307692,0.07742646153846154,4.249976846153846
BROWARD COUNTY JAIL,2025-03-17,0.6448579999999998,0.5737909999999999,3.012717000000001,0.7174339999999998,0.9327219999999998,3.8734629999999988,-0.00023999999999998626,0.1428550000000001,0,0,-4.0000000000008284e-05,4.948840000000002
BROWARD COUNTY JAIL,2025-03-31,0.7163849999999999,0.5016000000000004,1.7897570000000005,0.8605880000000005,0.7884400000000004,2.8654220000000015,0.071626,0.1428419999999999,0,0,-0.071856,3.9401859999999993
BROWARD COUNTY JAIL,2025-04-14,0.5724850000000004,0.5013759999999999,1.9327729999999974,0.8600940000000001,0.7162400000000007,2.5770499999999976,0.21518600000000004,0.35823800000000006,0,0,0,3.866727999999999
BROWARD COUNTY JAIL,2025-04-28,1.1465120000000002,0.14233700000000024,1.8604310000000035,0.14199699999999943,0.35714399999999913,2.576306,0.07153199999999986,0.28632399999999997,0,0,0,3.291277
BROWARD COUNTY JAIL,2025-05-12,0.14156599999999944,0.28590699999999963,1.5730230000000003,0.14209300000000066,0.28538000000000047,1.8581860000000014,-0.00024799999999989907,-0.0007439999999999511,0,0,0,2.142589000000003
BROWARD COUNTY JAIL,2025-05-27,1.0024717333333333,0.1328570666666664,2.0701528000000016,0.4673655999999994,1.0027147999999992,2.3362602666666663,0.13369399999999995,0.20017813333333312,0,0,0,3.6728471999999934
BROWARD COUNTY JAIL,2025-06-09,-0.0017907692307692112,0.23073415384615442,2.002823999999993,-0.0012264615384608008,0.15288292307692275,2.001274153846155,-0.00021707692307693094,0.07658153846153827,0,0,0,2.2305409230769224
BROWARD TRANSITIONAL CENTER,2025-01-06,497.721649,143.969072,2.783505,0.515464,111.226804,440.505155,13.628866,79.628866,14.226804,39.536082,33.979381,557.247423
BROWARD TRANSITIONAL CENTER,2025-01-21,510.54602653333325,208.86819626666667,2.9680340000000003,1.574168533333333,149.7763472,465.2660539999997,17.32874213333333,91.58527546666664,17.761413866666665,27.301330933333308,70.6563108,608.2373697333329
BROWARD TRANSITIONAL CENTER,2025-02-18,490.67048835714326,163.85105317857128,4.889910321428573,0.5538454999999998,142.6318687857143,418.76162460714295,15.242244178571436,83.32955978571428,13.780940214285717,1.6663687857143097,33.39072592857143,611.1272674642862
BROWARD TRANSITIONAL CENTER,2025-03-03,480.5038155384615,182.10020715384627,7.024695923076925,2.0089201538461547,139.6559335384616,422.5868793076924,20.191824384615373,89.20298969230778,27.46873046153846,29.53077230769227,45.66670123076927,568.971423923076
BROWARD TRANSITIONAL CENTER,2025-03-17,487.01655799999986,171.8735030000002,7.164407999999996,0.35478199999999915,149.51442300000002,428.6619759999999,11.264453000000003,76.96841000000002,-12.380885000000003,22.595126999999984,45.39860899999998,610.7964120000003
BROWARD TRANSITIONAL CENTER,2025-03-31,381.0139869999995,130.130644,7.879316000000009,2.2225460000000004,101.009426,331.4214490000003,13.494268000000018,75.32137599999987,-6.32195999999999,-86.06600899999997,-122.314982,735.9494450000004
BROWARD TRANSITIONAL CENTER,2025-04-14,449.0940390000001,160.45034599999988,11.68126399999999,2.077776,129.81833199999997,401.4327169999992,17.228407999999977,74.82394200000024,18.965285999999974,7.430661000000002,13.002036000000057,583.9054289999985
BROWARD TRANSITIONAL CENTER,2025-04-28,438.64125200000024,143.0790089999999,20.862713000000003,1.2874420000000006,102.46946099999981,407.91063300000053,19.451414999999997,74.03890699999985,5.826411000000007,7.081097,-4.213546000000016,595.1764690000012
BROWARD TRANSITIONAL CENTER,2025-05-12,486.883594,144.73725299999984,14.682638999999995,2.2199760000000004,94.37465700000004,447.09674899999976,21.385757000000012,85.66631499999987,16.23385099999999,22.51485899999995,17.974715999999976,591.800052999998
BROWARD TRANSITIONAL CENTER,2025-05-27,443.30758453333306,135.11716926666705,12.023839333333338,1.6024020666666672,97.03431373333345,413.2768327333334,14.529777533333345,67.21005626666665,-11.231064533333331,-5.437241999999969,6.931556799999998,601.7877150666686
BROWARD TRANSITIONAL CENTER,2025-06-09,467.4930486153843,125.34913607692243,12.716242000000001,2.312654230769233,83.7052373846155,421.59817915384616,23.957339769230764,78.6103052307696,-6.143599076923063,-13.740687230769254,21.76728184615387,605.988085384615
BUFFALO SERVICE PROCESSING CENTER,2025-01-06,221,38.123711,132.731959,152.835052,250.072165,294.618557,0,0,153.989691,25.690722,21.185567,343.824742
BUFFALO SERVICE PROCESSING CENTER,2025-01-21,208.8863999999999,58.70695480000001,117.3341345333333,156.6088602666668,257.12212200000016,284.4142276000001,0,0,97.23588546666663,7.228616266666662,24.78976226666667,412.2820855999996
BUFFALO SERVICE PROCESSING CENTER,2025-02-18,257.0922325357143,52.228083071428564,132.22317274999997,151.21236878571432,258.3774103214286,334.37844682142844,0,0,91.24874417857141,4.622244178571448,13.89605317857141,482.9888156071432
BUFFALO SERVICE PROCESSING CENTER,2025-03-03,283.4442399230771,60.49748615384613,142.38164269230793,142.70292507692312,267.86921376923027,361.1570800769237,0,0,73.21095684615423,17.60278869230765,7.378793769230784,530.833754538461
BUFFALO SERVICE PROCESSING CENTER,2025-03-17,280.073931,62.60729500000006,151.545184,142.73021999999997,266.79178200000024,370.1648479999993,0,0,95.79499399999986,-3.421430999999984,18.568584000000005,526.0144829999996
BUFFALO SERVICE PROCESSING CENTER,2025-03-31,258.6260309999998,68.40838099999999,157.34483299999997,133.83273799999992,265.12787300000025,353.08409700000055,0,0,101.6443919999999,26.118893999999987,34.513779000000014,455.9348920000006
BUFFALO SERVICE PROCESSING CENTER,2025-04-14,309.7976750000001,74.49332299999995,143.46967099999998,129.61058800000006,265.9095009999993,391.46176900000034,0,0,-98.28403599999989,0.2659400000000005,30.696417000000014,724.692962
BUFFALO SERVICE PROCESSING CENTER,2025-04-28,336.9491830000001,74.11623200000005,133.2010040000002,128.69147099999984,279.5388570000006,393.41903299999933,0,0,38.950200999999915,32.287716999999994,17.985887999999964,583.7340990000001
BUFFALO SERVICE PROCESSING CENTER,2025-05-12,340.04973099999967,67.21374399999993,128.10849999999976,128.12931900000018,254.6281489999996,408.87316100000004,0,0,105.3600229999998,30.054289000000022,-12.649108000000004,540.7360909999999
BUFFALO SERVICE PROCESSING CENTER,2025-05-27,355.488778733334,57.01964100000005,122.27875986666646,116.00795913333278,253.31490186666682,397.4132541333335,0,0.06695186666666667,38.255102400000034,34.064473,18.59973653333333,559.8758118666669
BUFFALO SERVICE PROCESSING CENTER,2025-06-09,383.1773869999989,56.94021792307691,115.38565984615455,100.36493176923138,231.89864984615437,423.9695889230777,0,-2.3846153846156343e-05,52.347051384615604,14.440981000000018,34.37004184615391,554.710122307692
BUTLER COUNTY JAIL,2025-03-17,1.51497,0.598802,0.838323,0.107784,0.802395,1.856287,0,0.401198,0.179641,0.305389,0.317365,2.257485
BUTLER COUNTY JAIL,2025-03-31,76.124232,24.703883,25.923551999999997,10.413768000000001,35.045292,88.90687399999999,1.292824,11.920433000000001,4.6675140000000015,9.694444000000003,12.280016999999999,110.52343499999999
BUTLER COUNTY JAIL,2025-04-14,134.86536199999998,31.36177899999999,40.549910000000004,19.092824000000004,54.690071999999994,153.88434400000003,3.1584619999999997,14.136983000000003,12.41782,9.902419999999998,20.742369,182.80725099999998
BUTLER COUNTY JAIL,2025-04-28,146.692006,29.11713900000001,44.327901999999995,16.424874999999993,59.176565999999994,158.16300299999995,4.017609000000001,15.204757999999995,11.979073999999997,8.102103,12.906069000000002,203.57470399999997
BUTLER COUNTY JAIL,2025-05-12,148.26432800000006,27.595703000000007,44.806920000000005,16.272885000000006,67.75529800000001,150.04387100000005,4.5893929999999985,14.551258000000002,12.690219999999998,0.9951170000000015,9.958237000000006,213.29626200000004
BUTLER COUNTY JAIL,2025-05-27,142.52594326666664,27.617510933333325,53.84865906666667,16.720024799999994,74.38539186666667,147.1323739999999,4.749796200000003,14.444574999999993,18.1979916,16.862091333333332,32.45349993333332,173.19855519999996
BUTLER COUNTY JAIL,2025-06-09,188.66826699999996,46.688965846153856,60.727522307692304,18.438861230769223,81.40574815384619,206.03230815384617,5.401844692307693,21.683753153846162,20.682706,7.093347230769234,41.141309923076925,245.60625323076923
CALHOUN COUNTY CORRECTIONAL CENTER,2025-01-06,54.773196,32.371134,31.123711,15.257732,45.835052,73.154639,2.752577,11.783505,17.783505,7.628866,15.474227,92.639175
CALHOUN COUNTY CORRECTIONAL CENTER,2025-01-21,55.155919466666695,40.121924533333335,34.53095480000002,17.534817599999997,57.8653936,80.06542520000002,3.049563599999999,6.363233999999996,15.256033999999984,11.328742133333328,-1.0556164000000081,121.81445666666671
CALHOUN COUNTY CORRECTIONAL CENTER,2025-02-18,57.18502989285714,43.61530396428572,36.62466110714284,15.329797357142857,60.903255821428566,76.33519603571423,2.940196035714288,12.576154499999998,19.760112964285725,9.781785714285709,17.661071428571436,105.55182724999999
CALHOUN COUNTY CORRECTIONAL CENTER,2025-03-03,65.06344623076922,34.222940538461515,25.415024076923146,29.010715692307677,53.56088915384617,85.14591269230775,2.072053153846149,12.933261692307688,3.9865262307692038,-7.488111538461523,12.218224000000017,144.9954770000001
CALHOUN COUNTY CORRECTIONAL CENTER,2025-03-17,64.11905499999999,34.92618900000006,20.072015999999945,8.235607000000007,32.24911299999998,80.88970100000006,2.211030000000002,12.003012000000012,-31.357673999999992,-4.210201,-19.341236000000013,182.26198999999997
CALHOUN COUNTY CORRECTIONAL CENTER,2025-03-31,78.90727199999999,25.733186999999948,22.237664000000027,7.740594000000003,30.542057999999997,91.37086200000002,2.7861160000000007,9.919680999999985,-2.6559440000000256,-4.846202999999995,-7.962481000000009,150.08333299999998
CALHOUN COUNTY CORRECTIONAL CENTER,2025-04-14,73.21802400000004,31.55611700000002,26.336878000000006,7.388097999999998,34.936024000000025,90.856074,3.0014520000000005,9.705567000000006,10.42286400000002,-0.31442700000000706,17.82700299999999,110.5636770000001
CALHOUN COUNTY CORRECTIONAL CENTER,2025-04-28,94.30841700000006,34.357209999999995,35.59796099999994,9.403091000000002,47.43264200000002,113.16721199999976,3.073021999999997,9.993818000000017,7.696357999999983,7.297055999999998,9.496101000000019,149.1771489999997
CALHOUN COUNTY CORRECTIONAL CENTER,2025-05-12,83.02306699999995,29.765266000000015,39.97132099999999,11.702264999999995,48.221355999999886,104.24936800000016,3.2880620000000005,8.703101999999976,-2.776721999999966,2.9189700000000096,9.281348999999993,155.03832100000025
CALHOUN COUNTY CORRECTIONAL CENTER,2025-05-27,88.23818739999987,27.773711333333328,42.24707833333341,11.053377866666688,55.302508466666765,103.15566673333329,3.000871266666665,7.853291533333352,7.856283733333294,11.828832799999994,21.982653933333342,127.64458346666676
CALHOUN COUNTY CORRECTIONAL CENTER,2025-06-09,112.72884961538469,28.440797692307708,40.419194538461575,14.077117538461502,59.04672346153837,114.19987100000016,6.167181769230778,16.252219923076925,9.844833538461549,8.24216030769232,3.1228426923076906,174.4561412307692
CAMPBELL CO DET CTR,2025-03-31,0.922652,0.436464,0.110497,0.055249,0.281768,1.243094,0,0,0.093923,0.132597,0.055249,1.243094
CAMPBELL CO DET CTR,2025-04-14,16.65168,7.679811999999999,22.471227,7.035606999999999,20.31651,33.52183,0,0,7.394391,5.742900999999999,6.461256999999999,34.239778
CAMPBELL CO DET CTR,2025-04-28,14.272504000000007,9.182036,23.460737,5.093041000000001,24.106636,27.901683,0,0,9.040105,5.236688000000001,8.897055999999997,28.83445499999999
CAMPBELL CO DET CTR,2025-05-12,20.50735599999999,10.253351999999998,20.936503,5.449083,28.61342199999999,28.532857000000003,0,0,6.308633,6.884089999999999,7.887578000000003,36.06599300000001
CAMPBELL CO DET CTR,2025-05-27,30.578018799999995,13.112955666666672,17.856861266666662,6.890715066666667,28.298352266666672,26.483053400000003,1.4728295333333334,12.1843156,4.947770800000001,11.978338666666666,9.299307533333335,42.2131338
CAMPBELL CO DET CTR,2025-06-09,44.30730446153848,15.280522538461538,17.58792069230769,6.017909692307692,29.167779692307686,31.70996546153847,2.316511461538461,19.999400769230768,0.9971521538461554,13.89373969230769,8.56455623076923,59.7382093076923
CAROLINE DETENTION FACILITY,2025-01-06,106.474227,28.505155,54.164948,80.927835,127.360825,131.917526,8.969072,1.824742,56.989691,15.649485,18.505155,178.927835
CAROLINE DETENTION FACILITY,2025-01-21,98.74331693333333,31.08792066666668,66.30153973333333,57.244278,108.49114333333321,128.0188301333333,8.780196266666675,8.086885600000004,30.067885466666667,16.723097999999982,20.726320666666684,185.85974466666667
CAROLINE DETENTION FACILITY,2025-02-18,113.98281560714291,32.23919603571427,72.29889867857148,77.18115449999998,133.74619603571435,147.29847010714275,8.542583071428563,6.114815607142854,38.372161107142865,20.11264285714285,6.39055978571428,230.82669603571426
CAROLINE DETENTION FACILITY,2025-03-03,141.5309977692306,49.90156392307696,81.14342023076908,73.7437658461538,141.48110223076918,189.43325423076917,8.38147230769232,7.0239071538461575,44.73224130769233,-7.386853076923042,32.41208200000004,276.56227653846173
CAROLINE DETENTION FACILITY,2025-03-17,122.79013600000015,62.902750000000005,80.04238100000008,72.39920900000003,145.1025369999999,174.8551620000001,6.270516999999992,11.906259000000002,-20.346991999999968,16.870530999999996,26.624601999999964,314.98633400000006
CAROLINE DETENTION FACILITY,2025-03-31,114.30327499999996,55.18850099999996,87.42256699999987,74.48661899999999,129.1419349999999,182.50738500000028,11.085028999999995,8.666624999999994,11.032653000000014,20.028688999999986,25.179901000000005,275.15973099999974
CAROLINE DETENTION FACILITY,2025-04-14,124.49562900000014,51.222982999999985,86.46958500000008,73.69879499999999,141.777957,178.4550489999999,8.570245000000016,7.08372700000001,54.638220999999966,12.629689,6.5797170000000085,262.03935099999995
CAROLINE DETENTION FACILITY,2025-04-28,119.6062479999998,46.61893600000011,74.82772299999995,72.12191400000003,156.76941400000032,147.85821200000024,-1.1185800000000168,9.665803999999989,28.00247599999992,16.578831000000005,0.6312349999999957,267.96230799999984
CAROLINE DETENTION FACILITY,2025-05-12,109.77228799999986,51.56364399999984,73.45923700000016,71.69406400000013,123.67730600000012,169.09572599999956,7.1384500000000015,6.577719999999999,-12.168229999999962,-0.49834899999999444,0.4264189999999936,318.7293780000005
CAROLINE DETENTION FACILITY,2025-05-27,97.87174273333342,46.03279653333338,71.75312426666655,71.38091479999979,129.05668653333316,142.03758093333357,7.999747733333334,7.944594000000007,51.053939466666634,4.158187066666657,18.87921846666665,212.94723333333337
CAROLINE DETENTION FACILITY,2025-06-09,103.73776269230802,56.68679969230778,76.88410430769237,65.4209278461539,124.12539646153863,160.66343523076927,9.235431384615385,8.705313076923089,3.628983692307744,-5.691631538461514,-9.717703769230726,314.50994615384565
CASS COUNTY JAIL,2025-05-12,0.26009,0.174888,0.376682,0.363229,0.995516,0.125561,0,0.053812,0.242152,0.304933,0.121076,0.506726
CASS COUNTY JAIL,2025-05-27,1.3378366,3.212705466666667,5.688887200000001,3.546645266666666,12.314014266666666,1.3384063333333336,0,0.1336698666666667,1.3379191999999993,3.747728000000001,4.484929199999999,4.215528000000002
CASS COUNTY JAIL,2025-06-09,3.2423436153846157,5.713528769230769,5.866624307692306,1.3878985384615374,11.037034923076922,3.5517496153846153,0,1.621572923076923,-0.6963006153846141,0.07516184615384593,0.3073395384615393,16.524175076923072
"CCA, FLORENCE CORRECTIONAL CENTER",2025-01-06,52.515464,39.71134,141.164948,140.216495,230.639175,142.969072,0,0,105.226804,29.072165,30.71134,208.597938
"CCA, FLORENCE CORRECTIONAL CENTER",2025-01-21,44.47390186666665,50.0821786666667,151.37300640000007,141.71943266666665,239.0224566666669,148.62606293333326,0,0,41.624347200000074,21.959455333333334,12.214445333333334,311.85027173333316
"CCA, FLORENCE CORRECTIONAL CENTER",2025-02-18,49.29991032142857,42.407357142857144,148.1384169285714,138.32114285714286,234.4036611071428,143.76316110714274,0,0,86.82911296428567,27.915059785714284,23.621702642857144,239.80094682142862
"CCA, FLORENCE CORRECTIONAL CENTER",2025-03-03,46.81886376923075,39.99117507692308,147.56396969230767,140.23227938461534,247.4833582307695,127.1229405384617,0,0,32.75087653846164,23.663592153846157,29.320584461538463,288.871233769231
"CCA, FLORENCE CORRECTIONAL CENTER",2025-03-17,48.05588700000011,33.884814000000006,159.01816399999993,160.69449200000003,272.58943999999974,129.063917,0,0,86.91276300000001,27.642445999999968,5.583815999999972,281.5143429999994
"CCA, FLORENCE CORRECTIONAL CENTER",2025-03-31,82.46160199999993,43.94684099999995,159.0043,141.3550109999999,270.82975499999986,155.93799900000002,0,0,-367.151088,-10.13650399999993,17.885760000000055,786.169586
"CCA, FLORENCE CORRECTIONAL CENTER",2025-04-14,132.40559000000005,56.93908500000004,160.28572999999986,145.59122500000012,280.9260009999998,214.2956290000002,0,0,54.214194000000006,11.360017999999984,34.33294399999996,395.3144599999999
"CCA, FLORENCE CORRECTIONAL CENTER",2025-04-28,108.02108899999998,54.20084099999998,167.02257600000016,149.89477400000007,283.26604700000047,195.87323299999974,0,0,7.348179000000008,19.694577000000013,27.939037000000035,424.1575010000005
"CCA, FLORENCE CORRECTIONAL CENTER",2025-05-12,92.56555100000007,51.68234500000004,188.0331900000001,154.553738,353.6990250000002,133.1357990000002,0,0,70.80222299999994,2.19030499999995,26.359263000000023,387.4830169999997
"CCA, FLORENCE CORRECTIONAL CENTER",2025-05-27,90.04312239999987,48.22019753333334,190.3644498666666,153.84425033333318,304.88833786666606,177.58368226666644,0,0,17.654889600000025,19.588985066666705,3.3053979999999985,441.9227624000002
"CCA, FLORENCE CORRECTIONAL CENTER",2025-06-09,85.77295353846169,48.09439884615382,194.5473744615385,163.46211392307697,344.04475076923086,147.83209000000016,0,0,55.328203384615335,-10.050512000000008,34.732929692307714,411.86620030769194
CENTRAL LOUISIANA ICE PROCESSING CENTER (CLIPC),2025-01-06,421.360825,205.690722,356.938144,192.350515,514.783505,661.298969,0.164948,0.092784,160.536082,79.57732,97.072165,839.154639
CENTRAL LOUISIANA ICE PROCESSING CENTER (CLIPC),2025-01-21,377.84207666666674,259.3075496,348.18332586666656,244.61290200000002,569.1477673333333,660.2520691999996,0.6098064000000001,-0.06378880000000015,133.11413093333334,10.501776000000003,-37.926411333333334,1124.2563585333332
CENTRAL LOUISIANA ICE PROCESSING CENTER (CLIPC),2025-02-18,402.21201824999997,227.5511312142857,334.56701164285704,211.9017441785714,521.5323986785713,654.0236727499998,0.642684392857143,0.03315450000000001,96.88323253571421,51.3399103214286,29.108511642857138,998.9002558214286
CENTRAL LOUISIANA ICE PROCESSING CENTER (CLIPC),2025-03-03,416.56205884615395,238.30037446153858,309.9606173846153,232.58456469230748,526.8010023846157,665.0343562307692,2.0884846923076923,3.483737538461538,40.784966692308025,22.405185923076854,68.22433846153847,1065.9931134615383
CENTRAL LOUISIANA ICE PROCESSING CENTER (CLIPC),2025-03-17,386.052486,260.4692189999997,308.90985999999975,237.62639700000025,515.2435970000006,681.7713259999998,-0.721304,-3.235647,6.0827269999998475,15.216237000000026,10.580055000000097,1161.1789310000001
CENTRAL LOUISIANA ICE PROCESSING CENTER (CLIPC),2025-03-31,409.2764070000007,255.61763000000013,320.5094480000007,233.430036,503.68656499999946,714.0718870000003,0.7880729999999997,0.286995,53.24673599999993,45.92863499999995,22.915734999999977,1096.7424270000006
CENTRAL LOUISIANA ICE PROCESSING CENTER (CLIPC),2025-04-14,396.2110809999992,253.0776579999999,316.65168000000006,231.0400999999999,482.4495249999995,713.3846429999996,-0.7917569999999995,1.9380930000000003,56.17540800000019,36.82093299999997,87.13296299999989,1016.8511869999992
CENTRAL LOUISIANA ICE PROCESSING CENTER (CLIPC),2025-04-28,396.6516920000005,240.35432999999986,318.679204,213.29787999999982,459.07829700000104,703.2326420000006,0.7880069999999998,5.884188,-25.383978000000102,26.069816000000042,27.04338800000005,1141.2539080000008
CENTRAL LOUISIANA ICE PROCESSING CENTER (CLIPC),2025-05-12,406.5608999999999,230.22913800000035,309.93921599999885,200.09454800000043,415.34650499999924,735.355884,-0.7907669999999999,-3.08782,80.09921399999985,15.899607999999976,44.64331000000012,1006.1816699999991
CENTRAL LOUISIANA ICE PROCESSING CENTER (CLIPC),2025-05-27,394.2057317999997,228.67319226666635,313.90040080000085,187.5048802666662,394.19223020000015,724.7388628666657,1.3378022666666667,4.015325733333335,17.905333733333585,20.802871866666706,15.68314413333319,1069.8928713333328
CENTRAL LOUISIANA ICE PROCESSING CENTER (CLIPC),2025-06-09,397.1112039230771,228.54374553846216,311.3629421538465,181.12089261538495,391.3361586923084,719.3150090000015,0.07589553846153872,7.411702615384612,55.21145523076904,51.62172692307691,65.49606569230785,945.8095180000013
CHASE COUNTY JAIL,2025-01-06,13.927835,15.175258,32.835052,17.247423,45.216495,26.226804,5.309278,2.43299,17.319588,7.381443,8.608247,45.876289
CHASE COUNTY JAIL,2025-01-21,16.52054466666667,18.133914400000002,25.941660266666684,15.624569733333328,39.9092993333333,29.09848053333335,3.9436504000000014,3.26926533333333,18.8293584,9.027905733333334,6.798386266666671,41.565045199999986
CHASE COUNTY JAIL,2025-02-18,25.995142857142866,19.829654500000004,35.847857142857166,19.640500000000007,55.350297357142836,35.524089678571436,6.749499999999999,3.689267464285714,8.175154500000003,11.700511642857148,7.450059785714286,73.98742857142858
CHASE COUNTY JAIL,2025-03-03,32.565203692307655,29.469387230769232,40.35741307692297,19.241749230769248,53.041402307692316,59.974407461538426,4.3002241538461545,4.317731153846156,-15.355270615384615,2.964605076923065,-3.305386923076937,137.32981753846155
CHASE COUNTY JAIL,2025-03-17,31.940432000000037,23.032835999999993,38.45900500000003,18.576693999999957,54.11256200000006,50.47277999999999,3.273341,4.150284999999997,2.867987999999985,3.9763200000000034,4.268174000000012,100.896474
CHASE COUNTY JAIL,2025-03-31,38.46346599999996,22.59682000000001,36.012302999999974,23.028919000000023,62.15039800000003,51.388584,3.4907200000000023,3.0717940000000072,7.186755000000013,8.79214300000001,13.895185999999999,90.22741099999998
CHASE COUNTY JAIL,2025-04-14,38.23280199999999,24.316239999999976,36.58489900000008,22.23500899999999,60.63136399999998,53.67126000000001,1.0510300000000012,6.015323999999997,20.759933000000014,-23.15750300000002,6.423067999999993,117.34347900000012
CHASE COUNTY JAIL,2025-04-28,45.182487999999985,31.560964000000013,37.58787799999995,16.059993000000013,58.829081999999936,61.26554399999999,2.991552999999994,7.305146000000003,15.945216999999989,7.581307000000022,14.462081000000012,92.40273399999998
CHASE COUNTY JAIL,2025-05-12,38.352396000000034,38.728200000000015,34.42886800000003,15.84618699999997,64.77878400000009,51.420527999999976,2.562124999999997,8.594167999999993,-9.240749000000019,-8.635187000000005,-17.18339100000001,162.41493199999994
CHASE COUNTY JAIL,2025-05-27,41.67248006666669,34.72489386666669,35.538223466666686,13.64783506666666,64.18752573333332,52.660890666666695,1.2530104000000089,7.482004666666664,-1.1856237333333108,-5.174872266666679,4.1910604666666735,127.75289886666651
CHASE COUNTY JAIL,2025-06-09,51.17906576923073,28.56579661538455,31.44968399999995,12.362777076923102,51.07307153846145,63.404450461538474,1.4502006153846092,7.629619230769243,4.591826769230745,10.486758153846171,-4.3495306923076935,112.82823146153868
CHIPPEWA COUNTY SSM,2025-01-06,5.154639,1.298969,6.103093,5.525773,11.164948,6.917526,0,0,8.587629,0.546392,1.247423,7.701031
CHIPPEWA COUNTY SSM,2025-01-21,13.270758533333332,4.651535866666666,8.279525733333337,8.375083066666669,12.634339733333324,21.94256346666667,0,0,6.993357199999999,2.517172266666667,2.4571030666666664,22.609264133333326
CHIPPEWA COUNTY SSM,2025-02-18,13.048916928571433,4.687732535714288,7.871059785714282,7.034875392857141,12.280815607142861,20.361774071428574,0,0,7.633589678571432,1.9906727499999997,2.3029169285714297,20.71541032142857
CHIPPEWA COUNTY SSM,2025-03-03,16.59697661538462,8.888757769230766,11.028205999999999,8.321933769230764,13.861208538461543,30.974654769230764,0,0,7.301680538461544,3.0127894615384605,3.5512278461538425,30.970165461538464
CHIPPEWA COUNTY SSM,2025-03-17,16.979960999999985,16.581541000000005,4.987712000000004,4.058013000000001,9.845873999999997,32.761341,0,0,-28.935037000000015,-4.246757999999998,0.7799340000000013,75.00907600000002
CHIPPEWA COUNTY SSM,2025-03-31,15.03279000000001,12.762304999999994,5.205073000000003,3.4854879999999997,9.775800999999985,26.709867,0,0,3.9941530000000074,2.006884999999999,2.289108000000003,28.195521999999983
CHIPPEWA COUNTY SSM,2025-04-14,14.453715999999986,10.673349000000005,7.719228999999992,2.9850180000000006,12.361831000000036,23.46946699999999,0,0,3.994975000000003,2.005885,-5.967782000000004,35.79822000000003
CHIPPEWA COUNTY SSM,2025-04-28,26.148908000000006,9.951561999999983,6.641998000000009,3.489401000000011,9.131541999999984,37.10035600000002,0,0,4.354506999999996,-4.956612,2.5781360000000006,44.25586699999998
CHIPPEWA COUNTY SSM,2025-05-12,16.381337999999978,7.150480000000016,7.2161160000000075,4.279984999999995,8.558977999999993,26.46892599999998,0,0,3.0633729999999963,1.0020620000000002,3.2230300000000023,27.739438999999948
CHIPPEWA COUNTY SSM,2025-05-27,18.89846513333335,4.930727666666659,8.80825286666665,3.993757599999996,10.128960266666672,26.50225893333333,0,0,4.3315357333333395,2.139896333333333,3.6762578666666665,26.483513333333335
CHIPPEWA COUNTY SSM,2025-06-09,28.8369356153846,3.839518846153851,7.000163923076938,3.9944627692307746,8.991591076923074,34.67947169230767,0,0,5.001080923076922,-0.31157330769230807,3.0058606153846155,35.97571292307692
CHITTENDEN REGIONAL CORRECTIONAL FACILITY,2025-01-06,1.103093,0,0,0,0,0,0,1.103093,0,0,0,1.103093
CHITTENDEN REGIONAL CORRECTIONAL FACILITY,2025-01-21,3.038459066666667,0.24106666666666668,0,0,0,0,0.24106666666666668,3.038459066666667,0,0,0,3.2795257333333323
CHITTENDEN REGIONAL CORRECTIONAL FACILITY,2025-02-18,1.9570896785714282,0.014732535714285708,0.035970107142857144,0,0,0,0.15861296428571428,1.849184392857143,0,0,0,2.007797357142858
CHITTENDEN REGIONAL CORRECTIONAL FACILITY,2025-03-03,4.403611461538461,-0.0001796153846153486,-4.7615384615378856e-05,0,0,0,-0.0003700769230767957,4.40374346153846,0,0,0,4.403373384615382
CHITTENDEN REGIONAL CORRECTIONAL FACILITY,2025-03-31,3.509805,-0.00014850000000001171,-3.5499999999997834e-05,0,0,0,0.10744049999999998,3.4021805,0,0,0,3.5096209999999997
CHITTENDEN REGIONAL CORRECTIONAL FACILITY,2025-04-14,3.7230779999999988,-0.00010500000000002174,-3.3000000000013176e-05,0,0,0.143584,0.502263,3.0770929999999987,0,0,0.21539,3.507550000000001
CHITTENDEN REGIONAL CORRECTIONAL FACILITY,2025-04-28,5.157307000000003,0.8611430000000001,-1.6999999999997178e-05,0,0,-4.899999999999746e-05,1.1478729999999995,4.870593999999999,0,0,0.6458500000000001,5.372568000000001
CHITTENDEN REGIONAL CORRECTIONAL FACILITY,2025-05-12,4.868495,0.3583950000000001,-3.100000000000325e-05,0,0,-3.100000000001911e-05,0.7167590000000007,4.510162000000008,0,0.143504,-0.8612400000000001,5.9446259999999995
CHITTENDEN REGIONAL CORRECTIONAL FACILITY,2025-05-27,6.617284200000002,1.2046596,0.20083046666666662,0,0,0.2007904,0.534745133333333,7.2872078666666615,0,-0.13393706666666666,0.3347274666666667,7.821953
CHITTENDEN REGIONAL CORRECTIONAL FACILITY,2025-06-09,5.858513923076919,1.1577733846153841,0.30885561538461537,0,0,-8.246153846151845e-05,0.07635900000000034,7.248884769230769,0,0,-0.1545390769230769,7.479700384615381
CIBOLA COUNTY CORRECTIONAL CENTER,2025-01-06,143.731959,17.835052,0.134021,0.742268,14.309278,148.134021,0,0,0.28866,0.701031,7.85567,153.597938
CIBOLA COUNTY CORRECTIONAL CENTER,2025-01-21,128.03280120000005,10.700593600000017,2.1377294666666673,-0.38975093333333366,16.198050399999996,124.28332946666657,0,0,-1.8859120000000003,-4.0376692,3.579222666666669,142.82573840000003
CIBOLA COUNTY CORRECTIONAL CENTER,2025-02-18,162.1246544999999,11.588988357142844,0.5079103214285714,0.27258967857142885,11.955815607142856,162.53832725000004,0,0,0,0.03315450000000001,-5.096981749999998,179.55797010714286
CIBOLA COUNTY CORRECTIONAL CENTER,2025-03-03,149.1763244615389,1.7547240000000015,-0.0027580769230773137,-0.00345161538461652,2.076144846153843,148.84869392307687,0,0,0,0.618982153846154,-7.541858076923081,157.84771469230776
CIBOLA COUNTY CORRECTIONAL CENTER,2025-03-17,171.94008399999984,94.90629900000002,4.883917000000001,2.5839360000000005,11.20340000000002,263.11083599999984,0,0,4.670664,2.011311,4.576134000000001,263.05612699999983
CIBOLA COUNTY CORRECTIONAL CENTER,2025-03-31,199.92724299999983,115.08654499999999,13.498555000000001,9.764312000000002,52.072483999999996,286.20418400000045,0,0,22.406685000000003,7.755420000000001,19.011886999999994,289.10268900000017
CIBOLA COUNTY CORRECTIONAL CENTER,2025-04-14,226.16333500000033,130.16129900000007,57.21159299999999,30.793024000000003,91.52874,351.508214,1.2923120000000001,0,32.512390999999994,11.267464,32.78452500000001,367.7648589999998
CIBOLA COUNTY CORRECTIONAL CENTER,2025-04-28,197.40461200000001,123.77604799999997,57.24544400000002,26.394933000000005,85.37656599999998,319.44489500000003,-0.00045199999999999207,0,36.29541999999999,13.772294,24.942580000000003,329.8107290000002
CIBOLA COUNTY CORRECTIONAL CENTER,2025-05-12,153.5421579999997,114.32435200000002,49.824483999999984,24.659230999999995,72.85395400000003,269.49665899999985,-0.0003880000000001819,0,17.406312000000007,9.460074,8.860107999999984,306.6237310000002
CIBOLA COUNTY CORRECTIONAL CENTER,2025-05-27,116.88757906666676,103.30556759999988,40.11899713333332,22.066307333333345,66.42523619999999,215.9535189333333,-0.0003358666666665992,0,6.129353599999998,11.034280066666671,0.701806800000016,264.5129787999996
CIBOLA COUNTY CORRECTIONAL CENTER,2025-06-09,86.95277676923041,92.86320538461558,31.533216846153838,17.96573030769229,54.555402538461536,174.75988246153878,-0.00029953846153838104,0,-0.4913446153846053,-0.7084505384615516,-0.8804641538461581,231.39524476923094
CIMMARRON CORR FACILITY,2025-03-17,17.05988,3.670659,0.311377,0,3.245509,17.796407,0,0,0.646707,0.628743,1.137725,18.628743
CIMMARRON CORR FACILITY,2025-03-31,236.85050299999997,58.946568,-2.3000630000000006,0,48.10362099999998,245.393387,0,0,9.261611999999998,9.333543,14.071060999999998,260.830781
CIMMARRON CORR FACILITY,2025-04-14,260.082223,73.76449799999999,-0.0005649999999999267,0,60.704115000000016,273.14204100000006,0,0,6.167644000000002,9.470254999999996,11.763421000000003,306.444809
CIMMARRON CORR FACILITY,2025-04-28,205.59752400000005,58.64772600000002,0.5736689999999999,0,45.954295999999985,218.864623,0,0,-4.457679999999998,0.8522410000000004,-2.023061999999998,270.4474339999998
CIMMARRON CORR FACILITY,2025-05-12,166.68840599999996,52.665044000000016,5.5240670000000005,6.7444,54.686484,173.99373699999992,0,2.941712,14.128932,-3.9543150000000002,-5.535864000000004,226.98317999999992
CIMMARRON CORR FACILITY,2025-05-27,100.74066426666663,33.12996546666663,15.194940933333331,12.383379399999997,46.931399066666714,114.5183145333335,0,-0.0007784666666665885,-3.422920800000005,-2.817871599999997,-3.288774000000001,170.97850153333349
CIMMARRON CORR FACILITY,2025-06-09,153.2565181538462,48.965237384615435,33.280382307692314,19.071034230769232,84.57387523076922,169.9227296923074,0,0.07654776923076903,19.223347384615384,2.698308461538462,15.748184769230773,216.90331207692333
CLARK COUNTY JAIL (IN),2025-04-28,2.014354,0.813397,0.751196,0.818182,0.172249,0.488038,1.148325,2.588517,0.722488,0.23445,0.315789,3.124402
CLARK COUNTY JAIL (IN),2025-05-12,42.466305999999996,20.014293000000002,12.337435999999999,10.041174,6.384872999999999,13.056118000000001,21.663013,43.755205000000004,8.534872000000002,7.2455859999999985,9.254189,59.824546
CLARK COUNTY JAIL (IN),2025-05-27,40.75149933333333,23.556801466666666,11.240860066666668,8.898055866666663,9.838820733333336,18.003319933333334,16.86037293333333,39.74470313333333,7.024325466666668,6.290165733333334,9.703608866666666,61.429131599999984
CLARK COUNTY JAIL (IN),2025-06-09,51.63941276923078,27.55754600000001,10.958286076923077,7.792760461538465,11.73433946153846,29.41521546153846,19.294111538461546,37.50433884615383,8.334522000000002,8.259470923076927,11.655971615384614,69.69802138461539
CLAY COUNTY JUSTICE CENTER,2025-01-06,45.257732,30.783505,89.969072,62.536082,135.123711,80.979381,7.381443,5.061856,52.56701,20.680412,18.206186,137.092784
CLAY COUNTY JUSTICE CENTER,2025-01-21,32.407884266666706,22.108833999999995,78.51032959999999,59.40159759999994,115.38855480000008,58.29364413333333,8.60603906666667,10.14040746666667,-64.34286533333336,-33.201091733333335,-8.297481866666642,298.27007786666667
CLAY COUNTY JUSTICE CENTER,2025-02-18,55.55570264285711,26.881059785714278,92.0190415357143,67.84632725000003,154.4611545,74.35235714285714,7.718089678571427,5.770529892857143,25.979500000000012,19.106131214285718,18.70505978571428,178.5114402142856
CLAY COUNTY JUSTICE CENTER,2025-03-03,85.79731092307702,32.40617907692307,104.7164145384616,70.66347684615386,149.15674369230777,120.35683892307694,10.093260692307695,13.976538076923081,-18.577705692307692,-4.121793999999996,2.144137230769222,314.1387438461542
CLAY COUNTY JUSTICE CENTER,2025-03-17,98.50718199999996,31.800201000000015,99.3385039999999,60.69530899999999,135.27004900000014,134.749173,11.162922000000012,9.159063999999992,53.566829,25.790096000000013,30.021805000000022,180.9624659999998
CLAY COUNTY JUSTICE CENTER,2025-03-31,105.28506899999995,32.875308000000004,91.50159999999998,57.968968000000004,133.76417499999974,141.16365200000004,7.065903,5.6372029999999995,30.633835000000026,-13.006152000000027,18.300186999999987,251.7030750000002
CLAY COUNTY JUSTICE CENTER,2025-04-14,84.71081499999998,30.86245199999998,76.85521999999999,50.07599599999997,119.55189299999984,114.69913599999992,3.9795129999999808,4.273927000000007,36.163334999999925,1.8049919999999864,2.575047000000008,201.96110899999985
CLAY COUNTY JUSTICE CENTER,2025-04-28,92.08448000000006,33.66077100000003,88.7071529999999,55.10886900000008,133.3439870000002,126.7394399999999,5.991827000000009,3.4860179999999934,44.916587000000035,21.692360999999988,22.392733999999987,180.55960599999995
CLAY COUNTY JUSTICE CENTER,2025-05-12,95.724092,38.46570100000002,95.81118300000033,58.77233499999992,143.3904849999999,131.52552400000008,9.006309000000003,4.851008000000012,4.873239000000012,5.973135000000021,-1.5041160000000022,279.4310540000001
CLAY COUNTY JUSTICE CENTER,2025-05-27,116.35379226666676,37.89692313333332,90.33280706666652,64.21098806666669,143.8980810000001,148.68642393333332,6.26072713333333,9.949278466666662,45.2575867333333,20.369971600000007,8.77664406666666,234.39029319999972
CLAY COUNTY JUSTICE CENTER,2025-06-09,117.4310098461539,32.003500076923046,86.0594835384615,69.33780946153848,133.06184407692322,153.6766702307695,8.773909923076925,9.319359307692313,-34.418824999999956,-31.63536230769233,12.60984176923078,358.2761484615386
CLINTON COUNTY CORRECTIONAL FACILITY,2025-01-21,2.144,22.864,36.896,16.36,72.488,2.992,2.008,0.776,40.496,15.888,0.664,21.216
CLINTON COUNTY CORRECTIONAL FACILITY,2025-02-18,2.5339103214285714,23.83661296428571,36.12481560714283,15.913981750000014,72.29664285714287,3.032285714285714,2.0036843928571426,1.0767026428571427,-18.653500000000026,-0.2377973571428567,2.032274071428571,95.26833889285716
CLINTON COUNTY CORRECTIONAL FACILITY,2025-03-03,6.179548846153846,23.77388269230771,32.665837307692314,12.281786538461521,65.64813984615382,5.24534369230769,1.9999523846153868,2.007618461538463,19.323399384615396,16.95077953846154,4.174878923076921,34.45199653846157
CLINTON COUNTY CORRECTIONAL FACILITY,2025-03-17,6.451764000000002,30.32863899999997,35.27904499999996,16.790804999999995,75.018713,8.244373999999997,3.149656000000001,2.4375089999999977,40.35956,16.951812,5.166413999999999,26.372465999999935
CLINTON COUNTY CORRECTIONAL FACILITY,2025-03-31,7.525517,27.37724400000002,34.34638000000008,19.016541000000025,75.23128300000008,8.598839000000007,2.214908999999998,2.2206629999999996,20.66856999999995,-41.587686,-0.22396899999999675,109.40877900000007
CLINTON COUNTY CORRECTIONAL FACILITY,2025-04-14,7.306472999999999,25.43589600000002,28.317159999999994,20.952628999999984,67.47499099999979,9.456434999999999,3.0045649999999973,2.0761670000000003,6.890532000000023,8.209524000000004,2.362034999999998,64.55006699999993
CLINTON COUNTY CORRECTIONAL FACILITY,2025-04-28,9.385029999999997,28.162194,27.748341999999997,17.289123999999997,64.39221600000006,12.682374999999995,3.865189000000003,1.6448950000000013,44.22576500000001,14.525942999999984,6.236980000000001,17.596002000000095
CLINTON COUNTY CORRECTIONAL FACILITY,2025-05-12,15.264948000000004,25.074550000000013,22.156634000000004,18.508409999999976,57.078410000000076,15.188615000000011,6.160153000000004,2.5773789999999996,-58.24205099999998,-10.589409000000014,-2.877981999999999,152.71399999999994
CLINTON COUNTY CORRECTIONAL FACILITY,2025-05-27,14.70883893333333,27.747265999999946,23.889918599999934,23.695781933333365,65.31114713333336,14.905704933333315,6.617099599999999,3.207869733333337,28.357477600000006,-12.553449266666652,0.46233033333333345,73.77544780000001
CLINTON COUNTY CORRECTIONAL FACILITY,2025-06-09,17.27846153846155,30.639254615384605,22.417123769230855,19.934010076923048,55.55693976923067,22.2175453846154,6.012806615384613,6.481520461538458,24.46755046153843,1.362695615384627,3.1606982307692286,61.27786792307681
CLINTON COUNTY JAIL,2025-01-06,0.226804,0.278351,1.556701,0.154639,0.453608,0.453608,0.546392,0.762887,0.587629,0,0.030928,1.597938
CLINTON COUNTY JAIL,2025-01-21,5.629680533333333,-0.19135986666666677,2.4252868,0.37582519999999986,0.29082773333333356,-0.010505599999999997,1.3118389333333336,6.647271600000001,1.162957200000001,0,-0.20206293333333333,7.2785384
CLINTON COUNTY JAIL,2025-02-18,3.4920714285714283,0.6030298928571428,1.8489701071428581,0.3005415357142857,0.41473253571428564,0.32437539285714273,0.8379169285714286,4.667583071428572,0.7733454999999998,0,0,5.471267464285715
CLINTON COUNTY JAIL,2025-03-03,7.0362789230769245,1.3143271538461538,2.001910846153847,0.15349176923076924,1.003737307692308,0.8492186923076921,1.002053692307692,7.651009846153849,1.3117595384615386,0,0.6194116923076923,8.574837461538454
CLINTON COUNTY JAIL,2025-03-17,5.090289,2.153417,2.0016059999999976,-0.001206000000000072,0.2845719999999992,2.368745,4.163402,2.4273749999999916,0.7141419999999995,0,9.772132,-1.2421799999999945
CLINTON COUNTY JAIL,2025-03-31,6.092895999999996,1.0026160000000002,2.001361000000003,-0.001024999999999768,-0.002553999999999438,2.151485,2.0055240000000003,4.9413790000000075,1.0014539999999994,0,1.0007639999999998,7.093629000000005
CLINTON COUNTY JAIL,2025-04-14,4.151348000000005,1.9355639999999983,2.360137000000001,0.28629500000000035,0.5003839999999998,1.2169270000000003,2.004736000000002,5.011336999999993,1.001248,0,1.0006500000000014,6.7314589999999965
CLINTON COUNTY JAIL,2025-04-28,2.212412999999994,2.795888000000001,2.0008749999999957,0.2144519999999999,1.2898040000000006,0.4270769999999991,2.2911799999999993,3.215553,1.0010839999999999,0.287085,1.2876509999999988,4.647822999999993
CLINTON COUNTY JAIL,2025-05-12,4.149875000000009,2.5076040000000006,2.0007750000000044,-0.000806000000000243,0.21306199999999972,1.4317670000000018,3.0079839999999973,4.0046349999999995,1.000946000000001,1.004387,0.7134109999999997,5.938673000000002
CLINTON COUNTY JAIL,2025-05-27,2.8005177333333298,1.2012088666666672,2.00067073333333,-0.0007200000000002168,-0.0019856000000004316,0.39847840000000095,2.2036472666666667,3.4015532000000044,1.0008219999999994,-1.2053738666666665,1.000427666666667,5.20581646666667
CLINTON COUNTY JAIL,2025-06-09,1.7655779999999963,0.45967653846153883,2.0006174615384635,0.46274246153846177,0.478088,0.561753,2.0024429999999973,1.9957955384615371,1.464122923076924,0.219124,1.000400384615386,2.224110538461542
COASTAL BEND DETENTION FACILITY,2025-01-06,0.525773,0.835052,0.195876,0.051546,0.824742,0.587629,0,0.195876,0.072165,0.051546,0.020619,1.463918
COASTAL BEND DETENTION FACILITY,2025-01-21,2.290283066666666,3.7048602666666652,0.7090768000000002,0.08509946666666668,2.4463522666666675,3.0312238666666667,0.24106666666666668,1.0706768000000002,0.010655333333333298,0.02483280000000002,0.5884892,6.165335733333334
COASTAL BEND DETENTION FACILITY,2025-02-18,0.7815830714285715,2.7180830714285724,0.3373753928571429,0.0257857142857143,1.5939285714285703,1.8587142857142867,0.014732535714285708,0.3954468214285714,-0.07844021428571428,-0.01386878571428572,0.008232535714285711,3.946898678571427
COASTAL BEND DETENTION FACILITY,2025-03-03,2.395205230769231,6.648717076923077,0.3078902307692306,0.2319450769230769,3.321790923076927,5.025495538461537,0.15467330769230772,1.081820538461538,1.3934372307692304,-0.00022723076923076164,-0.0005139230769231062,8.191072384615385
COASTAL BEND DETENTION FACILITY,2025-03-17,0.6413090000000007,5.4494199999999955,0.6450180000000003,0.6463150000000001,2.794416999999998,3.943525000000002,0.071616,0.5725050000000002,-0.8631809999999999,0.07165600000000001,0.286995,7.886579999999997
COASTAL BEND DETENTION FACILITY,2025-03-31,14.718883,5.661654000000007,8.904364,3.2314189999999994,7.677046,23.692592999999995,0.14342000000000002,1.003275000000001,3.0880430000000003,1.5080869999999997,1.2205080000000004,26.699707000000007
COASTAL BEND DETENTION FACILITY,2025-04-14,30.933627000000005,15.423068,15.143721999999999,6.675108999999999,19.159315999999997,47.439285000000005,-0.00025600000000000227,1.5771549999999988,4.952306999999999,4.809491,6.891392000000001,51.522308999999986
COASTAL BEND DETENTION FACILITY,2025-04-28,35.72241499999999,15.486000999999996,13.770415000000002,4.445913,17.783897999999997,37.00245899999998,3.372989,11.265398000000003,4.303203999999999,1.2177860000000007,7.748064999999999,56.155688000000005
COASTAL BEND DETENTION FACILITY,2025-05-12,47.54201900000002,18.77923300000001,18.427039000000004,5.950455000000001,22.223588000000007,58.58061900000002,0.8597830000000002,9.034755999999996,6.740461999999998,4.087307999999999,7.3133149999999985,72.55766000000001
COASTAL BEND DETENTION FACILITY,2025-05-27,6.9258334666666395,7.543400799999987,2.8629537999999988,0.46293340000000094,6.1369626,9.59138239999999,0.2665017999999994,1.8002746666666667,0.1286828666666679,0.46546360000000014,0.26142299999999824,16.93958286666666
COASTAL BEND DETENTION FACILITY,2025-06-09,0.9696940000000303,3.2225661538461563,0.06251915384614921,0.1492959230769202,2.295690846153845,1.9620664615384926,-0.0011971538461527697,0.1475344615384634,-0.004667923076921782,-0.23461523076923202,-0.005724999999997111,4.649084384615365
COLLIER COUNTY NAPLES JAIL CENTER,2025-01-06,4.556701,2.164948,2.154639,2.082474,5.969072,4.515464,0.14433,0.329897,0.226804,0.123711,0.484536,10.123711
COLLIER COUNTY NAPLES JAIL CENTER,2025-01-21,4.581553466666662,2.1879397333333355,2.556625200000002,0.07503653333333395,2.525796266666665,7.38216853333333,-0.038956000000000185,-0.4678604,-0.2161861333333332,0.2765547999999999,-0.5741685333333336,9.914954799999995
COLLIER COUNTY NAPLES JAIL CENTER,2025-02-18,6.272142857142861,1.7896013214285702,2.9950116428571425,1.699458464285714,7.070196035714288,5.3837441785714315,0.1991312142857144,0.1031428571428572,0.11332724999999996,0.1742142857142857,0.19436878571428576,12.274303964285716
COLLIER COUNTY NAPLES JAIL CENTER,2025-03-03,13.440069999999992,2.154243769230771,3.8558352307692303,2.4659080769230743,9.253046538461534,11.116690692307692,0.8507952307692306,0.695524615384615,-0.07845330769230795,-0.0009792307692308645,0.23022569230769216,21.765275769230776
COLLIER COUNTY NAPLES JAIL CENTER,2025-03-17,11.247774999999999,1.8556989999999993,3.506044000000003,0.8512010000000032,8.586158999999993,7.727488000000002,0.3581139999999997,0.7889700000000001,0.35846300000000014,0.07103900000000023,0.5011460000000001,16.530083999999988
COLLIER COUNTY NAPLES JAIL CENTER,2025-03-31,6.430446000000002,1.927746000000005,2.3559429999999963,0.636650000000003,6.285541000000015,4.996159999999991,-0.0011619999999997585,0.07023400000000025,-0.288157,0.573854,-0.07360199999999953,11.138679000000009
COLLIER COUNTY NAPLES JAIL CENTER,2025-04-14,8.081453999999992,1.7842819999999944,4.007389000000005,1.355485999999997,8.00863699999999,6.719794000000012,0.2143979999999997,0.28579600000000027,-0.07242300000000006,-0.5752039999999999,0.21387199999999953,15.662367000000001
COLLIER COUNTY NAPLES JAIL CENTER,2025-04-28,9.084899999999996,0.7079140000000004,2.3556879999999945,0.8533250000000001,5.423757000000007,6.360204000000002,0.2143720000000004,1.0034800000000001,0.3583420000000001,0.14300099999999993,0.9316540000000002,11.568831000000014
COLLIER COUNTY NAPLES JAIL CENTER,2025-05-12,11.235680000000018,2.071946000000001,2.2841240000000034,1.3560390000000015,7.2898289999999895,8.297037999999995,0.7166199999999999,0.6443020000000003,0.28643400000000013,1.219217,0.4290079999999991,15.01311499999997
COLLIER COUNTY NAPLES JAIL CENTER,2025-05-27,9.143365466666667,1.3976163333333338,3.135504199999999,0.997528266666662,6.9354614,7.27232573333334,0.13292473333333324,0.33330239999999944,-0.20140940000000002,-1.1388805333333332,-0.47004706666666607,16.484335333333334
COLLIER COUNTY NAPLES JAIL CENTER,2025-06-09,9.00838507692307,0.9963066923076946,1.997398538461539,0.6888901538461553,4.299137769230776,7.853494307692297,0.15358284615384632,0.3847849230769235,0.5401585384615383,0.46298338461538463,1.1573044615384611,10.530552461538473
CORR. CTR OF NORTHWEST OHIO,2025-03-31,0.624309,0.635359,1.165746,0.502762,1.447514,1.254144,0.104972,0.121547,0.723757,0.116022,0.524862,1.563536
CORR. CTR OF NORTHWEST OHIO,2025-04-14,21.319879000000004,7.319827000000001,12.917094,4.376912000000002,15.715656000000005,19.019205999999997,1.0045979999999999,10.194253000000002,7.103977,2.0814540000000004,6.530637999999998,30.217616
CORR. CTR OF NORTHWEST OHIO,2025-04-28,34.94209399999999,7.315246,13.411458000000007,5.666127000000001,18.504936999999995,27.906587,1.7216710000000002,13.201716,7.171387,3.73083,4.086341,46.346365999999996
CORR. CTR OF NORTHWEST OHIO,2025-05-12,67.065962,7.813788000000001,13.404637999999993,4.443470999999998,20.002077000000003,53.36227100000001,2.0077510000000003,17.35576,10.181266999999995,4.302742,3.1517510000000004,75.09211400000001
CORR. CTR OF NORTHWEST OHIO,2025-05-27,62.35986846666666,4.142636266666667,16.588398999999995,3.007088533333335,15.981111933333342,50.38030526666668,2.9440585999999986,16.792516466666665,7.756928266666667,6.691626133333335,-4.156117466666666,75.8055394
CORR. CTR OF NORTHWEST OHIO,2025-06-09,69.53756407692309,6.633535076923076,10.486247000000004,3.006294769230766,14.575331153846141,55.951608999999976,3.3187080769230763,15.817992692307694,6.16853292307693,5.247228615384612,-6.3365884615384624,84.58448623076923
CUMBERLAND COUNTY JAIL,2025-01-06,5.690722,0.371134,14.113402,13.14433,18.896907,11.14433,0.56701,2.71134,11.14433,0.164948,3.175258,18.835052
CUMBERLAND COUNTY JAIL,2025-01-21,8.98488293333334,2.9992578666666665,28.747640266666682,20.97651066666666,25.037274266666675,26.93171066666667,1.2374013333333334,8.501912,5.838377333333331,1.5740730666666665,11.136047733333335,43.15979359999999
CUMBERLAND COUNTY JAIL,2025-02-18,9.18827407142857,1.086887035714286,23.039815607142852,20.66712460714286,22.16942857142856,21.958981749999996,2.5681312142857142,7.285559785714286,13.943416928571432,1.6008571428571428,5.545601321428571,32.89222592857144
CUMBERLAND COUNTY JAIL,2025-03-03,10.718165846153834,3.711263615384613,34.03078930769229,28.23673776923075,26.812167692307693,28.317424384615396,8.742359692307692,12.825004769230768,4.650193538461526,4.331929384615384,-0.6487646923076839,68.36359830769226
CUMBERLAND COUNTY JAIL,2025-03-17,12.604363000000003,2.2213240000000036,30.282376999999997,20.667372000000018,22.29486599999999,26.77785899999997,8.325226999999996,8.377484000000006,-52.446637,3.587337000000003,-8.86263200000001,123.49736800000008
CUMBERLAND COUNTY JAIL,2025-03-31,12.383793,2.6511719999999963,31.42102000000003,15.923247999999992,19.564154000000013,27.98901400000003,6.0207790000000045,8.805273,15.053401000000017,-2.232811000000002,4.652029000000003,44.906600999999945
CUMBERLAND COUNTY JAIL,2025-04-14,10.656894999999995,3.8704919999999987,35.79132999999998,24.539393999999998,23.657526000000026,28.698282,7.1665009999999985,15.335800999999995,-0.031193000000013984,4.016007000000002,7.019954999999998,63.853355000000064
CUMBERLAND COUNTY JAIL,2025-04-28,10.870319000000011,4.012236000000006,38.29296099999998,27.189611000000014,30.617268999999983,28.977941000000005,6.804498,13.965448000000006,14.039973999999997,5.018643999999999,10.534019,50.772519999999986
CUMBERLAND COUNTY JAIL,2025-05-12,9.43368899999999,2.3604879999999957,34.33690900000004,21.443842999999983,23.93887500000002,25.743050999999955,5.79765,12.095353999999995,10.447502000000002,-0.00610799999999959,1.7046370000000073,55.428883999999925
CUMBERLAND COUNTY JAIL,2025-05-27,8.801865933333328,2.001425066666669,40.40369113333333,21.14550133333332,24.54491866666667,25.95951046666669,6.346107133333332,15.50193226666667,17.378971333333343,-4.959426866666669,8.754339599999987,51.17858446666675
CUMBERLAND COUNTY JAIL,2025-06-09,7.998455615384623,2.001274153846155,45.7761779230769,21.010282153846184,25.3210686153846,26.332437153846165,7.4773929999999975,17.655291076923067,14.181726000000008,3.008414384615387,-2.8736050769230745,62.4696351538461
ClINTON COUNTY CORRECTIONAL ,2025-01-06,2.185567,22.463918,35.525773,15.608247,69.835052,3.226804,2.010309,0.71134,39.463918,15.319588,0.556701,20.443299
DAKOTA COUNTY JAIL,2025-02-18,1.228571,0.592857,0.664286,0.514286,1.471429,1.528571,0,0,0.214286,0.2,0.55,2.035714
DAKOTA COUNTY JAIL,2025-03-03,5.256926692307692,8.977529153846154,10.835275230769229,7.119808000000001,22.36644515384615,8.816561769230768,0,1.0065321538461538,5.573260923076924,-0.38843400000000045,2.009481692307691,24.99524230769231
DAKOTA COUNTY JAIL,2025-03-17,7.319950999999999,12.207778000000001,12.06274,8.544487000000002,25.345893999999994,10.334463000000003,0.7185600000000001,3.736027,9.552895000000001,0.14281500000000033,7.972010999999999,22.467223999999995
DAKOTA COUNTY JAIL,2025-03-31,8.535645,6.882820999999999,13.848608000000004,9.902238999999996,25.110077000000008,9.752344000000006,1.0052009999999998,3.301716,-1.4442470000000003,3.6621579999999994,7.175247000000001,29.776155
DAKOTA COUNTY JAIL,2025-04-14,5.012584999999997,9.607337000000001,16.926755999999994,4.439351000000004,23.371185,9.60328399999999,1.0044469999999996,2.0071140000000005,-1.1548030000000011,8.32604,10.401353,18.413439000000007
DAKOTA COUNTY JAIL,2025-04-28,7.092232,6.803480000000003,19.429405,4.079057999999995,26.948244999999993,6.584673000000001,0.6449920000000005,3.226251000000001,-6.535991999999999,6.8852400000000005,9.821281000000003,27.233630999999995
DAKOTA COUNTY JAIL,2025-05-12,0.9909620000000002,9.097214,18.774583000000007,3.8628519999999997,25.430092999999975,7.156991000000005,-0.0010079999999998027,0.13955099999999732,1.647914,0.49606999999999907,-1.6630130000000025,32.24467099999999
DAKOTA COUNTY JAIL,2025-05-27,2.5318457333333373,7.616462199999993,14.300917200000004,4.273405733333334,21.179640333333374,5.8737212,-0.0008804666666672271,1.6701667333333339,2.5415080000000008,-8.173062066666667,-3.4920269333333334,37.8462288
DAKOTA COUNTY JAIL,2025-06-09,7.788773076923078,15.353029769230785,13.102624461538461,3.0009269230769267,21.503987307692288,12.957451538461537,-0.0007868461538457985,4.78468484615385,1.4645332307692298,-5.177275153846153,-7.654451076923076,50.61252984615385
DALLAS COUNTY JAIL - LEW STERRETT JUSTICE CENTER,2025-01-06,6.371134,0,0.010309,0,2.721649,3.350515,0.134021,0.175258,0,0.030928,0.010309,6.340206
DALLAS COUNTY JAIL - LEW STERRETT JUSTICE CENTER,2025-01-21,3.6957912000000004,0,-0.007085466666666674,0.06026666666666667,1.6244265333333336,1.9153020000000007,0.1489294666666667,0.06031440000000003,0,-0.02126293333333331,-0.007085466666666674,3.777320799999999
DALLAS COUNTY JAIL - LEW STERRETT JUSTICE CENTER,2025-03-03,23.165210878048782,0,0.0270509268292683,0.002501073170731709,6.869046731707318,15.74219063414634,0.16526375609756094,0.41826175609756094,3.7560975609756095,0.00750321951219512,0.002501073170731709,19.428661024390244
DALLAS COUNTY JAIL - LEW STERRETT JUSTICE CENTER,2025-03-17,-34.41066900000002,0,-8.000000000001657e-05,-4.0000000000008284e-05,-6.9204740000000005,-27.631792,0.07099899999999996,0.07049000000000001,-11,0.790296,0.07181599999999999,-24.272900999999997
DALLAS COUNTY JAIL - LEW STERRETT JUSTICE CENTER,2025-03-31,10.232979000000016,0,-6.199999999997477e-05,0.07179400000000002,4.293743000000002,4.648251,0.14288599999999999,1.2198060000000004,0,-0.790509,-6.199999999997477e-05,11.095281999999997
DALLAS COUNTY JAIL - LEW STERRETT JUSTICE CENTER,2025-04-14,10.589260999999997,0,-6.600000000002635e-05,-6.600000000002635e-05,2.210548999999998,7.303905000000002,0.286466,0.7882359999999997,0,0.07170699999999999,-0.07185800000000002,10.589293999999995
DALLAS COUNTY JAIL - LEW STERRETT JUSTICE CENTER,2025-04-28,11.950510000000008,0,-4.899999999999746e-05,-4.899999999999746e-05,3.574673000000002,6.942611999999997,0.2863730000000001,1.146755,0,-0.07187199999999996,-1.6999999999997178e-05,12.022302000000016
DALLAS COUNTY JAIL - LEW STERRETT JUSTICE CENTER,2025-05-12,7.714574000000003,0,-3.100000000001911e-05,-3.100000000001911e-05,2.42629499999999,4.357883999999997,0.21453499999999995,0.7157669999999996,0,-6.20000000000065e-05,-3.100000000000325e-05,7.714574000000003
DALLAS COUNTY JAIL - LEW STERRETT JUSTICE CENTER,2025-05-27,10.679317733333315,0,-4.926666666662527e-05,-4.926666666662527e-05,2.799554666666677,6.743973266666671,0.2671048666666669,0.8686172666666674,0.06695186666666667,0.13382933333333333,0.06692673333333336,10.41152619999998
DALLAS COUNTY JAIL - LEW STERRETT JUSTICE CENTER,2025-06-09,8.07785123076923,0,-2.930769230772375e-05,-2.930769230772375e-05,2.6142449230769147,5.234234230769219,0.15379992307692283,0.07551453846153869,0.15443276923076923,-8.246153846151845e-05,0.30888392307692314,7.6145390000000095
DELANEY HALL DETENTION FACILITY,2025-05-12,0.923767,0.403587,1.650224,0.811659,1.304933,2.264574,0.022422,0.197309,0.434978,0.170404,0.547085,2.636771
DELANEY HALL DETENTION FACILITY,2025-05-27,151.7644584,54.55993539999999,86.8230364,45.65428893333334,85.68638453333332,215.8268958,5.556482933333334,31.731956866666664,30.19116313333333,12.317483399999999,32.60079306666667,263.6922805333333
DELANEY HALL DETENTION FACILITY,2025-06-09,408.9662652307692,118.22327607692306,158.06101676923075,78.06462076923077,147.25045292307692,555.3724543846154,9.343293538461536,51.34895961538462,37.910528076923086,28.107832692307696,57.91196153846154,639.3848381538462
DENVER CONTRACT DETENTION FACILITY,2025-01-06,677.56701,184.226804,178,124.185567,250.773196,851.463918,17.835052,43.907216,130.690722,55.082474,53.061856,925.14433
DENVER CONTRACT DETENTION FACILITY,2025-01-21,481.28593466666644,159.49634720000006,191.07786666666652,168.22869560000012,267.7895194666666,679.8250690666658,16.546460266666674,35.927788799999995,103.8515496,41.68463653333335,64.28760746666667,790.2650439999998
DENVER CONTRACT DETENTION FACILITY,2025-02-18,579.9084584642858,185.6142674642858,202.39527407142864,151.30861296428571,288.40861296428557,765.9781611071428,15.39936878571429,49.440470107142865,120.65638703571429,55.94558967857142,42.70800000000002,899.9166312142859
DENVER CONTRACT DETENTION FACILITY,2025-03-03,550.2811393076923,228.37891961538452,215.58820676923082,176.2728326923075,341.9161628461538,743.2182134615388,25.9025632307692,59.48413515384618,133.35648146153864,103.55366653846166,82.27219600000004,851.3387533846152
DENVER CONTRACT DETENTION FACILITY,2025-03-17,565.4015119999998,242.33653800000008,220.198313,180.54008600000012,342.2337320000006,786.5026030000008,24.108104000000008,55.632032000000045,154.30851999999973,67.48486799999993,67.64826999999994,919.0348020000009
DENVER CONTRACT DETENTION FACILITY,2025-03-31,520.930561,243.57729599999973,249.39967599999986,180.2852799999998,368.52354099999917,729.2093849999989,42.417334999999994,54.04255199999995,145.73593999999997,60.006548999999985,88.10600700000006,900.3443299999989
DENVER CONTRACT DETENTION FACILITY,2025-04-14,489.4225890000006,231.61747800000012,250.93202399999998,182.48020600000018,379.7201550000001,709.8870110000009,17.198442999999997,47.64668799999994,35.086670000000076,21.451765000000055,14.060008999999809,1083.8538540000009
DENVER CONTRACT DETENTION FACILITY,2025-04-28,438.0501710000005,254.91754200000028,228.93157399999993,174.5594259999998,342.90597199999996,671.5528719999982,31.195790999999968,50.80407800000012,93.35734100000003,55.137658999999985,23.6357020000001,924.3279819999983
DENVER CONTRACT DETENTION FACILITY,2025-05-12,460.0349109999983,288.03101999999956,242.4737780000001,168.44432400000005,370.49625600000064,693.5820920000011,20.211543000000024,74.6941419999999,142.73850899999994,74.86923899999991,48.910134000000006,892.4661820000017
DENVER CONTRACT DETENTION FACILITY,2025-05-27,472.1163704000006,290.6185681333334,254.74996513333318,170.21736439999998,382.36016146666566,732.5960559333345,6.205673333333349,66.54037733333341,33.56054393333349,55.99441913333333,43.360593866666626,1054.7866802666647
DENVER CONTRACT DETENTION FACILITY,2025-06-09,477.3601406153847,266.6021019999999,225.1520134615393,160.03427400000007,332.97030569230935,681.0757889999994,49.19328215384618,65.90917261538449,60.004351461538484,-5.7113500769231065,-7.930893538461532,1082.7864406153856
DEPARTMENT OF CORRECTIONS HAGATNA,2025-01-06,0,0.237113,3.28866,0.515464,3.804124,0.237113,0,0,3.14433,0.381443,0,0.515464
DEPARTMENT OF CORRECTIONS HAGATNA,2025-01-21,0,0.07806173333333342,0.3306213333333327,0.1277685333333333,0.6994565333333337,-0.16300493333333346,0,0,1.153044,-0.26222759999999995,0,-0.3543648
DEPARTMENT OF CORRECTIONS HAGATNA,2025-02-18,0,1.8979285714285719,2.9521129642857153,0.21365449999999978,4.4753986785714295,0.5882973571428574,0,0,3.772041535714286,0.6038986785714285,0,0.6877558214285716
DEPARTMENT OF CORRECTIONS HAGATNA,2025-03-03,0,4.719384153846153,2.690903307692303,0.8489687692307692,7.4867346923076905,0.7725333846153842,0,0,5.244973615384617,1.3138976153846154,0.9291056923076924,0.7712674615384605
DEPARTMENT OF CORRECTIONS HAGATNA,2025-03-17,0,7.611365,3.7910850000000016,1.0032919999999999,9.317756999999997,3.0879740000000004,0,0,5.297957999999999,2.7997840000000003,1.221095,3.0869280000000003
DEPARTMENT OF CORRECTIONS HAGATNA,2025-03-31,0,9.041651,3.2156609999999994,1.0027840000000015,10.246494,3.013601999999999,0,0,5.726991999999996,3.013067999999999,1.507323,3.012701
DEPARTMENT OF CORRECTIONS HAGATNA,2025-04-14,0,6.307465,1.9949690000000015,1.002377999999999,6.50854200000001,2.796256000000002,0,0,4.217478000000004,1.288108,1.0037110000000002,2.7955009999999993
DEPARTMENT OF CORRECTIONS HAGATNA,2025-04-28,0,2.2136430000000025,1.995631000000003,-0.2898039999999997,1.9140959999999967,2.0053729999999996,0,0,0.9156169999999975,-0.004077999999998789,1.00322,2.0047100000000007
DEPARTMENT OF CORRECTIONS HAGATNA,2025-05-12,0,1.9984809999999942,1.9961709999999957,0.3564419999999992,2.3464119999999866,2.004697000000001,0,0,0.9889930000000017,-0.003550000000000101,1.0028059999999996,2.3628599999999977
DEPARTMENT OF CORRECTIONS HAGATNA,2025-05-27,0,5.145150533333337,2.666118666666663,1.0020866000000004,4.867780333333348,3.945591399999997,0,0,1.9276001333333321,0.9341291333333326,1.0024717333333333,4.949186666666666
DEPARTMENT OF CORRECTIONS HAGATNA,2025-06-09,0,3.9287669230769255,5.086043076923086,0.9246394615384617,4.383694076923086,5.555737000000004,0,0,4.466493384615389,0.4603580769230772,1.002196615384616,4.010364615384617
DESERT VIEW ANNEX,2025-01-06,207.969072,16.85567,81.659794,116.247423,185.402062,237.329897,0,0,110.804124,39.257732,6.443299,266.226804
DESERT VIEW ANNEX,2025-01-21,187.59086293333337,48.92002266666667,82.65574586666668,85.39523639999994,158.0857282666669,246.47613960000018,0,0,-277.1032101333334,-145.95478239999997,-19.194886800000003,846.8147471999997
DESERT VIEW ANNEX,2025-02-18,207.17181560714275,30.799274071428563,56.61774417857136,70.1656545,122.22364285714268,242.5308455,0,0,-133.04077407142856,-21.228327250000007,6.219696035714285,512.8038986785715
DESERT VIEW ANNEX,2025-03-03,239.83743161538476,53.19584400000003,45.41161361538462,43.37677276923079,94.81983246153882,287.0018295384613,0,0,18.59905138461538,8.699823461538472,11.66729853846154,342.8554777692312
DESERT VIEW ANNEX,2025-03-17,239.6854560000003,56.613290999999954,49.49613900000012,62.498733999999914,129.22390699999985,279.06970099999984,0,0,51.970645000000005,4.553054999999988,27.638644999999997,324.13127500000024
DESERT VIEW ANNEX,2025-03-31,235.2755369999998,58.66757600000009,68.40834999999996,70.64809600000015,138.73623200000006,294.263339,0,0,9.781816000000033,15.185717000000002,23.666917000000012,384.3650959999998
DESERT VIEW ANNEX,2025-04-14,226.2821369999999,60.65378199999993,68.91380999999988,70.09349399999986,121.16384800000014,296.02040100000056,8.758974,0,23.07468199999994,8.359059000000002,19.776294999999987,374.7331999999993
DESERT VIEW ANNEX,2025-04-28,211.99075799999991,60.489627000000056,65.39904500000024,63.65034800000025,127.29022499999986,280.6301169999996,-8.758974,2.368425,18.62448600000003,13.45450599999999,4.480888000000017,364.96988300000004
DESERT VIEW ANNEX,2025-05-12,219.88429199999987,59.18151499999989,64.61351499999988,69.47900199999978,120.850187,293.02632299999976,0.21524800000000002,-0.9334490000000001,15.97209600000003,11.155270000000005,2.187343999999988,383.8436290000006
DESERT VIEW ANNEX,2025-05-27,225.98269746666676,57.28881613333342,69.12643006666659,70.72400353333336,147.24548499999995,274.8057556,1.0041398666666665,0.06656673333333339,7.807983599999958,14.75933233333335,18.97989906666667,381.5747322
DESERT VIEW ANNEX,2025-06-09,249.13575430769225,64.80106292307686,39.33719330769264,43.59402915384607,96.00861453846188,300.2422315384616,0.6175463076923078,-0.0003526923076922099,-93.14509153846151,-41.27617669230771,4.908656153846148,526.3806517692306
DILLEY IMMIGRATION PROCESSING CENTER,2025-04-14,2.810256,0.020513,0,0,0,1.410256,0,1.420513,0,0,0,2.830769
DILLEY IMMIGRATION PROCESSING CENTER,2025-04-28,149.62770600000002,1.5070729999999999,0,0,1.07655,72.624841,0.21531000000000003,77.218078,0,0,0.57417,150.560624
DILLEY IMMIGRATION PROCESSING CENTER,2025-05-12,168.19463000000002,0.8604490000000004,0,0,-1.07655,68.77955900000002,1.7219060000000002,99.630164,0,1.721968,-0.358922,167.69201799999996
DILLEY IMMIGRATION PROCESSING CENTER,2025-05-27,191.50787893333327,0.7357268666666665,0.2677915333333333,0.40167933333333333,0.20083966666666667,95.75852293333331,-0.0005112666666666617,96.95422533333334,0,-1.6071701333333333,-5.846666666666778e-05,194.5203052666667
DILLEY IMMIGRATION PROCESSING CENTER,2025-06-09,347.2472455384616,5.945865923076923,1.853441153846154,1.003881076923077,0.23163176923076928,163.35615323076928,-0.00043961538461554885,192.4630883076923,0,0.2316849230769231,-5.315384615382886e-05,355.8188019230769
DODGE COUNTY JAIL,2025-01-06,7.051546,16.010309,44.56701,39.42268,85.216495,20.835052,0,1,37.360825,15.938144,7.835052,45.917526
DODGE COUNTY JAIL,2025-01-21,6.602966133333333,10.809981200000008,49.21500133333326,45.39902400000004,89.00956600000002,22.800860266666664,0,0.21653333333333363,1.6164766666666766,-5.352140800000006,7.812060266666663,107.95056346666667
DODGE COUNTY JAIL,2025-02-18,12.17591032142857,15.974642857142848,46.84722592857143,43.984154499999995,95.33101824999994,22.662827250000014,0.3956611071428572,0.5924169285714284,21.456857142857125,11.900553178571426,10.692285714285719,74.93223253571429
DODGE COUNTY JAIL,2025-03-03,14.50362069230769,17.86181769230769,43.6803947692308,40.845374307692296,83.35688346153844,30.28844146153845,1.0060300769230768,2.2398860000000007,-14.445048769230757,-8.213848230769232,5.9843086153846,133.56580669230775
DODGE COUNTY JAIL,2025-03-17,16.26007500000001,20.38530299999999,39.39305299999997,44.23381200000001,85.48940600000007,31.412234999999978,1.0050469999999998,2.3655439999999976,33.32566700000007,2.0892710000000045,11.304222000000014,73.55309499999996
DODGE COUNTY JAIL,2025-03-31,19.84413999999999,16.861613000000002,41.91236700000003,44.58990399999993,81.18165899999998,39.08879500000002,1.0042690000000007,1.9333140000000018,-37.06726400000009,11.865528000000024,5.340029999999989,143.06973099999985
DODGE COUNTY JAIL,2025-04-14,18.90241999999999,13.917383000000038,50.53007300000003,43.366738000000105,83.55558499999994,40.87091899999996,1.003658999999999,1.2864659999999983,13.527012000000045,9.997641999999994,11.22965600000001,91.9622910000002
DODGE COUNTY JAIL,2025-04-28,15.882003000000038,17.722705999999985,49.59304000000001,41.786503,85.85434600000008,36.912123,1.0031570000000005,1.2145980000000034,36.714791000000005,-4.3561090000000116,16.107993999999994,76.51757599999993
DODGE COUNTY JAIL,2025-05-12,19.107584999999972,15.425689999999966,44.20915600000002,36.97922699999994,80.043034,35.613747000000004,1.0027749999999997,-0.9378980000000021,-60.298727,-3.127520999999985,-22.569256000000014,201.71717800000002
DODGE COUNTY JAIL,2025-05-27,19.633967333333324,11.715273066666699,38.23716519999992,34.50473780000005,72.54368533333351,30.549341666666685,1.002422466666666,-0.00430606666666525,11.240735333333305,13.152147266666665,4.9917043333333515,74.70652559999992
DODGE COUNTY JAIL,2025-06-09,18.178255230769256,9.050306153846158,36.27366907692298,31.114974230769104,62.6800233846152,31.40220730769236,-0.0018200769230761493,0.5367940769230739,21.32467400000003,11.93496084615383,-10.916640692307702,72.27420953846152
EAST HIDALGO DETENTION CENTER,2025-01-21,1.064,0.2,0.136,0.104,1.464,0.024,0.016,0,0.672,0.064,0,0.768
EAST HIDALGO DETENTION CENTER,2025-02-18,1.281255821428571,0.23597010714285702,0.24247010714285716,0.22773253571428573,1.5373753928571432,0.44268439285714284,0.007368785714285715,0,1.1367259285714282,0.06544021428571425,0,0.7852674642857141
EAST HIDALGO DETENTION CENTER,2025-03-03,3.5543451538461546,0.6180505384615385,0.6957994615384613,0.46372238461538456,2.855094076923076,2.3995040769230767,0.07733123076923078,0,2.3177787692307703,0.3867027692307693,0.2322793846153846,2.3951576153846146
EAST HIDALGO DETENTION CENTER,2025-03-17,2.075977000000001,1.6512420000000003,4.741301999999999,3.448163,4.229971,7.686822,-0.00011999999999999313,0,1.719189,0.7898790000000001,1.365156,8.042461
EAST HIDALGO DETENTION CENTER,2025-03-31,28.793491999999997,5.384756,6.3172310000000005,4.163359999999999,21.393293999999997,21.182777999999995,0.21536899999999998,1.867398,17.160420999999996,1.7947469999999999,2.3694269999999995,23.334232000000004
EAST HIDALGO DETENTION CENTER,2025-04-14,21.951347999999996,11.124377999999998,8.538349000000002,3.5860620000000005,10.967592000000009,29.27962200000001,0.502401,4.450550000000001,5.229689000000008,1.793451,3.588197,34.588814
EAST HIDALGO DETENTION CENTER,2025-04-28,18.924373000000003,7.672323999999999,12.839438999999999,6.813757000000002,20.794886999999992,20.21822399999998,1.6503970000000001,3.5863569999999996,6.232415999999993,5.309174999999999,7.246222,27.462081000000012
EAST HIDALGO DETENTION CENTER,2025-05-27,9.879363827586209,4.008820620689658,5.357570965517241,1.6912332758620676,7.9780009310344795,10.71169537931035,0.48406158620689643,1.7632390344827582,1.8586340689655219,1.0358327241379313,2.3159117586206905,15.726611137931036
EAST HIDALGO DETENTION CENTER,2025-06-09,1.4424722307692264,0.6864764615384572,0.5299295384615405,0.6896293076923056,3.453980846153854,-0.10148046153846316,-0.0008400000000004473,-0.003171230769230358,2.0749209230769146,0.8465234615384619,-0.004580999999999536,0.43162576923075974
EDEN DETENTION CTR,2025-01-06,116.350515,3.670103,0.484536,0.257732,2.278351,118.484536,0,0,0,0,0,120.762887
EDEN DETENTION CTR,2025-01-21,27.769702000000084,5.914260400000001,-0.2728352000000001,-0.05664906666666667,8.618773466666669,24.735698133333305,0,0,0.9642666666666667,0.7232000000000001,1.0848,30.58220493333332
EDEN DETENTION CTR,2025-02-18,104.41647010714281,6.5390896785714245,0.32069603571428573,0.17139867857142846,6.220559785714286,105.22708967857137,0,0,1.857410321428571,0.5837441785714285,0.8576312142857143,108.14886878571426
EDEN DETENTION CTR,2025-03-03,92.38248346153844,10.810352076923087,4.101143153846153,1.7020091538461537,13.989661846153853,95.00632500000015,0,0,-2.635568384615384,2.553795461538461,2.785465692307693,106.29228323076914
EDEN DETENTION CTR,2025-03-17,99.69144000000013,16.640639999999994,1.8641469999999996,1.0040010000000004,14.559278999999988,104.6409600000001,0,0,1.0047380000000001,1.7222010000000008,7.182651999999999,109.29063599999998
EDEN DETENTION CTR,2025-03-31,104.07618699999979,20.79567899999999,4.376877000000001,1.0033679999999998,14.909217000000003,115.34290699999994,0,0,1.3631199999999997,3.013801,4.806328999999999,121.06888600000015
EDEN DETENTION CTR,2025-04-14,85.62423100000004,21.860915000000027,2.148419,1.0028899999999996,14.183788999999999,96.4526389999997,0,0,1.8648299999999998,-8.906145,0.13670700000000124,117.54103599999975
EDEN DETENTION CTR,2025-04-28,65.03819500000021,20.91781899999999,3.5830569999999966,1.0025080000000008,20.135248000000015,70.40636000000033,0,0,-3.0883629999999997,2.009531,0.20930500000000052,91.41113500000029
EDEN DETENTION CTR,2025-05-12,46.62084699999988,17.825010999999968,3.725115,1.863177999999999,18.19002599999999,51.77236600000002,0,0.071744,-3.444975,3.5150450000000006,-0.43581300000000006,70.39987899999973
EDEN DETENTION CTR,2025-05-27,73.37098326666674,20.713271133333365,6.0191056000000005,2.005891600000001,23.195704466666665,78.9135563333332,0,-9.1999999999981e-06,5.221847266666667,-1.340425266666667,-0.004558333333333545,98.23238793333343
EDEN DETENTION CTR,2025-06-09,102.6464817692308,26.44881453846154,5.476365230769234,2.005237692307691,32.39967176923077,103.94556638461542,0,0.2316610769230769,8.107804538461538,-0.3871410000000003,8.72288946153846,120.13334623076942
EL PASO SERVICE PROCESSING CENTER,2025-01-06,315.134021,180.546392,134.896907,79.206186,284.536082,218.85567,51.020619,155.371134,87.391753,75.154639,116.164948,431.072165
EL PASO SERVICE PROCESSING CENTER,2025-01-21,262.11426279999966,225.6078389333333,137.0596742666666,79.03905146666663,282.0645309333335,229.8869559999999,105.22582253333336,86.64352453333304,72.98988040000003,58.80249186666661,146.80340640000006,425.22505533333316
EL PASO SERVICE PROCESSING CENTER,2025-02-18,325.2735415357142,204.2637857142858,150.65947010714294,85.4872740714286,291.2896544999997,274.82081560714283,68.38670264285712,131.1868986785716,56.661327250000014,34.433446821428596,75.75657142857146,598.8327259285717
EL PASO SERVICE PROCESSING CENTER,2025-03-03,317.11332346153864,188.296307230769,172.68509869230743,107.71560569230776,258.1292189230774,324.3746346923077,82.06482307692316,121.24165838461536,93.55111253846161,57.17784853846164,35.19748307692302,599.8838909230768
EL PASO SERVICE PROCESSING CENTER,2025-03-17,309.48514799999975,139.7011849999999,145.95709900000006,97.94767399999988,216.74673800000008,327.5268720000001,58.550430999999925,90.26707699999965,60.593281,53.72071499999999,19.634923999999955,559.1421860000004
EL PASO SERVICE PROCESSING CENTER,2025-03-31,338.6476670000006,161.58165799999992,147.60462400000011,92.8342230000001,280.3715519999995,275.66082800000004,61.354781,123.28099900000026,86.46834999999997,59.3329769999999,85.503557,509.36328799999944
EL PASO SERVICE PROCESSING CENTER,2025-04-14,348.9649250000002,195.20071600000043,159.7331999999998,89.88366099999985,317.34385399999985,267.0941439999998,62.93460500000011,146.40988500000017,71.17034399999986,75.34671100000014,76.17997299999999,571.0854740000005
EL PASO SERVICE PROCESSING CENTER,2025-04-28,418.77344299999976,202.36999499999988,208.52490799999993,103.37294000000007,332.31691300000085,351.05283899999944,67.81419199999995,181.85737100000006,102.10924100000024,56.75000899999993,57.605615999999955,716.5764199999996
EL PASO SERVICE PROCESSING CENTER,2025-05-12,400.20100100000025,222.23385099999982,210.99713200000016,97.40682400000021,302.1515650000001,365.98789300000084,75.05723400000001,187.64210099999997,93.98789300000006,58.97871499999993,125.57441800000015,652.2977659999991
EL PASO SERVICE PROCESSING CENTER,2025-05-27,383.6328122000006,207.1462485333337,210.3792664000003,91.08386213333311,294.50509066666615,357.59357299999976,70.23010859999995,169.91343293333316,54.41990379999989,23.29867660000006,40.43860519999992,774.0850186000006
EL PASO SERVICE PROCESSING CENTER,2025-06-09,435.41243207692213,245.29905384615324,216.47355815384574,85.30003538461544,299.0521836923077,406.1579511538461,69.17641130769236,208.098514923077,79.30562576923079,55.51698730769231,85.74630723076916,761.9161591538466
EL PASO SOFT SIDED FACILI,2025-03-17,1.05988,0.802395,0.497006,0.155689,1.005988,1.341317,0.017964,0.149701,0.269461,0.257485,0.491018,1.497006
EL PASO SOFT SIDED FACILITY,2025-03-31,2.767956,1.80663,1.303867,0.414365,2.403315,3.513812,0.082873,0.292818,0.674033,0.668508,0.98895,3.961326
EL PASO SOFT SIDED FACILITY,2025-04-14,40.837078000000005,37.180472,25.193312999999996,10.695306999999998,51.46459299999999,53.899938000000006,1.7226510000000002,6.819001999999999,14.427311,10.694005999999998,20.887234,67.897632
EL PASO SOFT SIDED FACILITY,2025-04-28,94.782359,89.69218300000001,33.215261000000005,20.664363000000005,135.761207,88.530556,8.396165000000002,5.6662240000000015,30.566239999999997,29.634535,78.36167600000002,99.79173
EL PASO SOFT SIDED FACILITY,2025-05-12,63.87695900000001,66.89675499999998,23.798098999999997,12.329824999999996,93.92572900000002,63.44151799999999,6.095306999999997,3.4390840000000003,12.46822800000001,22.227495,53.41939599999997,78.78648799999999
EL PASO SOFT SIDED FACILITY,2025-05-27,86.36645453333337,35.69253953333334,26.75267926666667,17.66105113333333,59.76837626666663,90.57987999999999,4.146162866666669,11.978289399999998,14.44311559999998,20.333110666666677,21.58034640000002,110.11615079999999
EL PASO SOFT SIDED FACILITY,2025-06-09,380.12447953846157,120.4956903846154,71.48473346153845,34.50574315384616,137.76688153846155,423.8316153846154,13.201180076923077,31.81096853846154,32.57181553846154,25.077879384615382,60.50394676923077,488.4570232307693
EL VALLE DETENTION FACILITY,2025-01-06,794.618557,28.752577,24.391753,28.175258,101.082474,265.412371,16.649485,492.793814,38.721649,20.56701,19.28866,797.360825
EL VALLE DETENTION FACILITY,2025-01-21,873.7896942666673,24.650096933333348,26.502947066666668,13.4155144,100.58170320000002,330.2263761333333,22.36363133333334,485.18654853333334,2.0670931999999995,25.99846799999999,23.984487999999995,886.3082099999999
EL VALLE DETENTION FACILITY,2025-02-18,637.5495,32.69985714285716,34.45279735714285,27.10660132142857,95.0724169285714,204.80226746428565,17.36771428571427,414.56635714285716,-2.9349285714285673,5.3060830714285725,7.621981749999999,721.8156246071428
EL VALLE DETENTION FACILITY,2025-03-03,594.4635244615381,71.5061389230769,96.29864630769232,68.89134853846151,163.33541061538466,301.885605153846,16.223132000000042,349.71551046153877,93.04718815384611,37.97512107692308,27.604249923076903,672.5330882307697
EL VALLE DETENTION FACILITY,2025-03-17,649.0726049999992,85.95999099999997,116.57187599999997,74.11988400000006,152.208406,346.6360220000003,24.614966,402.2649620000001,-6.084813000000005,-25.914917999999975,34.453141000000024,923.270946
EL VALLE DETENTION FACILITY,2025-03-31,658.5806950000022,82.67889699999998,105.218215,58.20629700000005,139.59606799999997,359.20061799999945,23.530872999999993,382.35657099999975,41.281900000000014,19.303964999999998,16.91342399999998,827.184841000001
EL VALLE DETENTION FACILITY,2025-04-14,557.4922069999988,82.5711650000001,117.80227299999999,52.44335099999996,138.997642,331.77693200000067,22.018759000000014,317.5156229999993,55.128602000000036,14.491096999999984,-4.2638900000000115,744.9531609999997
EL VALLE DETENTION FACILITY,2025-04-28,505.51236599999953,98.76258299999985,119.68999900000004,65.78108099999996,229.98360600000004,291.69198900000004,32.71003299999997,235.36041500000076,80.80514700000003,55.114290999999994,50.082458000000024,603.7441329999981
EL VALLE DETENTION FACILITY,2025-05-12,478.8830200000001,81.796875,114.48228899999997,71.71888300000008,205.37580399999985,260.9055449999999,41.59844700000004,239.00127099999995,54.587471000000015,26.893654999999985,47.33669200000005,618.063249000001
EL VALLE DETENTION FACILITY,2025-05-27,470.7138065333342,61.71798073333351,104.52716400000003,57.87162646666657,167.63897913333324,246.32266720000044,28.833089599999948,252.03584179999987,24.08254619999989,2.9987758666666804,29.83432086666659,637.9149347999987
EL VALLE DETENTION FACILITY,2025-06-09,466.9071343076917,67.76190838461535,138.53802738461548,61.230839307692385,169.77702223076938,267.8806098461534,33.20058646153848,263.5796714615381,56.31354176923084,9.96730415384613,38.91267715384618,629.2443863076937
ELIZABETH CONTRACT DETENTION FACILITY,2025-01-06,75.969072,173.453608,15.907216,4.835052,46.587629,207.71134,0.793814,15.072165,5.989691,8.515464,17.072165,238.587629
ELIZABETH CONTRACT DETENTION FACILITY,2025-01-21,77.46766293333336,183.89776106666687,4.613122133333339,1.7384602666666675,60.84349053333329,189.274712,1.0212151999999994,16.577588666666678,10.34628546666667,16.384301866666668,14.298655333333349,226.68775720000025
ELIZABETH CONTRACT DETENTION FACILITY,2025-02-18,93.30669603571427,183.3431611071428,16.166184392857133,6.4972740714285715,61.13402989285714,222.13508307142845,1.4944701071428577,14.549732535714295,2.0531246071428564,13.897910321428574,20.424672749999996,262.9376129642855
ELIZABETH CONTRACT DETENTION FACILITY,2025-03-03,118.40601176923072,147.27156807692293,29.325365307692348,13.053367230769227,78.71849576923076,213.80292507692334,2.47136576923077,13.063513923076908,-12.347779307692305,-7.423569769230776,-6.308077307692306,334.13572792307747
ELIZABETH CONTRACT DETENTION FACILITY,2025-03-17,99.67156100000011,129.23317199999994,36.91025999999998,15.990844000000006,74.98603700000005,183.34699199999963,4.951594999999999,18.52123599999998,4.933231000000002,8.856797000000013,5.368635999999989,262.64717299999967
ELIZABETH CONTRACT DETENTION FACILITY,2025-03-31,128.52900300000005,145.07555900000003,35.382706000000034,12.461862999999994,82.50752200000001,220.79055300000047,2.865149,15.285907999999997,14.484996999999996,13.381711999999993,35.328186000000024,258.25423600000016
ELIZABETH CONTRACT DETENTION FACILITY,2025-04-14,129.786371,158.16215300000036,33.35851399999998,9.728890999999992,88.37311600000001,220.13344299999986,2.6486190000000005,19.880738,8.374330999999993,17.829465999999993,-9.559966,314.39209800000026
ELIZABETH CONTRACT DETENTION FACILITY,2025-04-28,115.69058200000005,125.29831699999964,38.87509199999996,18.12405000000001,77.80158699999993,195.93853399999975,3.796164999999998,20.451755000000016,15.04667400000002,13.373832000000025,12.34759599999997,257.21995399999963
ELIZABETH CONTRACT DETENTION FACILITY,2025-05-12,133.8280959999998,132.06803900000003,19.061172000000038,15.67798799999998,80.44534699999998,193.00454200000033,3.8666190000000022,23.318786999999993,0.3322899999999923,3.613901999999988,24.833087999999993,271.8560000000003
ELIZABETH CONTRACT DETENTION FACILITY,2025-05-27,155.78797580000003,106.4978403333332,9.885929999999947,4.584460066666694,62.87062126666667,188.9241724666664,3.272501133333333,21.688911333333333,12.227923466666669,13.61640373333333,13.929335933333368,236.982527133333
ELIZABETH CONTRACT DETENTION FACILITY,2025-06-09,159.39450976923064,126.25369407692331,10.962125076923117,3.520410384615371,60.146558846153944,214.72728715384605,4.625936846153842,20.630975846153817,13.877533846153833,10.30915415384617,-13.110845461538492,289.05491515384625
ELOY FEDERAL CONTRACT FACILITY,2025-01-06,1045.783505,42.886598,104,119.773196,149.587629,547,71.505155,544.350515,93.659794,43.134021,65.010309,1110.639175
ELOY FEDERAL CONTRACT FACILITY,2025-01-21,1073.0880339999983,49.22515973333332,139.43679999999998,129.43698613333328,158.72082386666685,505.4762666666672,87.04525399999996,639.9446353333333,100.44134586666672,44.95692946666665,66.68038119999996,1179.1083233333338
ELOY FEDERAL CONTRACT FACILITY,2025-02-18,1027.8939883571427,43.15536878571428,116.4892142857143,125.05435714285711,179.0359701071428,477.27113121428584,77.50592857142854,578.7798986785713,87.31576746428573,46.84201164285719,73.73948175,1104.6956727499996
ELOY FEDERAL CONTRACT FACILITY,2025-03-03,998.853312153846,50.274016000000024,125.94808476923069,134.00198600000016,165.52072084615372,490.9856466153847,77.3270213846155,575.2440219230775,68.53263992307676,53.600380615384616,62.43238823076927,1124.5119911538472
ELOY FEDERAL CONTRACT FACILITY,2025-03-17,1049.118398000002,60.525882999999986,148.93668300000016,155.69534899999988,190.34025900000026,541.5955159999992,98.49939100000003,583.8411359999997,113.2751760000001,65.192397,79.36201199999985,1156.446716999999
ELOY FEDERAL CONTRACT FACILITY,2025-03-31,1033.2381860000003,67.40585799999995,162.04591999999997,168.3060280000001,197.20475000000002,552.0669160000003,98.62104100000008,583.1032850000005,108.65801299999983,65.03003699999987,76.62093500000005,1180.6869939999992
ELOY FEDERAL CONTRACT FACILITY,2025-04-14,994.1886099999995,74.20913000000006,161.79316199999994,171.28771400000005,203.13431599999967,545.0111659999986,84.53185299999988,568.801281,130.471227,60.923162999999995,52.490754999999936,1157.5934840000014
ELOY FEDERAL CONTRACT FACILITY,2025-04-28,998.5269779999986,90.84139799999996,159.25151199999996,173.98601699999978,195.929729,564.4498620000013,115.173523,547.0527759999989,133.89135700000017,31.488477000000135,74.39150400000004,1182.8345520000003
ELOY FEDERAL CONTRACT FACILITY,2025-05-12,1002.3532020000005,124.39493400000005,170.56521000000015,176.7590650000002,213.84886900000024,624.6983119999994,118.23695099999999,517.2883100000015,147.7883950000001,55.8217709999999,112.98809400000002,1157.4741499999986
ELOY FEDERAL CONTRACT FACILITY,2025-05-27,979.3079034000015,141.28828206666657,178.0139952,178.30467933333324,199.3202152000003,627.1728808666677,141.4425152666668,508.97921780000036,102.40074039999988,55.76477113333349,91.1531273333334,1227.5962201333334
ELOY FEDERAL CONTRACT FACILITY,2025-06-09,988.9146680769202,137.45412776923092,212.171914153846,191.20348169230755,252.39439784615388,637.603611307691,109.55055130769212,530.1956496153837,121.92428661538473,67.92233638461529,70.22457400000013,1269.6729936923098
ERIE COUNTY JAIL,2025-03-03,0.607843,0.705882,0.111111,0,0.150327,1.235294,0,0.039216,0,0.03268,0,1.392157
ERIE COUNTY JAIL,2025-03-17,9.193963,2.941890000000001,2.586159,2.37126,3.5200590000000003,13.573442000000002,0,-0.00023999999999998626,0.143712,0.287224,0,16.662325
ERIE COUNTY JAIL,2025-03-31,9.545176999999999,3.8735189999999995,3.517588,1.866311,2.3677740000000003,16.14772,0,0.28710099999999994,0.21539999999999998,-0.5030539999999999,0.287287,18.802948999999995
ERIE COUNTY JAIL,2025-04-14,15.497665,6.814759000000001,4.448396000000002,2.223961,4.950882,23.100864,0,0.9330489999999999,1.0767840000000002,0.14353199999999997,1.005025,26.759467000000004
ERIE COUNTY JAIL,2025-04-28,13.048212000000003,8.892214999999997,2.364395999999997,1.4332079999999994,8.464623,16.84332500000001,0,0.4300539999999999,2.224389,0.07166300000000003,1.650268,21.791682000000005
ERIE COUNTY JAIL,2025-05-12,8.234981999999993,4.511123000000006,3.654968000000003,1.002124000000001,4.298665,13.105166999999986,0,-0.0006199999999998747,1.2186429999999997,0.071651,-2.94258,19.055498000000007
ERIE COUNTY JAIL,2025-05-27,14.845850800000001,4.677138333333323,4.212973666666667,1.8052273333333317,5.616905800000002,18.58588720000001,0,1.3383812000000002,1.6054435333333335,-0.4017962666666667,0.8033586666666667,23.534184199999995
ERIE COUNTY JAIL,2025-06-09,15.195995538461533,5.860146230769233,2.6205928461538406,1.3103761538461554,2.077904384615382,22.755584307692306,0,0.15364046153846161,-6.79775176923077,0.1544566153846154,-0.6952673846153845,32.32565392307692
ETOWAH COUNTY JAIL (ALABAMA),2025-03-17,1.083832,1.251497,1.125749,0.341317,1.39521,2.011976,0.107784,0.287425,0.047904,0.077844,0.149701,3.526946
ETOWAH COUNTY JAIL (ALABAMA),2025-03-31,45.74539700000001,26.280384,20.032441999999996,11.633481000000002,36.334829,56.44192300000001,5.817085,5.097867,5.242834,5.529966,3.5903329999999998,89.32858399999999
ETOWAH COUNTY JAIL (ALABAMA),2025-04-14,40.540931,13.265756000000001,30.140622,9.183532999999999,36.379067000000006,46.275897,3.658740999999999,6.817137000000002,-2.9458899999999995,-3.08973,-2.2995629999999996,101.46601199999998
ETOWAH COUNTY JAIL (ALABAMA),2025-04-28,19.200518000000006,3.8569509999999974,11.605033,3.938857000000001,11.955074,18.40163299999998,3.5130610000000013,4.731590999999996,-2.369397,-2.0825039999999997,-1.2929270000000002,44.346172000000024
ETOWAH COUNTY JAIL (ALABAMA),2025-05-12,11.444385999999993,2.493744999999998,6.721891000000012,4.152805000000001,9.153533999999988,10.14489900000001,1.2154649999999987,4.298929000000003,1.5065810000000002,-0.646116,-0.21577499999999997,24.168168000000055
ETOWAH COUNTY JAIL (ALABAMA),2025-05-27,10.878211866666652,7.68287866666667,10.020472199999995,2.6692026666666644,11.686649333333344,11.674875333333329,4.012737066666667,3.8765036666666637,-0.06748726666666656,1.2048626,2.1418819333333334,27.971493199999955
ETOWAH COUNTY JAIL (ALABAMA),2025-06-09,41.90258261538466,7.629595384615387,16.891620076923065,5.320469538461544,26.538232,35.563647538461524,2.0805689230769224,7.561838538461543,0.5401585384615383,1.6986025384615384,-1.0821133076923082,70.58763923076927
FAYETTE COUNTY DETENTION CENTER,2025-02-18,0.192857,0.192857,0.3,0.535714,0.771429,0.371429,0.021429,0.057143,0.028571,0.007143,0.014286,1.171429
FAYETTE COUNTY DETENTION CENTER,2025-03-03,0.15358699999999978,0.772998692307692,0.7722943076923076,0.6933389230769222,1.8531723846153842,0.5395496153846148,-0.0001428461538461366,-0.0003700769230767957,-0.0001796153846153486,-4.7615384615378856e-05,-0.0775216923076923,2.469968846153845
FAYETTE COUNTY DETENTION CENTER,2025-03-17,0.358154,0.4296900000000003,1.2913849999999998,0.35598800000000147,0.7133930000000005,1.722241,-0.00011999999999999313,-0.00032000000000006627,-0.00016000000000003314,-4.0000000000008284e-05,-4.0000000000008284e-05,2.435446000000001
FAYETTE COUNTY DETENTION CENTER,2025-04-14,0.10665000000000013,0.285856,0.5004110000000003,0.32034399999999963,0.8930759999999996,0.3205290000000005,-8.900000000000574e-05,-0.00024200000000001204,0.107567,-3.200000000000028e-05,-3.200000000000028e-05,1.1057579999999996
FAYETTE COUNTY DETENTION CENTER,2025-06-09,0.08888549999999995,0.3575274999999998,0.518204,0.19520949999999995,0.3910109999999999,0.7152494999999998,-6.349999999999412e-05,0.05362150000000002,-0.00014349999999999481,-2.0000000000000178e-05,-2.0000000000000178e-05,1.1600055
FDC PHILADELPHIA,2025-02-18,2.178571,0.307143,0.321429,0.592857,1.164286,2.235714,0,0,0.478571,0.214286,0.307143,2.4
FDC PHILADELPHIA,2025-03-03,42.2602813076923,8.979392384615382,18.502669,25.54664976923077,43.19600353846155,52.09297707692307,0,0,23.84403146153846,4.411864,4.256413769230769,62.776671384615376
FDC PHILADELPHIA,2025-03-17,51.91878800000001,8.688388000000002,19.749360999999997,25.708386000000008,48.690354,57.37459200000001,0,0,15.075148000000004,4.882831,2.942267,83.16468800000003
FDC PHILADELPHIA,2025-03-31,50.94240500000001,11.554267999999999,15.351673999999994,25.97450499999999,50.876365000000014,52.443699999999986,0,0.502762,22.245835,10.983813,2.509218,68.08397299999999
FDC PHILADELPHIA,2025-04-14,38.489132999999974,19.228526,18.501172000000015,28.973016999999995,59.817189,45.87743400000003,0,-0.502762,16.415679000000004,16.504094999999996,2.220710000000001,70.051391
FDC PHILADELPHIA,2025-04-28,34.59584200000001,16.84863200000001,17.845523999999987,23.072341,47.65508899999996,44.707249999999995,0,0,-2.396002000000002,-5.1088859999999965,7.530861999999999,92.336381
FDC PHILADELPHIA,2025-05-12,31.211620000000007,21.14567399999998,17.83800200000001,17.395089000000034,50.003332999999984,37.587067999999945,0,0,16.19183999999999,4.438402000000001,3.5090300000000036,63.45108299999999
FDC PHILADELPHIA,2025-05-27,43.98052586666666,15.03968553333334,13.360552400000007,15.358148333333308,41.89451193333334,45.84436933333339,0,0,-5.514450400000002,-1.4158414666666659,-5.898081000000002,100.56726906666663
FDC PHILADELPHIA,2025-06-09,68.1972932307692,14.031262230769244,12.791162923076923,10.309723923076909,33.35783330769237,71.97162738461535,0,0,-4.49999446153844,3.4668167692307614,0.9994540769230779,105.363164923077
FINNEY COUNTY JAIL,2025-05-27,0.201681,0.546218,0.256303,0.02521,0.394958,0.584034,0.016807,0.033613,0,0.008403,0,1.021008
FINNEY COUNTY JAIL,2025-06-09,0.3853308461538462,1.0018146153846164,0.23065715384615368,0.15436969230769224,1.2340986153846158,0.5382669230769204,-7.699999999996813e-05,-0.00011623076923082356,0.1544566153846154,-2.930769230772375e-05,0,1.6177633846153845
FLORENCE SERVICE PROCESSING CENTER,2025-01-06,308.835052,65.051546,1.721649,1.515464,63.494845,313.505155,0.010309,0.113402,4.701031,3.752577,29.56701,339.103093
FLORENCE SERVICE PROCESSING CENTER,2025-01-21,283.62059359999984,92.3858994666667,0.8654932000000012,0.5853685333333336,94.1190126666667,283.363120666667,-0.007085466666666674,-0.017693066666666604,0.8060641333333327,10.739163599999994,17.641667999999996,348.27045906666655
FLORENCE SERVICE PROCESSING CENTER,2025-02-18,295.04536878571423,75.18326746428566,0.8842973571428568,1.4682558214285717,69.95555978571429,302.54176746428544,0.0396545,0.0442026428571428,0.5597259285714264,-0.5787259285714258,21.33829735714286,351.2618870357146
FLORENCE SERVICE PROCESSING CENTER,2025-03-03,296.72579353846174,80.76237484615376,1.92607276923077,2.081295769230768,83.94949353846151,297.54671100000047,-9.523076923075771e-05,-0.0005615384615383826,0.054785230769228886,1.8344589230769264,35.44161076923074,344.1647046923071
FLORENCE SERVICE PROCESSING CENTER,2025-03-17,311.33622899999995,81.77914500000017,1.5718360000000007,1.7157880000000034,89.476769,306.9267779999999,-8.000000000001657e-05,-0.00046899999999995757,-2.4621369999999962,6.661775999999999,52.29098500000003,339.9123750000004
FLORENCE SERVICE PROCESSING CENTER,2025-03-31,313.12400199999996,78.3216059999999,11.698849999999997,5.8812919999999975,107.4858979999999,301.3966620000002,-6.199999999997477e-05,0.143252,9.034765999999994,20.448900999999996,35.24597199999997,344.2960859999995
FLORENCE SERVICE PROCESSING CENTER,2025-04-14,315.2702880000002,81.04465199999997,3.6497819999999996,1.570140000000001,128.56484000000015,272.75509199999993,-6.600000000002635e-05,0.214982,-26.436887999999993,6.363933000000007,45.723472,375.88434400000085
FLORENCE SERVICE PROCESSING CENTER,2025-04-28,299.2580029999995,89.07693900000011,6.7349739999999985,4.584673000000001,113.67098299999998,282.96971999999994,2.153066,0.8608339999999998,5.736477999999997,15.047239999999997,52.38731200000003,326.4835729999998
FLORENCE SERVICE PROCESSING CENTER,2025-05-12,280.31977899999976,104.20630299999993,4.149410000000005,2.1435349999999977,113.36251899999999,276.2380980000001,0.6450619999999999,0.5733640000000005,0.7112560000000039,2.987489999999996,56.89473999999999,330.22555700000004
FLORENCE SERVICE PROCESSING CENTER,2025-05-27,287.66848980000066,97.55734606666665,8.7583934,2.803358666666664,122.36792819999998,273.7516642000002,0.06617340000000003,0.6018231333333333,5.885669599999998,7.541391066666665,32.79496200000006,350.5655662666667
FLORENCE SERVICE PROCESSING CENTER,2025-06-09,343.9348865384617,110.59388100000014,4.389535307692313,2.154263384615385,135.122965923077,325.1015379230767,0.30820884615384614,0.5398351538461538,8.643218153846156,12.797264461538466,49.137280461538325,390.49478476922934
FLORENCE STAGING FACILITY,2025-01-06,121.134021,33.85567,17.185567,8.628866,42.597938,134.494845,0.948454,2.762887,4.010309,2.020619,2.865979,171.907216
FLORENCE STAGING FACILITY,2025-01-21,90.23212946666669,41.27095600000003,26.816428933333327,6.36234213333333,48.158005066666675,115.0374126666667,0.2519671999999995,1.2344716000000024,1.9438478666666659,1.1420892,0.7417372000000039,160.85418879999997
FLORENCE STAGING FACILITY,2025-02-18,79.35478571428568,34.2069402142857,24.796053178571437,9.91352989285714,46.75165449999999,98.68779735714283,1.0056312142857142,1.8262259285714282,2.4036960357142862,2.4953388928571423,4.067375392857143,139.30489867857145
FLORENCE STAGING FACILITY,2025-03-03,98.46648969230787,46.15119076923076,37.11292146153846,18.061153461538478,75.43479938461539,117.48763876923084,2.316990000000002,4.552339076923077,-1.571206230769235,2.6192570000000046,-2.883564076923077,201.6272805384615
FLORENCE STAGING FACILITY,2025-03-17,104.54721899999979,40.816278999999994,44.495882,24.877624,78.25947500000004,131.2535709999998,1.287383999999999,3.9365629999999987,14.784152000000006,0.7061629999999955,11.770108999999994,187.47656899999987
FLORENCE STAGING FACILITY,2025-03-31,93.41837300000017,46.557418,41.529649,22.995991999999983,88.64475899999992,108.69500999999998,2.364481,4.797195,-2.895155000000005,3.3648660000000064,0.05429000000000477,203.9774440000001
FLORENCE STAGING FACILITY,2025-04-14,78.13777099999996,44.68251199999999,48.47924699999995,21.40683800000001,96.15216900000009,78.41058800000012,16.076239000000005,2.067344999999997,5.223121,5.732995999999998,5.1541859999999975,176.5960659999998
FLORENCE STAGING FACILITY,2025-04-28,53.468618000000006,89.24656200000007,65.11361000000001,24.558053000000005,143.490645,70.69051600000004,11.831574999999996,6.374121000000002,12.040104999999999,7.1658999999999935,31.564153000000008,181.61667100000028
FLORENCE STAGING FACILITY,2025-05-12,39.50840999999985,46.238035999999866,43.42221800000003,14.721192999999987,72.62185500000007,54.576913999999825,7.377400999999996,9.313687,-4.682407000000004,-2.59485,-10.856465000000005,162.02356299999988
FLORENCE STAGING FACILITY,2025-05-27,67.74115579999997,33.43395680000006,41.51585133333337,16.94870973333333,67.35560893333326,77.7172580000001,4.472294133333344,10.094512600000007,7.281977800000004,4.408734533333336,4.937262400000009,143.0117298000002
FLORENCE STAGING FACILITY,2025-06-09,95.15103900000031,54.67059384615389,60.42647769230769,20.952624153846152,85.09018876923088,133.47305276923083,2.0724009230769105,10.56507284615383,6.626394846153849,6.55473307692308,4.617585538461526,213.40200284615386
FLOYD COUNTY JAIL,2025-06-09,0.23506,0.756972,0.119522,0.063745,0.334661,0.601594,0.059761,0.179283,0,0,0,1.175299
FOLKSTON ANNEX IPC,2025-01-06,183.649485,21.57732,35.113402,16.515464,55.350515,201.505155,0,0,24.896907,5.927835,8.28866,217.742268
FOLKSTON ANNEX IPC,2025-01-21,181.5892313333335,18.915642666666646,37.51350693333334,15.826435199999999,53.433168666666646,200.41165400000003,0,0,18.742874266666664,2.554144666666669,0.26822133333333414,232.27958239999984
FOLKSTON ANNEX IPC,2025-02-18,191.9856312142856,23.117428571428587,35.05504153571427,15.763601321428585,63.85670264285717,202.065,0,0,28.712857142857143,3.0988272499999994,7.714624607142854,226.39539867857158
FOLKSTON ANNEX IPC,2025-03-03,213.80185707692334,41.049370769230755,42.12084669230773,14.06243946153843,74.57673907692298,236.45776307692302,0,0,-50.64504876923078,0.5092531538461501,10.482053923076924,350.6882330000002
FOLKSTON ANNEX IPC,2025-03-17,203.52388799999997,47.42969,54.467492999999976,13.77183500000001,80.92016500000007,237.266768,0,1.005984,-68.80607699999999,13.768703000000007,21.008459000000016,353.2218319999998
FOLKSTON ANNEX IPC,2025-03-31,204.15555499999962,58.611831999999985,52.00843200000002,13.34303099999998,101.08167999999998,226.03211900000002,0,1.0050640000000002,13.58381400000001,0.2575109999999979,25.592780999999995,288.6847570000001
FOLKSTON ANNEX IPC,2025-04-14,175.56912900000057,52.26758199999995,43.237998,10.257887000000014,75.27507600000003,205.26854099999971,0,0.7889520000000001,-22.38719200000001,-7.923045000000002,-13.835928999999997,325.4787349999996
FOLKSTON ANNEX IPC,2025-04-28,159.21535899999955,52.179091000000035,42.23003699999994,8.180271999999993,67.73105599999988,194.0746570000005,0,-0.0009550000000001343,-0.40229899999998714,2.707785000000001,11.012913999999991,248.48637300000024
FOLKSTON ANNEX IPC,2025-05-12,165.7623050000002,77.923419,42.084549000000024,10.050009999999995,84.6616799999999,211.15947099999954,0,-0.0008370000000001353,12.015921,12.896956999999995,23.63907800000001,247.26834299999973
FOLKSTON ANNEX IPC,2025-05-27,173.61620213333325,80.86272839999995,41.94429246666672,10.382573733333356,80.1269916666668,226.6795193333334,0,-0.0007291999999997264,-6.061656200000001,18.458241799999996,-11.152792466666673,305.5619886666667
FOLKSTON ANNEX IPC,2025-06-09,175.88722800000016,86.89049861538464,42.936747153846085,11.29583092307691,82.60191453846164,234.40906076923085,0,-0.0006706153846160681,13.175378076923083,21.062108692307692,23.98596576923076,258.78685215384587
FOLKSTON MAIN IPC,2025-01-06,367.731959,108.247423,77.85567,39.824742,149.28866,444.371134,0,0,40.835052,25.938144,24.773196,502.113402
FOLKSTON MAIN IPC,2025-01-21,325.03333453333323,131.4544364,90.45388933333336,34.33488559999999,165.67622133333342,415.60032453333355,0,0,29.06006026666667,25.01799253333332,17.381519466666667,509.8169736000001
FOLKSTON MAIN IPC,2025-02-18,316.3843156071429,141.6890415357143,97.94720264285714,40.33910132142858,174.16212460714283,421.90978571428576,0.2877558214285714,0,33.72983889285716,23.28951164285713,25.882541535714267,513.4577740714287
FOLKSTON MAIN IPC,2025-03-03,303.13780915384547,203.0951977692306,129.37686492307694,42.24964253846149,220.41848623076936,453.72496461538407,1.0061620769230768,2.7099024615384617,-13.876436692307765,-13.173003076923054,53.80758961538466,651.1013536923073
FOLKSTON MAIN IPC,2025-03-17,349.79170200000016,213.4575190000001,140.02943499999998,51.14019100000002,233.78795299999987,522.1420659999993,1.005167,-2.516338,-11.986693999999911,-10.335720999999987,29.876017999999995,746.8652439999995
FOLKSTON MAIN IPC,2025-03-31,357.2603999999997,210.50276199999982,132.43924499999997,64.201382,243.84837800000008,516.0316900000004,1.0043620000000004,3.519334,21.668706999999944,51.74937399999999,48.04436,642.9413480000003
FOLKSTON MAIN IPC,2025-04-14,326.2383920000003,161.90749800000023,94.85821499999994,41.28015400000004,171.13169600000012,456.1707380000007,0.5011719999999998,-3.519334,-122.56064900000001,-55.322342000000035,-84.792768,886.960018
FOLKSTON MAIN IPC,2025-04-28,298.62272200000007,185.64716000000018,99.81024300000016,49.678023,179.60207299999976,453.4397309999996,0.7163290000000002,0,8.236948000000016,-9.336574999999973,49.925863,584.9318970000002
FOLKSTON MAIN IPC,2025-05-12,287.81808200000006,187.9156679999999,98.08516899999995,48.31038500000003,173.14083700000006,447.12442100000044,1.0030689999999995,0.8609920000000001,34.287922000000044,39.82676300000003,36.99348900000002,511.0211449999998
FOLKSTON MAIN IPC,2025-05-27,300.2962643333332,184.4290469333328,114.07901006666653,50.29665120000003,181.03123860000002,462.51485393333326,1.0027056000000008,4.552142533333334,-13.401504600000044,3.346197866666656,1.9102384666666088,657.2460408000004
FOLKSTON MAIN IPC,2025-06-09,308.88259500000055,225.15207907692317,138.93809700000034,59.988191692307595,217.24841453846153,519.9631303846143,1.0023898461538465,-5.252935230769231,27.19507853846153,20.018319999999992,43.77865469230773,641.9688901538455
FREEBORN COUNTY ADULT DETENTION CENTER,2025-01-06,17.072165,9.546392,35.340206,10.402062,39.247423,33.113402,0,0,17.226804,5.649485,5,44.484536
FREEBORN COUNTY ADULT DETENTION CENTER,2025-01-21,5.921588666666669,8.44357226666666,48.38638746666668,8.457994933333323,50.52163640000002,20.687906933333306,0,0,-4.550586133333339,9.194031333333335,0.3594666666666702,66.20663146666666
FREEBORN COUNTY ADULT DETENTION CENTER,2025-02-18,13.977696035714278,12.70918439285714,41.09769603571427,10.929571428571437,46.24155978571431,32.47258307142858,0,0,7.788131214285711,-4.339898678571432,5.004112964285712,70.26179735714284
FREEBORN COUNTY ADULT DETENTION CENTER,2025-03-03,13.604556692307701,18.284190230769234,41.63984453846157,12.940223384615365,45.949800307692314,40.519037230769264,0,0,20.74235969230769,-10.711184076923075,5.6226242307692385,70.81503769230774
FREEBORN COUNTY ADULT DETENTION CENTER,2025-03-17,12.699819,16.390710000000013,40.29826599999991,16.392076000000007,47.60369499999998,38.177176999999965,0,0,6.4569589999999994,4.294626000000002,4.283822999999992,70.74545199999999
FREEBORN COUNTY ADULT DETENTION CENTER,2025-03-31,16.293208999999997,12.004299999999976,40.00904099999999,15.883908000000003,46.593178999999964,37.597279999999955,0,0,5.027159999999997,4.652364999999995,7.372514999999997,67.13841800000007
FREEBORN COUNTY ADULT DETENTION CENTER,2025-04-14,14.784453000000017,13.870354000000004,35.700043000000015,12.290328000000013,43.718256999999994,32.92689400000005,0,0,4.6027520000000095,6.445867000000005,13.831843000000001,51.76470200000001
FREEBORN COUNTY ADULT DETENTION CENTER,2025-04-28,14.066904999999972,16.093462000000013,34.55361800000004,12.289707000000005,44.07658199999995,32.92712400000001,0,0,-3.5019260000000094,11.754556000000004,12.533807000000008,56.21726900000002
FREEBORN COUNTY ADULT DETENTION CENTER,2025-05-12,14.210985000000035,21.400112000000004,36.42133399999999,14.298168999999982,52.68578600000001,33.644798,0,0,-6.649665999999992,-3.7482599999999997,-1.4614850000000064,98.18999499999998
FREEBORN COUNTY ADULT DETENTION CENTER,2025-05-27,14.933442466666657,21.504856799999985,32.7783958,12.202187866666645,43.39888766666663,38.02001020000001,0,0,3.4401407333333434,7.818558266666666,-12.7427682,82.90296706666668
FREEBORN COUNTY ADULT DETENTION CENTER,2025-06-09,21.873792846153858,18.40627169230769,36.225250076923025,9.452566615384617,41.99341115384623,42.265408538461436,0,1.699042153846154,13.323322846153832,5.854831538461536,-1.175614538461533,67.95530261538457
GEAUGA COUNTY JAIL,2025-01-06,26.371134,14.185567,7.989691,2.907216,23.278351,23.154639,2.587629,2.43299,7.298969,7.206186,4.278351,32.670103
GEAUGA COUNTY JAIL,2025-01-21,22.309657866666658,10.015362266666655,5.958018800000006,1.8584554666666653,14.9137068,24.822225200000016,-1.778909466666668,2.1844653333333306,-12.9127308,-5.0142818666666695,-1.0126931999999973,59.081193733333386
GEAUGA COUNTY JAIL,2025-02-18,29.339732535714283,13.542797357142856,7.187654499999995,3.144958464285714,20.06307142857143,27.489458464285708,0.9246013214285712,4.738011642857144,4.715274071428573,1.7079402142857174,-0.5835000000000008,47.37542857142854
GEAUGA COUNTY JAIL,2025-03-03,24.370604538461556,11.60231153846154,7.073402461538465,2.846173923076925,13.329943384615385,18.34664976923075,0.9948171538461543,13.221094000000003,-13.889526461538459,-9.012864615384615,-15.967693076923078,84.7625884615385
GEAUGA COUNTY JAIL,2025-03-17,6.309308999999952,8.829675999999997,7.715159000000004,1.0608250000000023,6.2692200000000025,6.037734,0.9956620000000019,10.612341999999996,2.6402909999999986,-0.021845000000001034,4.3043710000000015,16.99214099999998
GEAUGA COUNTY JAIL,2025-03-31,10.78079100000007,9.839455000000012,5.991276000000004,1.421572999999995,5.636420000000011,7.9932210000000135,0.9963279999999973,13.407126000000005,3.430737999999999,0.627956999999997,1.2130890000000025,22.76129799999996
GEAUGA COUNTY JAIL,2025-04-14,18.545601,11.780453000000014,3.623277999999995,1.9969390000000016,7.227087999999965,11.522394999999992,-0.008275999999999126,17.205063999999986,-1.3798219999999983,-0.08786499999999771,2.7927489999999984,34.621222000000024
GEAUGA COUNTY JAIL,2025-04-28,21.49164899999999,7.618466999999977,1.9752050000000085,1.5667260000000007,5.727756000000032,14.830394000000037,-0.007169000000000584,12.101051,0.4892380000000003,0.9909039999999923,4.011895999999999,27.160008999999977
GEAUGA COUNTY JAIL,2025-05-12,19.411970999999994,3.675352999999989,2.050056999999989,0.9933340000000044,7.098267999999995,10.026585999999952,-0.006262999999998036,9.012123000000006,-0.011642000000002943,2.570512,2.7189299999999963,20.85291500000007
GEAUGA COUNTY JAIL,2025-05-27,21.460662199999994,2.2263886000000337,3.6545979333333283,0.994142733333327,5.085737933333348,13.173765066666663,-0.005497266666668566,10.08178473333334,-0.010230999999998857,-0.011613533333328025,-0.20817126666666277,28.565807266666646
GEAUGA COUNTY JAIL,2025-06-09,30.028655307692343,3.7394426923076654,3.9906110000000146,3.3889079230769292,8.741426692307694,19.84931815384621,-0.0048850000000015825,12.561756076923075,2.3850268461538393,1.0709042307692278,6.403587769230766,31.288098076923163
GLADES COUNTY DETENTION CENTER,2025-04-14,1.251282,0.266667,1.748718,1.712821,2.6,2.328205,0.051282,0,1.482051,0.225641,0.215385,3.05641
GLADES COUNTY DETENTION CENTER,2025-04-28,33.223677,10.692492,53.02990799999999,68.747776,104.26985,60.419484999999995,1.004547,0,59.27520599999999,9.903220999999998,5.09466,91.42078000000001
GLADES COUNTY DETENTION CENTER,2025-05-12,55.733719000000015,19.080890000000004,54.864728,71.93641,113.82343,86.788333,1.003969,0,41.088192,13.700141000000002,8.96619,137.86122400000002
GLADES COUNTY DETENTION CENTER,2025-05-27,94.23310419999999,38.41866466666666,91.68231233333333,79.08785306666668,146.68049566666662,155.73794433333336,1.0034783333333333,0,41.40824233333333,27.307260199999998,14.322125333333332,220.38430639999996
GLADES COUNTY DETENTION CENTER,2025-06-09,66.67789669230768,24.07817892307692,64.43285376923079,59.48577230769227,102.92815084615394,110.74349438461537,1.0030942307692308,0,-96.26661684615384,-12.369799923076926,7.483693230769229,315.82744461538465
GOLDEN STATE ANNEX,2025-01-06,171.041237,58.793814,94.731959,151.412371,246.690722,229.28866,0,0,150.773196,22.762887,15.134021,287.309278
GOLDEN STATE ANNEX,2025-01-21,208.3369849333331,84.09214853333336,104.40506786666666,164.93944279999997,277.3459495999998,284.4276880000003,0,0,93.23965279999999,23.94647160000001,4.2406628000000035,440.34685040000016
GOLDEN STATE ANNEX,2025-02-18,205.85091032142867,68.07687539285712,119.49537539285711,171.33225582142845,285.8157674642859,278.93965449999985,0,0,144.93302989285706,19.078470107142866,8.317053178571419,392.42686878571425
GOLDEN STATE ANNEX,2025-03-03,223.50076561538467,75.07628330769232,143.89601746153843,191.22347761538492,322.1104163846148,311.58612861538467,0,0,205.71171192307716,18.43737961538458,-16.961331307692298,426.5087729230772
GOLDEN STATE ANNEX,2025-03-17,235.08124099999986,75.99808500000005,150.41721300000012,191.40291800000003,343.7655190000005,309.13392699999997,0,0,102.07936599999994,23.797349000000004,16.394470999999985,510.62827099999987
GOLDEN STATE ANNEX,2025-03-31,237.33387800000023,79.07572699999984,160.86094199999985,195.39584799999986,340.2437969999997,332.0634860000001,0,0.359112,113.47041300000014,22.287256000000006,13.300292999999995,523.6084329999996
GOLDEN STATE ANNEX,2025-04-14,242.46541399999998,76.12126500000015,164.40913,188.33387000000013,322.38313899999986,342.7005220000002,5.241026,1.0049919999999999,77.23875299999989,30.39986200000005,6.764859000000017,556.9261909999997
GOLDEN STATE ANNEX,2025-04-28,245.23082900000009,72.88491699999993,168.32081300000002,201.23651099999967,348.2600420000007,343.6497330000005,-5.241026,1.0043210000000002,160.75222499999992,41.01615099999994,17.604983999999995,468.29972400000094
GOLDEN STATE ANNEX,2025-05-12,226.33187100000006,70.58547099999994,169.0070069999999,195.40412700000005,333.0794019999999,327.74753099999936,0,0.501527,16.45150100000033,-9.64955699999999,16.381044000000006,638.1454879999999
GOLDEN STATE ANNEX,2025-05-27,214.118896533333,64.05167540000015,174.21622660000017,189.345345666667,322.1495742000004,319.58333926666575,0,-0.0007543333333330793,89.42338006666638,26.151703666666677,9.458685799999996,516.6983587333331
GOLDEN STATE ANNEX,2025-06-09,250.035102769231,74.41238315384614,174.8871634615383,195.2472229999996,346.6918666923067,347.89068176923206,0,-0.0006566923076926165,134.79227315384645,-12.59896023076922,28.839054230769236,543.5495236153846
GRAND FORKS COUNTY CORRECTIONAL FACILITY,2025-02-18,0.057143,0.035714,1.385714,0,0.5,0.957143,0.021429,0,0,0.014286,0.028571,1.435714
GRAND FORKS COUNTY CORRECTIONAL FACILITY,2025-03-03,0.9287356153846154,-0.00022723076923076164,8.120655230769229,0,4.1003067692307695,3.4779097692307674,0.5418305384615385,0.9291056923076924,1.0065321538461538,0.30961061538461543,1.2386319230769232,6.494388923076925
GRAND FORKS COUNTY CORRECTIONAL FACILITY,2025-03-17,1.3644869999999998,-0.00019999999999997797,8.754768,0.287424,3.085001999999999,7.178623,0.07146699999999992,0.0713869999999999,-0.934637,-0.287664,-0.144501,11.773281
GRAND FORKS COUNTY CORRECTIONAL FACILITY,2025-03-31,-0.0012859999999998348,-0.00016800000000007285,10.687727000000004,0.646275,0.7845690000000006,10.548775000000003,-0.00036699999999991107,-0.0004289999999999493,0,-6.199999999997477e-05,-0.0005839999999999179,11.333207
GRAND FORKS COUNTY CORRECTIONAL FACILITY,2025-04-14,0.42965600000000037,-0.00013799999999993977,6.660776999999996,-0.0003609999999999606,2.866781000000001,4.223822999999998,-0.0003090000000000513,-0.0003609999999999606,0.358974,1.364038,-1.0056420000000001,6.372550999999995
GRAND FORKS COUNTY CORRECTIONAL FACILITY,2025-04-28,0.3577439999999998,-0.00012900000000001403,10.533970000000002,0.9326920000000001,8.750655999999998,3.074233999999998,-0.00026000000000005386,-0.0003229999999999781,-0.358974,-0.07227799999999997,0.5022979999999999,11.753261
GRAND FORKS COUNTY CORRECTIONAL FACILITY,2025-05-12,0.14243399999999998,0.860883,2.780829999999997,-0.0005580000000000902,1.8581860000000014,1.9258840000000046,-0.00024799999999989907,-0.0002790000000000451,0.358752,-0.28742599999999996,-0.2872399999999999,3.9994730000000067
GRAND FORKS COUNTY CORRECTIONAL FACILITY,2025-05-27,0.8693223333333331,2.9453483333333335,2.2601917333333406,0.20035353333333342,3.0726829999999987,3.2029847333333312,-0.00020973333333328034,-0.0002430666666666544,-0.3348352,-0.00030153333333349984,0.8701843999999999,5.740168266666668
GRAND FORKS COUNTY CORRECTIONAL FACILITY,2025-06-09,4.323776384615385,7.026864538461537,0.9119729230769124,-0.00048730769230769075,3.3912153076923084,8.871316076923081,-0.0001693846153846524,-0.00021707692307693094,0,1.3898586923076925,0.9264118461538462,9.945836615384625
GRAYSON COUNTY JAIL,2025-01-06,0.608247,0.268041,0.484536,0.57732,1.247423,0.628866,0.051546,0.010309,0.103093,0.072165,0,1.762887
GRAYSON COUNTY JAIL,2025-01-21,0.6063862666666665,0.4786654666666668,0.2092981333333332,1.712442666666666,1.854436400000002,-0.3117912000000004,0.5672327999999999,0.8969145333333334,1.0741924000000003,-0.35094466666666674,0.8437333333333333,1.439804933333331
GRAYSON COUNTY JAIL,2025-02-18,6.142970107142858,2.22251825,6.285112964285714,2.6012857142857153,1.9423571428571418,0.33998174999999975,5.918267464285714,9.051285714285713,2.7325896785714283,0.5109402142857142,1.7781013214285715,12.23025582142857
GRAYSON COUNTY JAIL,2025-03-03,16.170846692307688,9.286673461538463,13.771294999999999,3.8640986153846155,2.623006153846155,1.7002779230769238,16.096262692307697,22.673356153846157,9.13148623076923,1.0057801538461537,5.881473615384616,27.074161923076925
GRAYSON COUNTY JAIL,2025-03-17,26.210001,9.692176999999997,15.002195,4.231537000000001,3.0805439999999993,4.236087,19.242379999999994,28.576922999999997,9.835712000000003,1.0767140000000002,9.838913,34.38460600000001
GRAYSON COUNTY JAIL,2025-03-31,43.641621,12.198368,29.930026999999995,4.587989999999995,10.261456999999998,9.619438,29.928634999999993,40.548452,8.894266999999997,6.965401999999999,15.217420000000004,59.280905999999995
GRAYSON COUNTY JAIL,2025-04-14,38.87256100000002,9.892962000000002,29.263155000000015,8.247148000000001,9.823909000000006,3.366395999999997,31.84658300000001,41.238924,14.058162999999999,4.519078000000001,11.473381999999996,56.225189999999984
GRAYSON COUNTY JAIL,2025-04-28,40.358521999999994,13.835523999999996,29.821200999999974,10.108772,15.201569999999995,3.939326000000002,34.98674599999999,39.996391,14.624534999999996,10.617008999999998,16.347758999999996,52.53473100000003
GRAYSON COUNTY JAIL,2025-05-12,40.19692399999998,11.748570000000004,31.960237000000024,11.754306000000001,16.126931999999993,8.171159999999999,34.25299599999999,37.108965,14.187375,8.458802999999998,17.344458999999997,55.669384999999984
GRAYSON COUNTY JAIL,2025-05-27,39.90907413333334,10.759292266666655,29.748004000000005,10.228785533333333,10.291011866666683,0.12452806666667206,32.02075740000003,48.20884366666669,-1.961781666666669,5.815516800000008,-1.6947260666666504,88.48613093333333
GRAYSON COUNTY JAIL,2025-06-09,59.327844923076974,11.024145846153855,27.061625846153813,11.02874223076923,6.854169384615366,7.405678076923073,34.70373376923075,59.4787776153846,12.879759769230777,9.798838153846146,6.546236230769234,79.21758184615388
GREENE COUNTY JAIL,2025-03-03,5.529412,1.235294,3.026144,1.888889,4.732026,6.228758,0.294118,0.424837,1.784314,1.091503,1.660131,7.143791
GREENE COUNTY JAIL,2025-03-17,113.21239599999998,23.417750000000005,69.89804,49.856957,120.402798,122.69324600000002,4.022182000000002,9.266917000000003,44.899498,25.861735000000003,36.636759,148.987163
GREENE COUNTY JAIL,2025-03-31,102.62705600000001,23.612794999999988,76.803328,50.24372299999999,126.54491599999999,112.81803599999996,5.024282999999999,8.899653999999998,47.01447799999999,21.098588,22.168101000000004,163.005723
GREENE COUNTY JAIL,2025-04-14,92.57804199999997,21.514559000000002,76.74951600000001,48.91641099999999,118.70255800000002,104.48519800000005,6.887471000000001,9.683300000000003,11.730362000000014,16.848533999999997,11.887543000000003,199.29207499999998
GREENE COUNTY JAIL,2025-04-28,79.96949400000007,30.115472000000004,76.56297200000004,45.874980000000015,111.24481199999991,104.86038199999997,7.0269309999999985,9.390791999999996,12.661222999999998,22.007575000000006,8.007880999999998,189.84625299999996
GREENE COUNTY JAIL,2025-05-12,80.29619999999997,36.558357999999984,74.0169439999999,41.19114200000003,100.07504600000013,110.26804800000004,6.808315000000001,14.911250000000004,17.394344999999994,7.002155,5.782674999999991,201.883501
GREENE COUNTY JAIL,2025-05-27,94.1220233333334,57.73599680000004,61.216292200000076,36.95410706666662,96.57291553333332,126.36564953333327,5.146246466666662,21.94360786666666,20.445446266666657,-1.0317406666666709,-15.023068666666662,245.63773666666663
GREENE COUNTY JAIL,2025-06-09,102.64540784615369,45.20735846153845,56.2671991538461,31.208778307692366,86.2489073076922,122.30892007692316,5.397075923076928,21.373840461538467,14.709947230769243,1.5203810769230761,-6.430263538461549,225.52869738461538
GUAYNABO MDC (SAN JUAN),2025-01-06,0.319588,0.804124,4.597938,0.71134,3.42268,2.463918,0.247423,0.298969,0.309278,0,0.175258,5.948454
GUAYNABO MDC (SAN JUAN),2025-01-21,-0.21970826666666643,0.2909231999999993,2.926005066666668,-0.06715466666666714,1.3835573333333324,1.9221357333333324,-0.1700969333333333,-0.2055307999999999,-0.5742162666666666,0,-0.7231522666666668,4.227433866666669
GUAYNABO MDC (SAN JUAN),2025-02-18,0.11419603571428562,0.6985896785714287,3.6335896785714232,1.538887035714286,3.573559785714287,2.1445298928571424,0.3401960357142856,-0.07301824999999999,0.7718272500000001,0,0.0257857142857143,5.1876545
GUAYNABO MDC (SAN JUAN),2025-03-03,-0.0014563846153846564,-0.0047533076923072645,6.011583000000008,1.8530403846153842,5.011535384615382,2.3074606923076955,-0.0014563846153846564,0.5408513076923074,-1.550523461538462,0,-0.00032246153846158767,9.409260615384614
HANCOCK COUNTY PUBLIC SAFETY COMPLEX,2025-01-06,5.597938,2.907216,2.525773,0.690722,3.494845,7.525773,0.092784,0.608247,0,0,0.010309,11.71134
HANCOCK COUNTY PUBLIC SAFETY COMPLEX,2025-01-21,10.193738399999999,2.4611221333333333,5.134016399999999,0.9112829333333338,6.456612666666664,11.640683066666657,-0.0035221333333333624,0.6063862666666665,0.8437333333333333,0.6629333333333333,0.23398120000000003,16.95951200000001
HANCOCK COUNTY PUBLIC SAFETY COMPLEX,2025-02-18,7.6784285714285705,4.72848175,3.3367259285714277,0.9789817500000001,4.955571428571425,10.586981750000003,0.3245896785714285,0.8554701071428578,0.23141692857142862,0.1124584642857143,1.6010714285714283,14.77766110714286
HANCOCK COUNTY PUBLIC SAFETY COMPLEX,2025-03-03,18.230014153846152,8.8829073076923,6.019835538461537,1.0789196153846161,7.63836323076923,24.178262846153864,0.696001769230769,1.6990714615384606,-0.4654427692307693,0.3865231538461539,-2.634768769230769,36.9253866923077
HANCOCK COUNTY PUBLIC SAFETY COMPLEX,2025-03-17,11.883287999999993,9.678454000000013,4.795074,1.3604859999999985,7.446717000000002,16.467732999999985,0.4300790000000002,3.372786000000001,0.43062700000000004,1.5082789999999997,0.8616949999999999,24.916712999999977
HANCOCK COUNTY PUBLIC SAFETY COMPLEX,2025-03-31,21.647207000000012,13.192279000000001,7.9538500000000045,2.5091560000000004,10.029534000000004,27.450616000000018,1.219899,6.602406,-0.07244000000000003,0.4296510000000003,-0.14453799999999997,45.08982000000002
HANCOCK COUNTY PUBLIC SAFETY COMPLEX,2025-04-14,19.051713,13.903122999999985,6.083556000000003,2.795008000000002,8.158632000000003,27.93976799999999,0.2857629999999993,5.449235999999997,0.2866700000000001,-0.7192289999999996,-0.43148200000000003,42.697441999999974
HANCOCK COUNTY PUBLIC SAFETY COMPLEX,2025-04-28,12.657211000000009,8.370658000000017,4.072357999999992,1.6454439999999997,4.855088999999988,18.455008999999986,0.7163780000000008,2.7192090000000024,-0.07232400000000005,-0.14439300000000038,0.28661600000000015,26.675758000000023
HANCOCK COUNTY PUBLIC SAFETY COMPLEX,2025-05-12,12.511928999999977,6.790487999999998,3.2830080000000033,1.1428679999999989,5.859829000000007,14.936007000000018,0.21386799999999997,2.718573,0.14305399999999985,0.645031,0.716992,22.223215999999997
HANCOCK COUNTY PUBLIC SAFETY COMPLEX,2025-05-27,13.882872199999989,6.3356079333333275,5.272602133333332,1.1333088666666677,6.203797533333348,17.75164073333332,0.4673655999999994,2.201618133333333,0.13346013333333342,0.3339397999999998,-0.8709228000000001,27.027945866666656
HANCOCK COUNTY PUBLIC SAFETY COMPLEX,2025-06-09,17.876399769230794,6.000704384615381,6.7804987692307686,0.45885592307691836,3.840146230769208,23.732307769230758,0.38491507692307675,3.159090769230768,-0.46379953846153843,-0.07801515384615353,-0.46371707692307673,32.121973230769285
HARDIN COUNTY JAIL,2025-05-12,0.174888,0.295964,0.452915,0.143498,0.775785,0.29148,0,0,0.304933,0.121076,0.116592,0.524664
HARDIN COUNTY JAIL,2025-05-27,8.434552733333334,4.7519756,10.91042373333333,0.9366434000000002,14.591132200000002,10.442463266666667,0,0,1.4715398000000002,2.4765325333333323,4.2171628,16.86837626666666
HARDIN COUNTY JAIL,2025-06-09,10.191544692307692,8.106805076923077,11.811703384615384,1.2349093076923077,14.744298230769232,13.279788846153846,0,3.3208753846153845,0.693558076923077,1.3118196923076937,3.4738407692307707,25.865725538461547
HENDERSON DETENTION,2025-01-06,7.164948,19.154639,25.309278,10.536082,41.690722,10.824742,6.721649,2.927835,20.494845,14.814433,6.082474,20.773196
HENDERSON DETENTION,2025-01-21,15.203406399999995,19.677158533333326,31.29618373333333,14.8143976,51.19234960000001,23.354618933333327,6.588693199999996,-0.14452199999999873,24.48114599999999,11.330771066666678,9.559303199999999,35.61991946666669
HENDERSON DETENTION,2025-02-18,15.192797357142856,20.50594682142857,25.112684392857155,11.767274071428574,39.70468439285715,17.763988357142857,9.201714285714287,5.908315607142858,15.61564285714285,9.7378455,7.617327250000001,39.60788703571427
HENDERSON DETENTION,2025-03-03,22.62292661538462,21.39707930769233,26.078035615384614,11.308165076923073,37.19758884615378,22.829578461538457,9.78602723076922,11.593012076923081,-2.143467846153831,3.938332615384612,-0.6635720769230777,80.27491392307698
HENDERSON DETENTION,2025-03-17,19.408914,23.95424699999999,26.431605000000022,12.004538000000009,36.252245000000066,21.758569000000016,11.883716999999999,11.904773000000002,-9.44960900000001,5.313566999999986,11.316579000000006,74.61875499999996
HENDERSON DETENTION,2025-03-31,25.14675700000001,27.038668000000012,23.77367599999999,8.05356899999999,31.876196999999983,27.210273999999995,11.089559000000024,13.836639999999989,-2.960169999999997,-2.2211229999999853,10.880875999999992,78.31309900000004
HENDERSON DETENTION,2025-04-14,25.997471,28.684409999999975,20.401043999999988,6.835606999999998,34.037571000000035,24.75957200000003,10.799776999999981,12.321625999999997,-4.237675999999998,-6.302197000000011,-0.1071559999999993,92.56557500000001
HENDERSON DETENTION,2025-04-28,25.19877,28.75060700000001,12.294690999999991,5.546641000000006,23.850719999999974,22.88747399999998,13.166306000000011,11.886210000000005,7.688898000000011,0.025376000000002414,6.715811999999995,57.360623999999916
HENDERSON DETENTION,2025-05-12,24.976513999999984,28.817787000000017,12.517772999999968,4.47349899999998,17.618335999999935,28.62357599999999,14.311345999999974,10.232316000000017,4.965631999999979,-17.977815999999994,5.137148000000009,78.66062600000012
HENDERSON DETENTION,2025-05-27,22.565356533333336,33.91618819999997,13.423322266666704,6.116943200000029,20.929552800000117,35.47448133333337,11.879008733333345,7.738752399999991,8.919674666666682,3.785016600000002,2.3165182666666624,61.00058673333321
HENDERSON DETENTION,2025-06-09,29.749289538461547,29.796911769230835,16.203252153846105,4.517533230769214,18.62051599999988,42.01524399999995,9.849071769230774,9.782154923076929,-1.0517147692307844,4.605337769230766,1.52035276923077,75.19301192307704
HONOLULU FEDERAL DETENTION CENTER,2025-01-06,3.309278,4.340206,3.484536,3.587629,8.42268,3.43299,0,2.865979,5.474227,1.494845,0.42268,7.329897
HONOLULU FEDERAL DETENTION CENTER,2025-01-21,5.0172504,7.442387466666665,14.901031466666666,5.970957199999998,17.41235733333333,11.260198666666671,0.9642666666666667,3.69480386666667,15.943850266666663,2.4678126666666667,0.6736906666666665,14.24627293333333
HONOLULU FEDERAL DETENTION CENTER,2025-02-18,3.7144103214285735,7.655446821428574,13.416838892857141,4.819059785714288,17.77241692857143,7.562488357142856,1.1739883571428573,3.0968571428571425,12.15294021428571,4.560541535714285,1.864559785714286,11.027714285714296
HONOLULU FEDERAL DETENTION CENTER,2025-03-03,5.783591615384607,13.592128076923078,30.22989884615384,3.9994384615384626,26.32878015384617,19.942627076923074,2.320584461538462,5.013076153846157,16.439974769230783,8.192708384615388,4.021339538461537,24.951034307692296
HONOLULU FEDERAL DETENTION CENTER,2025-03-17,4.432582000000009,17.353136,31.780471000000016,2.9935469999999946,28.380175999999988,20.65664899999999,1.9370999999999998,5.585798999999996,16.618954999999996,8.103526,5.598728000000002,26.238538999999996
HONOLULU FEDERAL DETENTION CENTER,2025-03-31,4.216499999999996,16.26535899999999,28.311676000000002,3.425475000000006,29.658391999999985,14.610316000000012,1.145730999999999,6.804582999999996,14.959679000000003,9.965955,5.809970999999998,21.48340600000001
HONOLULU FEDERAL DETENTION CENTER,2025-04-14,4.000788,12.811869000000017,27.795125999999982,3.066951000000001,25.481796,15.681658000000002,1.0017270000000005,5.509567000000004,10.934690999999995,7.6631550000000015,5.806482999999998,23.270405999999998
HONOLULU FEDERAL DETENTION CENTER,2025-04-28,5.723175000000002,10.583491999999994,26.133580999999985,2.9240159999999946,23.393317000000025,17.614258,0.7144190000000005,3.6422559999999993,13.589368000000004,5.363780999999993,5.157776,21.253325
HONOLULU FEDERAL DETENTION CENTER,2025-05-12,4.358828999999998,18.33084799999998,25.264793000000022,4.144310000000003,25.254267000000027,20.191840000000006,-0.003085000000000702,6.655774,12.510889999999986,4.50196100000001,6.949618000000007,28.136310999999978
HONOLULU FEDERAL DETENTION CENTER,2025-05-27,2.928840599999997,31.963365800000034,25.846814866666683,4.670141600000004,26.23923546666665,29.816633199999977,-0.0027148000000011053,9.355994066666677,9.999061066666673,6.476658666666663,6.41625993333333,42.5171832
HONOLULU FEDERAL DETENTION CENTER,2025-06-09,2.2239759230769343,29.228942230769217,25.65622346153843,2.378620307692306,25.107317230769205,27.217593076923094,-0.0024136923076893114,7.16528469230768,11.543745538461561,3.9218209230769108,-4.026975307692309,48.04919015384614
HOPKINS COUNTY JAIL,2025-05-12,0.560538,0.2287,0.412556,0.340807,0.923767,0.587444,0.026906,0.004484,0.071749,0.313901,0.286996,0.869955
HOPKINS COUNTY JAIL,2025-05-27,21.822296666666663,6.693713733333332,23.630481866666667,4.885678799999998,22.289395066666664,33.4709282,-0.00011693333333333556,1.2719806666666666,6.560487466666666,5.823058133333333,3.1452926,41.5033488
HOPKINS COUNTY JAIL,2025-06-09,43.78160323076923,18.223646923076924,32.58341107692308,6.793711230769232,34.9759536923077,53.20058069230769,1.003881076923077,12.201919230769231,14.208320307692308,2.468713846153846,14.053916846153841,70.65140307692309
HOUSTON CONTRACT DETENTION FACILITY,2025-01-06,839.247423,6.28866,0.57732,1.515464,6.927835,483.979381,1.969072,354.752577,1.618557,1.876289,4.814433,839.319588
HOUSTON CONTRACT DETENTION FACILITY,2025-01-21,707.6293697333332,58.474621333333324,13.705509333333332,9.56510186666667,48.75414466666667,442.5507108000005,8.710862933333335,289.3588969333335,14.7374276,13.475445199999998,23.62943773333334,737.5322917333339
HOUSTON CONTRACT DETENTION FACILITY,2025-02-18,725.1751727500003,47.84588703571428,19.19683889285714,10.68574417857143,45.7804584642857,456.8911727499996,13.296559785714283,286.9354468214286,17.589488357142855,17.291553178571426,18.294172749999998,749.7284285714288
HOUSTON CONTRACT DETENTION FACILITY,2025-03-03,626.3943137692314,95.56701315384618,47.96694853846154,17.238564230769228,72.73292869230772,419.490943461539,21.724403076923085,273.2185753076925,27.67802507692308,24.503648230769237,13.564901307692306,721.4202650769226
HOUSTON CONTRACT DETENTION FACILITY,2025-03-17,629.4148579999985,129.68584400000003,53.765021999999995,21.022182000000004,63.09209500000001,394.7690109999998,45.59069699999999,330.4361029999995,44.86227200000001,24.60049400000001,22.072832999999996,742.352306999999
HOUSTON CONTRACT DETENTION FACILITY,2025-03-31,604.4943300000003,130.955441,59.54170400000002,20.361299,63.19938099999997,391.1749109999998,44.333586000000004,316.64488300000085,36.28137799999997,27.960629999999988,37.288095,713.8226840000009
HOUSTON CONTRACT DETENTION FACILITY,2025-04-14,623.366928000001,141.86440299999998,59.43314400000002,17.765831,70.49384900000008,408.6062070000002,64.48054800000003,298.8497289999993,23.840960000000027,39.57653799999998,26.210825000000018,752.801984000001
HOUSTON CONTRACT DETENTION FACILITY,2025-04-28,646.7866799999985,160.52849999999995,59.40383500000001,15.964669999999987,77.21236499999999,453.49627799999973,50.23434299999998,301.74067000000025,45.93883999999999,36.685904,42.421800999999995,757.6371259999994
HOUSTON CONTRACT DETENTION FACILITY,2025-05-12,541.0914940000013,160.5338800000001,52.77912499999996,13.305424000000016,63.338164999999925,388.9945120000006,50.93138699999999,264.4458740000004,40.466678,25.76570000000002,26.763483000000015,674.7140779999983
HOUSTON CONTRACT DETENTION FACILITY,2025-05-27,526.9425264666653,157.59404993333337,76.21780193333338,14.087263600000005,88.94933966666673,415.6556772666673,50.72713953333332,219.50948546666575,24.89777846666669,36.0883708,57.973799399999976,655.8816783333352
HOUSTON CONTRACT DETENTION FACILITY,2025-06-09,540.8313676153865,178.43295315384603,74.95784515384611,17.261667538461516,108.88650561538452,451.01201976922925,37.676618384615374,213.90868969230863,39.08395161538458,37.391402923076946,45.79848530769232,689.2099936153838
IAH SECURE ADULT DETENTION FACILITY (POLK),2025-01-06,783.597938,24.958763,10.237113,4.185567,17.639175,805.340206,0,0,6.371134,3.195876,5.175258,808.237113
IAH SECURE ADULT DETENTION FACILITY (POLK),2025-01-21,543.2700050666666,154.54141506666664,53.59059506666666,20.204695600000004,78.5147233333333,693.0919874666666,0,0,21.35392453333333,17.570410133333336,17.11364773333333,715.5687284000004
IAH SECURE ADULT DETENTION FACILITY (POLK),2025-02-18,591.9760896785712,84.08591692857145,49.5197857142857,19.38039867857142,74.8254103214286,670.1367857142852,0,0,10.35989867857143,15.01141032142857,25.305815607142858,694.2850714285711
IAH SECURE ADULT DETENTION FACILITY (POLK),2025-03-03,386.29477084615456,97.92342384615382,67.2898733846154,31.066973000000015,92.9114388461538,489.66357953846233,0,0,1.723560230769233,0.10862699999999957,14.874929615384609,565.8679015384618
IAH SECURE ADULT DETENTION FACILITY (POLK),2025-03-17,542.971194,205.11083599999998,55.242996999999995,22.426477999999992,154.537005,671.2145109999993,0,0,33.292431000000015,28.775543999999993,71.360377,692.3231519999993
IAH SECURE ADULT DETENTION FACILITY (POLK),2025-03-31,490.1027200000005,246.62960999999996,52.98994600000002,16.741725000000006,152.42078999999998,654.0431980000004,0,0,28.241671999999976,27.103086000000012,77.984192,673.1350500000002
IAH SECURE ADULT DETENTION FACILITY (POLK),2025-04-14,523.7084899999993,245.69816399999996,57.134980000000006,18.96342100000002,179.83728200000016,665.6677720000007,0,0,15.806976000000011,28.021616000000012,75.35055999999999,726.3259020000011
IAH SECURE ADULT DETENTION FACILITY (POLK),2025-04-28,531.1972979999991,265.8965040000003,69.74847099999995,17.882197999999985,195.47153199999983,689.2529529999987,0,0,40.851966999999995,45.66465399999999,89.16483300000002,709.0430160000002
IAH SECURE ADULT DETENTION FACILITY (POLK),2025-05-12,473.800332000001,246.92295399999966,66.06704700000013,21.107755999999977,188.86522399999998,619.0328490000019,0,0,30.287597000000005,29.78747999999999,65.95132299999997,681.8716879999993
IAH SECURE ADULT DETENTION FACILITY (POLK),2025-05-27,438.77591759999825,221.3864069333334,84.26449133333323,22.839156600000024,180.21023573333343,586.3193289333315,0,0.7364068,42.3147271333333,26.852034733333312,84.22195773333338,613.8772518666655
IAH SECURE ADULT DETENTION FACILITY (POLK),2025-06-09,484.2942627692313,226.26824369230766,93.98362876923085,30.295154692307662,224.2316316923075,609.6058779999998,0,1.0038179999999999,91.14190223076926,31.449114076923113,106.74822107692307,605.5020903076936
IMPERIAL REGIONAL DETENTION FACILITY,2025-01-06,596.051546,16.845361,30.010309,30.865979,74.917526,535.670103,1.154639,62.030928,41.793814,11.896907,14.28866,605.793814
IMPERIAL REGIONAL DETENTION FACILITY,2025-01-21,577.4626994666663,19.75804146666666,40.660114533333335,31.21267053333334,77.3468301333333,527.5483937333333,1.5566251999999992,62.64167039999999,12.550815199999972,10.082074266666677,11.390887999999995,635.0697485333333
IMPERIAL REGIONAL DETENTION FACILITY,2025-02-18,597.0456960357145,19.085142857142873,34.82814285714288,32.506161107142866,71.2258156071429,548.3725896785714,1.527410321428572,62.33932725,30.44187539285716,14.251553178571426,9.711410321428568,629.0603039642863
IMPERIAL REGIONAL DETENTION FACILITY,2025-03-03,577.1968093076922,18.15746815384612,34.476978153846176,34.79237976923077,70.97750161538464,538.2366734615375,2.237032692307692,53.17242761538462,-10.613157461538462,2.39806776923078,1.0759543846153905,671.7627588461529
IMPERIAL REGIONAL DETENTION FACILITY,2025-03-17,566.7734809999996,16.349415000000004,20.50118599999996,26.110595999999987,56.39431099999989,522.267037000002,0.9978850000000007,50.07545700000004,1.458336000000015,5.896136999999986,12.502631999999997,609.8775840000006
IMPERIAL REGIONAL DETENTION FACILITY,2025-03-31,532.7532640000001,30.212492000000015,19.86565200000002,26.833824999999965,80.61507600000004,470.7119049999996,0.5672730000000001,57.77096699999999,-5.40813899999999,8.343136999999988,9.198367999999991,597.5318799999992
IMPERIAL REGIONAL DETENTION FACILITY,2025-04-14,541.2707479999996,62.581975999999976,25.402889999999974,34.51922900000006,86.06522400000007,513.6250709999991,0.783257,63.30129100000003,17.235074999999988,15.740011000000013,22.12372800000003,608.6760160000007
IMPERIAL REGIONAL DETENTION FACILITY,2025-04-28,506.34929700000066,69.65712800000003,34.377617999999984,58.48794299999996,132.42011700000006,472.65617300000093,1.429518999999999,62.36617699999988,71.35669199999997,12.506909999999996,5.896632999999968,579.1117659999998
IMPERIAL REGIONAL DETENTION FACILITY,2025-05-12,515.5789910000001,66.32798000000003,33.442324000000035,56.677787000000016,126.28665099999982,488.475127,3.5818749999999966,53.683445000000056,51.31190400000001,26.281829999999996,21.828887000000027,572.6044460000018
IMPERIAL REGIONAL DETENTION FACILITY,2025-05-27,528.944868666666,56.521624599999996,36.82623493333334,51.47167373333335,119.02539120000026,496.1513922666665,0.9983502666666672,57.589237333333344,63.068294,27.129556199999993,6.239368733333322,577.3271670666659
IMPERIAL REGIONAL DETENTION FACILITY,2025-06-09,500.4887601538458,66.37799161538456,27.679317846153797,49.440269999999984,120.5316852307691,464.85025199999933,1.2302413846153881,57.37419876923083,47.28812076923077,22.653529615384603,27.290047153846164,546.7546798461519
JACKSON PARISH CORRECTIONAL CENTER,2025-01-06,907.237113,68.391753,5.113402,2.896907,9.917526,958.597938,2.731959,12.391753,1.618557,1.865979,0.443299,979.71134
JACKSON PARISH CORRECTIONAL CENTER,2025-01-21,797.0913950666659,126.97281373333341,-2.0688930666666616,-1.3888590666666687,1.3180301333333317,929.9265383999998,-1.8781321333333305,-8.759986266666662,0.3336942666666668,-1.8251961333333346,0.05684653333333311,922.0411120000005
JACKSON PARISH CORRECTIONAL CENTER,2025-02-18,911.9948687857146,37.0146013214286,1.9514817499999992,1.0719468214285743,9.544303964285717,937.0993753928576,0.9761727499999994,4.413041535714285,2.141488357142858,2.0004285714285714,2.842232535714286,945.0487441785715
JACKSON PARISH CORRECTIONAL CENTER,2025-03-03,944.4655410769236,107.8717402307691,2.1435923846153875,0.21870115384615035,31.841093769230767,1021.8428280769216,-0.012371769230766789,1.0280356153846242,-10.462855076923079,-6.281300153846154,16.795667461538457,1054.6480616153835
JACKSON PARISH CORRECTIONAL CENTER,2025-03-17,950.5837360000005,161.96571799999998,2.349774999999998,1.3537529999999995,58.497825,1058.3878180000008,-0.010374000000000803,-0.6222869999999959,2.798995000000001,10.701545000000001,39.14837,1063.6040830000004
JACKSON PARISH CORRECTIONAL CENTER,2025-03-31,987.9575229999983,185.87157400000004,4.290133000000002,-0.010345999999998412,79.71363199999999,1098.8747740000003,-0.008767999999999379,-0.4707670000000072,6.8908549999999975,21.394107999999996,26.688951000000007,1123.1349439999988
JACKSON PARISH CORRECTIONAL CENTER,2025-04-14,968.8661829999993,178.32078599999997,-2.3156230000000084,0.5654899999999989,85.11885400000003,1060.3594339999981,-0.0075080000000014024,-0.033945000000000745,8.824487000000001,16.711891999999995,22.72336699999999,1097.177116
JACKSON PARISH CORRECTIONAL CENTER,2025-04-28,940.5491830000018,188.01942200000016,0.9180450000000064,-0.007881000000001645,101.796714,1026.713190000001,-0.006490999999998946,0.9753850000000089,11.474786000000003,18.281583000000005,37.42549,1062.2969100000005
JACKSON PARISH CORRECTIONAL CENTER,2025-05-12,924.3905469999985,167.44300599999977,8.453004999999994,0.9258530000000016,96.225836,1006.022741999999,-0.005688999999997739,-1.030493000000011,5.226827999999996,2.201388999999998,37.694948000000004,1056.0892460000011
JACKSON PARISH CORRECTIONAL CENTER,2025-05-27,917.333152133335,178.6439324666666,18.195569133333333,1.131801199999999,97.80110719999993,1017.5308925333355,-0.0050019333333352735,-0.022574733333340192,9.495554533333332,9.017178466666671,49.08952053333333,1047.702169533332
JACKSON PARISH CORRECTIONAL CENTER,2025-06-09,963.5679149230754,178.5835354615385,4.230657153846157,0.9208746153846181,106.58055200000014,1040.7469470769215,-0.004427000000003563,-0.020053153846132633,10.02778600000001,12.722290384615393,59.17889076923078,1065.3740517692304
JEFFERSON COUNTY JAIL,2025-01-06,0.061856,0.154639,0.958763,0.525773,1.474227,0.226804,0,0,0.051546,0.010309,0,1.639175
JEFFERSON COUNTY JAIL,2025-01-21,0.6204074666666667,0.6168918666666667,2.956881733333332,1.265749733333333,4.531050266666667,0.9288805333333336,0,0,0.02483280000000002,0.11344786666666667,0.24106666666666668,5.080590000000001
JEFFERSON COUNTY JAIL,2025-02-18,1.1417026428571428,1.1425714285714288,1.4628388928571436,0.8268687857142858,3.3835182499999985,1.154488357142857,0,0.035970107142857144,0.45373253571428573,0.2988039642857143,0.8420298928571429,2.97941032142857
JEFFERSON COUNTY JAIL,2025-03-03,2.165731538461538,1.7781815384615385,0.9207946923076913,0.30535938461538376,3.8570525384615384,1.0033672307692307,0.30970584615384616,-4.7615384615378856e-05,-0.8525156153846153,0.773750692307692,-0.46581284615384644,5.7146676153846165
JEFFERSON COUNTY JAIL,2025-03-17,1.434188,2.51188,1.2141220000000013,0.7866270000000009,3.9382090000000045,1.936952,0.07169600000000001,-4.0000000000008284e-05,-0.07213599999999998,0.28660700000000033,-0.36010899999999985,6.092432000000002
JEFFERSON COUNTY JAIL,2025-03-31,1.0742110000000002,2.7255070000000012,0.7113829999999999,0.714658,3.8648879999999997,1.3610569999999993,-0.00016800000000007285,-3.0999999999987384e-05,0.215276,-0.1444760000000002,0.28676500000000005,4.8682060000000025
JEFFERSON COUNTY JAIL,2025-04-14,2.940470999999999,4.375185,2.219494999999999,1.217170000000001,7.812499999999996,2.939991,-0.00013799999999993977,-3.3000000000013176e-05,0.9330820000000001,1.291648,-0.21595499999999998,8.743532
JEFFERSON COUNTY JAIL,2025-04-28,1.7905490000000006,2.650267999999999,3.0800300000000016,0.7143879999999976,5.225166999999999,2.6513829999999996,0.35873099999999997,-1.6999999999997178e-05,-0.6464790000000001,1.9368010000000002,0.28666400000000003,6.658277999999996
JEFFERSON COUNTY JAIL,2025-05-12,1.5746970000000005,3.438587999999998,1.2134959999999961,0.21213200000000093,4.936813000000005,1.502332999999999,-0.00021700000000000687,-3.100000000000325e-05,-0.287271,-2.656177,0.07130999999999992,9.311036000000001
JEFFERSON COUNTY JAIL,2025-05-27,1.6699477999999999,3.8103554000000033,0.7306080000000027,1.2022555333333325,5.208380999999993,2.0710917333333327,-0.00018460000000004585,0.13387860000000001,-0.2010150666666667,0.40110039999999997,0.9368439333333333,6.276237466666665
JEFFERSON COUNTY JAIL,2025-06-09,3.008221153846154,4.2416730000000005,1.462032615384614,1.232901461538463,6.0878631538461585,3.4710212307692334,-0.00016392307692296543,0.38610776923076917,1.2355660000000002,0.23108138461538466,-0.9273571538461538,9.405537999999988
JOE CORLEY PROCESSING CTR,2025-01-06,725.216495,49.690722,18.546392,9.783505,37.237113,766,0,0,8.773196,5.958763,9.072165,779.43299
JOE CORLEY PROCESSING CTR,2025-01-21,854.6655659999999,64.61634959999998,22.385438933333322,4.363233999999996,59.67806173333335,886.3525333333333,0,0,23.01725279999999,5.064081733333326,24.86078866666666,893.0884653333331
JOE CORLEY PROCESSING CTR,2025-02-18,697.8698986785718,50.05050000000002,18.702059785714287,8.525898678571432,47.00558307142858,728.1427740714286,0,0,11.38482725,7.508981749999999,15.60950000000001,740.6450531785714
JOE CORLEY PROCESSING CTR,2025-03-03,668.9651836153834,128.03642046153843,44.70547907692309,22.00782561538461,108.74391923076921,754.9709895384619,0,0,48.93992407692307,28.762068076923075,27.9493983076923,758.0635074615386
JOE CORLEY PROCESSING CTR,2025-03-17,609.5083590000005,138.623813,44.136779,27.460719999999988,129.48960600000004,690.2400649999992,0,0,57.40104400000002,28.33486300000001,30.60243700000001,703.3913390000006
JOE CORLEY PROCESSING CTR,2025-03-31,587.4241889999996,141.13505,28.817284000000036,14.372882000000004,93.28679599999994,678.4625960000006,0,0,39.764405,25.874221000000002,18.233009999999986,687.877757
JOE CORLEY PROCESSING CTR,2025-04-14,489.742763000001,117.38231799999994,20.19736599999994,13.221891999999993,82.91741599999997,557.626949999999,0,0,38.02388899999999,25.358940999999977,27.276462000000006,549.8850469999992
JOE CORLEY PROCESSING CTR,2025-04-28,629.4853689999998,182.3741700000002,42.52021300000005,21.04385700000002,161.56005800000003,713.8635220000017,0,0,62.12594299999997,33.74626900000002,65.95235399999999,713.599027999999
JOE CORLEY PROCESSING CTR,2025-05-12,602.975987,217.46618199999986,39.78224099999995,18.240128999999992,179.364162,699.1003919999993,0,0,65.90385500000002,31.006820999999977,61.761017999999986,719.7928600000014
JOE CORLEY PROCESSING CTR,2025-05-27,546.8971281333322,202.60631786666684,34.6381908,18.155699000000006,165.3870263333333,636.5755660666657,0,0.3347274666666667,10.13322420000004,27.721683733333368,61.900519066666675,702.5419088000004
JOE CORLEY PROCESSING CTR,2025-06-09,673.225819846154,199.40772092307677,30.015602307692323,17.78763900000002,164.33987730769235,754.9385616153842,0,1.1583615384615387,28.70664038461536,17.160833846153835,81.84311830769232,792.7261895384604
JTF CAMP SIX,2025-02-18,0.457143,0.535714,2.528571,2.707143,2.928571,3.3,0,0,1.021429,0.692857,1.128571,3.385714
JTF CAMP SIX,2025-03-03,2.7069171538461534,2.3966973846153845,16.088057769230772,12.680147461538464,20.730994692307693,13.140825076923079,0,0,7.116500230769232,1.9311236153846165,3.786492538461538,21.037703384615384
JTF CAMP SIX,2025-03-31,1.2533269999999999,0.8580529999999997,9.244899,9.137849999999998,9.923028,10.571100999999999,0,0,2.577150499999998,1.1447654999999994,0.6748479999999992,16.0973715
JTF CAMP SIX,2025-04-14,2.5808269999999993,1.575802000000002,14.694708999999989,16.705586000000007,14.331919000000003,21.225019,0,0,6.524635000000002,3.728963000000001,2.578213000000001,22.725114000000012
JTF CAMP SIX,2025-05-12,0.3189630000000006,-0.0034969999999999246,3.384506000000004,5.357458999999998,2.8792690000000056,6.178155000000004,0,0,1.1746980000000005,1.7172339999999997,-0.006025999999999547,6.171509999999988
JTF CAMP SIX,2025-05-27,1.268613533333333,-0.0028660666666686057,7.409984200000008,17.18307513333334,16.177830133333327,9.680976666666659,0,0,11.105045133333336,2.8739299333333332,2.2043087999999975,9.675537866666673
JTF CAMP SIX,2025-06-09,1.155132692307693,-0.002529923076923961,8.39740376923076,11.792036692307683,10.710164307692297,10.631878923076941,0,0,5.009929461538456,5.555567615384619,0.14951846153846524,10.627027692307697
KANDIYOHI COUNTY JAIL,2025-01-06,22.57732,21.082474,65.690722,27.948454,79.43299,46.876289,6.917526,4.072165,35.958763,14.134021,14.608247,72.597938
KANDIYOHI COUNTY JAIL,2025-01-21,29.377509333333332,19.677703199999996,75.73474960000009,17.06690053333335,63.57539866666666,65.64717853333332,7.599096799999999,5.0351886666666665,-15.92151826666665,15.233729466666652,-32.34134706666668,174.88600506666674
KANDIYOHI COUNTY JAIL,2025-02-18,29.120000000000005,20.376601321428584,75.46385714285715,22.3833455,73.62602989285713,61.21919603571431,8.154702642857144,4.3438753928571385,29.42881560714287,13.625357142857151,5.943029892857148,98.34660132142855
KANDIYOHI COUNTY JAIL,2025-03-03,34.44857246153844,19.452843769230746,86.19050261538457,18.33689323076921,68.25354376923077,77.24264069230769,8.779255999999997,4.153359769230781,22.34044007692305,-3.963776153846154,10.246048076923058,129.8060763846153
KANDIYOHI COUNTY JAIL,2025-03-17,36.06327700000001,17.12167900000002,80.99294699999999,19.538531000000017,68.52760899999988,71.74924099999991,8.937929000000006,4.501666,40.930727,-0.07557700000000166,10.442567000000022,102.41873900000012
KANDIYOHI COUNTY JAIL,2025-03-31,25.567317000000003,15.616666999999975,91.90012599999993,20.692791000000007,68.3907400000002,70.87091500000004,9.295595,5.219637999999991,9.029850999999976,16.958224999999988,-9.38279900000001,137.17163700000012
KANDIYOHI COUNTY JAIL,2025-04-14,28.583276999999985,16.55375900000003,82.1913820000001,22.84972899999996,65.23720999999985,74.4484150000001,8.935203000000001,1.5573320000000064,34.820421000000024,13.507793000000024,4.200360999999995,97.64954499999969
KANDIYOHI COUNTY JAIL,2025-04-28,33.174996,16.197265999999964,76.51503400000001,21.77417000000001,69.69346200000005,67.33094199999985,7.498914999999995,3.138161999999998,1.5143389999999661,10.707718999999997,21.85774300000001,113.58167900000002
KANDIYOHI COUNTY JAIL,2025-05-12,30.875006000000017,21.22183599999997,73.0692019999998,22.493093999999992,71.84854399999988,64.81403600000002,7.929527000000007,3.0670159999999993,31.306261000000045,7.408095000000003,20.27021899999998,88.67454700000027
KANDIYOHI COUNTY JAIL,2025-05-27,29.610396199999983,29.57491680000003,62.88877093333358,22.326573866666696,65.83394386666671,65.1596634666667,7.197788999999997,6.209261466666665,-15.444215666666667,15.147729999999987,-1.1739241333333212,145.8710825333333
KANDIYOHI COUNTY JAIL,2025-06-09,44.83889576923075,27.258544000000047,56.47338738461538,22.842202769230706,64.96746907692292,69.88833261538457,6.997253000000001,9.559994615384618,23.921468230769207,16.556847230769215,14.79653523076924,96.13817923076903
KARNES COUNTY CORRECTIONAL CENTER,2025-01-21,0.376,0.112,0.544,0.032,0.664,0.4,0,0,0.064,0.472,0.112,0.416
KARNES COUNTY CORRECTIONAL CENTER,2025-02-18,0.17313121428571446,0.2673870357142857,1.2216611071428571,0.014732535714285708,1.492732535714285,0.18418439285714275,0,0,0.49707142857142855,0.7568753928571432,0.23141692857142862,0.19155317857142887
KARNES COUNTY CORRECTIONAL CENTER,2025-03-03,0.6946406153846146,1.0830270000000002,2.7054716153846146,-0.0001796153846153486,3.5561834615384624,0.8493506923076928,0.07742646153846154,0,1.5475381538461537,1.6999186923076917,0.38624830769230745,0.8492554615384609
KARNES COUNTY CORRECTIONAL CENTER,2025-03-17,0.14151700000000034,0.14238599999999987,2.509885000000001,0.28726399999999996,2.6523399999999993,0.4287529999999994,-4.0000000000008284e-05,0,1.4355140000000002,1.1459469999999996,0.0709190000000002,0.42867299999999986
KARNES COUNTY IMMIGRATION PROCESSING CENTER,2025-01-06,1103.773196,18.783505,1.041237,0,7.938144,771.639175,3.14433,340.876289,0.505155,0.587629,8.556701,1113.948454
KARNES COUNTY IMMIGRATION PROCESSING CENTER,2025-01-21,1145.1372527999988,23.789367333333335,3.6836515999999997,0,5.993459199999991,798.5243233333332,1.6954440000000015,366.3970452000004,1.3401873333333336,-0.4039761333333331,7.737820133333336,1163.9362338666667
KARNES COUNTY IMMIGRATION PROCESSING CENTER,2025-02-18,867.6590597857149,16.112916928571412,1.1445298928571432,0.14387539285714285,8.643981750000007,619.4562325357147,2.618202642857142,254.3419701071429,-2.486,1.001297357142857,3.0266960357142887,883.5183986785711
KARNES COUNTY IMMIGRATION PROCESSING CENTER,2025-03-17,111.68092733333253,3.6879086666666705,0.10373877777777701,0.14886522222222223,4.535695666666664,93.34763766666637,0.8024144444444464,16.93568699999984,0,-0.8230766666666667,-3.2483985555555566,119.69290477777746
KARNES COUNTY IMMIGRATION PROCESSING CENTER,2025-03-31,97.6869009999999,4.9372470000000055,-0.006318999999996728,-0.00026099999999993983,2.1141780000000057,38.12339299999959,4.0798279999999965,58.300156000000115,0.646412,-0.001882999999999413,5.57091499999999,96.40212400000019
KARNES COUNTY IMMIGRATION PROCESSING CENTER,2025-04-14,149.8036589999995,29.787277,0.8561269999999988,0.21515299999999993,13.39008199999999,68.46465899999956,7.524786000000006,91.2827019999999,-0.00025600000000000227,3.5163390000000008,15.909449000000011,161.236683999999
KARNES COUNTY IMMIGRATION PROCESSING CENTER,2025-04-28,671.762972000001,159.03587899999997,2.6505110000000007,2.79877,125.20385199999998,514.8760810000011,11.899449999999993,184.26874899999999,6.889723999999999,26.839505,94.419179,708.0997240000017
KARNES COUNTY IMMIGRATION PROCESSING CENTER,2025-05-12,824.3756960000007,190.9506410000001,1.6450769999999986,0.8599220000000004,130.58632399999996,691.4028709999994,16.270808000000006,179.57133299999987,6.957400000000002,23.092843000000006,114.67149299999998,873.1096159999995
KARNES COUNTY IMMIGRATION PROCESSING CENTER,2025-05-27,868.2587700666666,205.70876786666656,1.200085333333334,-0.001172800000000033,123.22161540000003,710.823508933334,36.802245,204.31908113333338,7.828958933333333,21.073112733333332,103.7560512,942.5083126666665
KARNES COUNTY IMMIGRATION PROCESSING CENTER,2025-06-09,970.618524999998,190.49271953846159,3.779547999999999,-0.0010332307692308973,120.59509607692297,738.5102709230761,47.084385615384605,258.7000066923082,-3.3262000000000023,2.298191461538461,80.76371723076926,1085.1540506153856
KAY CO JUSTICE FACILITY,2025-01-06,37.587629,16.42268,18.391753,13.886598,40.402062,45.886598,0,0,15.113402,11.185567,6.742268,53.247423
KAY CO JUSTICE FACILITY,2025-01-21,45.57575720000001,13.057690666666668,13.933880399999998,3.77235973333333,30.32199493333331,46.01769306666665,0,0,0.4580402666666638,13.765228933333326,10.371315733333336,51.74510306666671
KAY CO JUSTICE FACILITY,2025-02-18,38.47822592857142,24.189970107142862,21.82857142857144,12.502274071428571,50.17998174999999,46.819059785714316,0,0,3.3296545000000037,16.998225928571426,12.35467275,64.31648835714284
KAY CO JUSTICE FACILITY,2025-03-03,48.216197846153804,42.70140746153846,29.60995753846153,14.93868261538462,56.018836230769224,79.44740923076915,0,0,17.734646000000005,-25.245843999999998,-1.3701073076923036,144.34756261538462
KAY CO JUSTICE FACILITY,2025-03-17,34.25493700000003,47.66631399999999,27.76329599999995,7.971622000000009,44.72744799999997,72.928733,0,0,-3.303982000000019,-0.3438310000000066,7.5004089999999906,113.80356200000006
KAY CO JUSTICE FACILITY,2025-03-31,30.23760200000002,48.28699499999997,25.960139000000026,11.926292000000005,49.968509000000076,66.44251999999999,0,0,16.533104000000012,7.422076000000012,11.019679000000012,81.43616899999999
KAY CO JUSTICE FACILITY,2025-04-14,30.890669999999968,42.95348300000004,28.181241,13.29072199999996,54.84480900000004,60.471280000000014,0,0,14.159111999999984,11.443521999999998,15.180964999999999,74.53251700000003
KAY CO JUSTICE FACILITY,2025-04-28,28.383768999999965,43.227657999999984,25.807672000000043,12.141722000000007,57.92302899999998,51.63780599999999,0,0,-0.555979999999993,7.853002000000012,11.587343999999982,90.67646999999995
KAY CO JUSTICE FACILITY,2025-05-12,48.04859900000007,38.912072000000016,29.894615999999978,20.536484000000037,65.59188899999988,71.29764200000007,0,0.50224,8.70665200000001,-0.25411200000001244,19.262468000000013,109.67674799999986
KAY CO JUSTICE FACILITY,2025-05-27,42.15135859999997,44.069844133333326,28.560672066666665,20.498570866666643,64.14132920000011,70.40281986666669,0,0.7362806666666667,9.53006986666666,11.480789333333345,-26.81712713333333,141.08672953333334
KAY CO JUSTICE FACILITY,2025-06-09,51.51472746153853,42.6719266153846,30.107351,19.408656076923062,66.92357676923082,76.77938292307688,0,-0.00029953846153838104,10.848497538461533,10.392842153846145,17.19475069230769,105.26655238461564
KENTON COUNTY JAIL,2025-05-27,0.369748,0.151261,0.495798,0.07563,0.445378,0.609244,0.037815,0,0.201681,0,0.264706,0.62605
KENTON COUNTY JAIL,2025-06-09,32.66663015384616,5.714374230769232,13.744891846153848,2.548273384615385,14.362930923076922,39.30741076923076,1.0038279230769231,0,5.250791769230768,0.6950741538461538,6.949606923076924,41.77869676923076
KNOX COUNTY DETENTION FACILITY,2025-01-06,1.206186,2.226804,1.85567,0.628866,4.030928,1.71134,0.092784,0.082474,0.030928,0.020619,0,5.865979
KNOX COUNTY DETENTION FACILITY,2025-01-21,4.534518133333333,4.073947200000002,4.208556000000001,1.2551421333333332,6.268870399999999,6.597912,0.23754453333333328,0.9678365333333334,-0.20206293333333333,-0.07444413333333331,0.9039999999999999,13.444670533333328
KNOX COUNTY DETENTION FACILITY,2025-02-18,3.816232535714288,3.728053178571429,4.811029892857142,2.378101321428571,7.604089678571425,5.978518250000001,0.33932725,0.8114817499999999,0.35969603571428577,0.39934549999999996,-0.052654499999999986,14.027029892857144
KNOX COUNTY DETENTION FACILITY,2025-03-03,6.8773176153846105,9.815284999999996,9.428355000000002,3.8644805384615384,13.594409000000006,14.613372384615376,0.23125253846153818,1.5464160769230768,-0.31017115384615396,-0.6199613846153844,-0.15541446153846145,31.07098515384615
KNOX COUNTY DETENTION FACILITY,2025-03-17,2.8593799999999994,6.662753000000005,4.004417999999999,2.5791580000000005,5.858053999999997,9.029624000000004,0.14273500000000006,1.0752970000000002,-0.215808,0.35911999999999994,-0.14410100000000003,16.10649800000002
KNOX COUNTY DETENTION FACILITY,2025-03-31,11.693282000000002,15.493931999999997,10.108716,5.379064999999997,19.288847,20.085812000000008,2.2256220000000004,1.074702000000001,1.220893,2.082581,2.9444860000000004,36.42703499999998
KNOX COUNTY DETENTION FACILITY,2025-04-14,24.250155999999997,15.484548000000002,13.046943999999996,3.437453000000005,24.231981,26.032473999999997,2.5829679999999997,3.3716639999999996,2.1532790000000004,0.28610500000000016,0.4293799999999998,53.35033700000002
KNOX COUNTY DETENTION FACILITY,2025-04-28,21.580272000000004,8.515325999999991,8.877974000000004,3.508028,21.133920999999987,17.836737000000003,1.5048710000000003,2.006085000000001,0.21409499999999934,0.57312,1.0752059999999999,40.61917899999997
KNOX COUNTY DETENTION FACILITY,2025-05-12,22.215930000000007,15.975273999999997,11.027841999999989,4.152773999999998,26.65075100000003,22.996232999999993,0.8585270000000003,2.866308999999999,-0.0011470000000000727,-1.00555,0.07025600000000054,54.308261
KNOX COUNTY DETENTION FACILITY,2025-05-27,17.8459344,11.622830733333346,10.823587800000011,4.6775660000000014,22.38516446666666,19.310711333333334,1.5373773333333343,1.7366657999999993,1.873511466666667,-0.6032056666666664,-1.6750174000000002,45.37461460000001
KROME NORTH SERVICE PROCESSING CENTER,2025-01-06,14.381443,13.886598,249.041237,296.628866,391.237113,182.701031,0,0,183.329897,44.814433,24.175258,321.618557
KROME NORTH SERVICE PROCESSING CENTER,2025-01-21,-7.8979609333333425,-9.546573600000011,200.2159182666665,295.627942133333,330.20872839999987,143.73086413333343,4.459733333333333,0,138.5374729333334,-5.918295599999995,37.379247733333344,308.4008942666665
KROME NORTH SERVICE PROCESSING CENTER,2025-02-18,6.195488357142859,5.357571428571426,225.49612460714292,270.58221428571466,347.4888986785713,161.56047010714286,-1.4179701071428572,0,117.4676312142857,17.858011642857168,24.779857142857136,347.52589867857154
KROME NORTH SERVICE PROCESSING CENTER,2025-03-03,456.35746507692306,130.4765730769231,333.5358293076922,275.28026584615367,522.7990163846155,670.2973096153845,1.5472633076923077,1.0065321538461538,121.94806600000028,76.81607199999998,86.39411276923077,910.4918825384616
KROME NORTH SERVICE PROCESSING CENTER,2025-03-17,575.8560880000001,181.17427300000003,428.723727,305.37728399999935,668.1650079999994,817.5795059999998,3.7346779999999993,1.652191,38.049033999999665,88.085779,85.46813299999998,1279.528438
KROME NORTH SERVICE PROCESSING CENTER,2025-03-31,526.530289,187.05892500000002,444.9322140000004,328.77748500000024,677.5317430000006,804.5285430000004,3.4442470000000003,1.794393,15.25140299999995,30.07805099999996,42.539349,1399.4301110000004
KROME NORTH SERVICE PROCESSING CENTER,2025-04-14,323.00798699999984,117.8709709999999,405.8752799999997,281.7940490000001,552.6143650000002,573.8577689999994,0.9291670000000006,1.1469870000000004,-405.43086499999976,-43.21521900000003,-38.88169099999998,1616.0760349999994
KROME NORTH SERVICE PROCESSING CENTER,2025-04-28,245.79161599999992,71.38587100000002,365.0929440000005,229.6972479999999,412.86698499999954,498.1017000000008,-0.003931999999999951,1.0028969999999993,-161.6123650000001,-32.46389399999992,-13.280304999999966,1119.3242420000004
KROME NORTH SERVICE PROCESSING CENTER,2025-05-12,455.0195640000002,98.27911700000004,353.2785899999996,272.64107800000056,462.10341499999987,716.0440880000003,0.929309999999999,0.14153500000000058,90.81429900000019,76.49121799999999,73.56206299999998,938.350783999999
KROME NORTH SERVICE PROCESSING CENTER,2025-05-27,512.9855244666663,119.40422006666668,381.1614427333329,264.4346689999996,511.76532626666693,762.3426505333326,1.5365060666666674,2.341388333333334,81.58651333333327,-3.6212986000000456,52.826621133333354,1147.1940363333347
KROME NORTH SERVICE PROCESSING CENTER,2025-06-09,412.27581269230836,86.34033376923085,314.4411393076925,257.4229606923081,446.46789769230793,624.7128300000006,0.5373345384615373,-1.2378157692307705,48.394750461538095,21.964075307692347,-22.36930684615387,1022.490728538461
LA PAZ COUNTY ADULT DETENTION FACILITY,2025-01-06,0.268041,0.752577,0,0,0.927835,0.092784,0,0,0.061856,0.092784,0.350515,0.515464
LA PAZ COUNTY ADULT DETENTION FACILITY,2025-01-21,-0.06373453333333311,0.8687635999999997,0.06026666666666667,0,0.446944666666667,0.41834453333333327,0,0,-0.04252586666666662,-0.06378880000000015,-0.6025646666666666,1.574168533333333
LA PAZ COUNTY ADULT DETENTION FACILITY,2025-03-03,0.36462078048780483,0.632878146341463,0.002501073170731709,0,0.7119869756097559,0.2880130243902438,0,0,0.01500643902439024,0.022509658536585403,0.07002629268292684,0.8924613658536583
LA PAZ COUNTY ADULT DETENTION FACILITY,2025-06-09,0.009203999999999999,1.0420477142857143,-2.628571428571565e-05,0,0.611404142857143,0.33737300000000003,0.010244571428571428,0.09220371428571428,0.02033399999999999,0.010010571428571424,0.13245271428571426,0.888429142857143
LA SALLE COUNTY REGIONAL DETENTION CENTER,2025-03-03,3.869281,0.352941,0,0.058824,0.202614,4.078431,0,0,0,0.026144,0.039216,4.215686
LA SALLE COUNTY REGIONAL DETENTION CENTER,2025-03-17,64.36006900000001,4.596693,0,0.215208,2.370054,66.801927,0,0,0,-0.00016000000000003314,1.8680280000000002,67.304102
LA SALLE COUNTY REGIONAL DETENTION CENTER,2025-03-31,46.99496699999999,3.9463690000000002,0,-0.00039800000000005705,2.008923,48.93201499999998,0,0,0,-0.0001369999999999903,2.009992,48.931082999999994
LA SALLE COUNTY REGIONAL DETENTION CENTER,2025-04-14,91.83671700000001,3.0104830000000016,0,-0.00034199999999996934,6.746112999999999,88.100759,0,0,0,-0.00010500000000002174,6.603422000000001,88.24355500000001
LA SALLE COUNTY REGIONAL DETENTION CENTER,2025-04-28,133.04999100000003,8.822478999999996,0.78948,5.669573,22.387781,125.94371300000002,0,0,0,-9.699999999998202e-05,14.637416999999997,133.694174
LA SALLE COUNTY REGIONAL DETENTION CENTER,2025-05-12,145.17822900000004,9.965833,-0.00024799999999989907,-0.0019529999999993006,17.783030999999998,137.358845,0,0,0,-9.299999999999389e-05,15.059637000000006,140.0823479999999
LA SALLE COUNTY REGIONAL DETENTION CENTER,2025-05-27,141.25400266666657,9.296616866666671,0.8701008,-0.0017174000000001874,16.990438333333326,134.42856460000002,0,0,0,-6.766666666671028e-05,11.77196166666666,139.64709400000004
LA SALLE COUNTY REGIONAL DETENTION CENTER,2025-06-09,176.00298338461556,9.025555615384615,0.15407015384615372,-0.001520538461538588,17.359899769230783,167.82116946153837,0,0,0.8495307692307693,1.6989845384615383,-6.576928692307687,189.209502
LAREDO PROCESSING CENTER,2025-01-06,341.85567,1.824742,1.381443,4.092784,0,0.752577,8.164948,340.237113,0.659794,0.453608,4.505155,343.536082
LAREDO PROCESSING CENTER,2025-01-21,368.19468933333314,1.7588856000000002,-0.9496942666666665,-2.8136554666666638,0,0.02503026666666604,2.522873066666663,363.6423283999994,-0.4535874666666667,1.1345610666666668,3.592454000000002,361.9167975999997
LAREDO PROCESSING CENTER,2025-02-18,310.73937539285726,4.289255821428571,2.9035597857142847,4.8075714285714275,0.3956611071428572,0.6977259285714287,8.954053178571428,312.69232724999995,1.0270830714285715,1.3295714285714282,5.687529892857141,314.6955830714287
LAREDO PROCESSING CENTER,2025-03-03,320.1115122307691,8.966316230769232,8.817170923076926,11.745847076923077,1.7028563846153846,21.210338153846156,17.215493461538454,309.512147615385,4.409260615384616,5.337804769230768,8.486495615384614,331.4072746153845
LAREDO PROCESSING CENTER,2025-03-17,318.38965300000046,14.857064999999993,13.065512,13.124582000000007,-1.2228499999999998,34.907785,23.014832000000006,302.7370330000002,7.467452999999998,5.885683,9.814564000000003,336.2690999999998
LAREDO PROCESSING CENTER,2025-03-31,305.5503659999995,19.945480000000007,19.950407999999992,13.762764999999993,0.7895269999999999,14.480069000000006,22.49872300000001,321.4406989999999,11.411718000000002,2.7928640000000007,9.020058000000006,335.9843909999997
LAREDO PROCESSING CENTER,2025-04-14,333.57390400000025,19.502026,21.372912000000003,14.473742999999997,1.0043609999999998,0.47267899999998725,28.87839300000001,358.5671649999999,9.967985999999996,6.166206000000001,9.80691,362.98149700000016
LAREDO PROCESSING CENTER,2025-04-28,333.5017969999998,20.42519799999999,16.552614,16.261952,1.003786,0.26101399999999686,35.32531099999999,350.15146500000003,12.331122000000002,12.550623999999996,4.708382999999993,357.151448
LAREDO PROCESSING CENTER,2025-05-12,322.38050100000066,21.492892,15.756786000000018,15.323236000000017,1.0033020000000004,1.914350000000013,41.697025000000004,330.33872299999973,8.45099,12.257290000000003,22.00058899999999,332.2445320000001
LAREDO PROCESSING CENTER,2025-05-27,300.934697199999,20.853844933333313,18.113861266666664,14.897862066666645,1.7393221333333335,-1.828146133333333,47.601716066666604,307.28737339999935,11.432164600000002,11.568222600000006,22.264397866666666,309.5354654666667
LAREDO PROCESSING CENTER,2025-06-09,316.25116846154003,25.682402000000017,17.037687153846125,14.255942538461532,1.3113030769230762,3.920850769230758,45.49632484615386,322.49870207692413,11.258660230769229,10.719959153846144,19.12169753846155,332.1268638461546
LAUREL COUNTY SHERIFFS JAIL,2025-04-28,0.526316,0.23445,0.301435,0.258373,0.363636,0.066986,0.263158,0.626794,0.086124,0.043062,0.028708,1.162679
LAUREL COUNTY SHERIFFS JAIL,2025-05-12,0.49988400000000055,0.42944200000000016,0.4291470000000004,0.07059699999999987,0.7876199999999999,0.43018599999999985,0.42931799999999953,-0.21805399999999914,-1.0766120000000001,-0.64593,-0.14362800000000003,3.295238999999999
LAUREL COUNTY SHERIFFS JAIL,2025-05-27,0.3325239333333324,0.19979300000000014,0.6012200666666663,0.26674486666666675,1.3372919999999993,0.26740640000000016,-0.20200326666666607,-0.002413266666665474,0.06689339999999995,0,-0.1339714,1.4673907333333356
LAUREL COUNTY SHERIFFS JAIL,2025-06-09,4.631738846153847,6.331861923076922,1.1571405384615387,0.23070484615384637,2.0061646153846167,5.019531076923077,0.2307286923076919,5.095002384615384,-0.3089902307692307,0.1544566153846154,-0.1544859230769231,12.660427923076922
LEAVENWORTH US PENITENTIARY,2025-02-18,0.928571,0.214286,0.307143,0.485714,0.885714,1.05,0,0,0.278571,0.028571,0.221429,1.407143
LEAVENWORTH US PENITENTIARY,2025-03-03,25.38961115384615,7.586325230769232,17.496232076923075,22.68259876923077,40.875059846153846,32.27971923076923,0,0,20.128898538461538,7.122995615384616,6.424892538461539,39.47798053846154
LEAVENWORTH US PENITENTIARY,2025-03-17,34.904236,8.330325,23.55833,26.357125000000003,51.06430599999999,42.085711,0,0,27.006263999999998,8.618994999999998,6.247037999999999,51.27771899999999
LEAVENWORTH US PENITENTIARY,2025-03-31,27.548881,7.317889999999999,15.996831000000002,18.93724699999999,41.39689200000003,28.403931999999973,0,0,7.016341999999993,6.241473000000004,3.7999790000000013,52.74304200000001
LEAVENWORTH US PENITENTIARY,2025-04-14,14.752116999999998,6.164564,13.330604999999991,14.474459000000008,34.478373999999995,14.243384000000008,0,0,8.880666000000003,3.5093629999999996,1.2851129999999975,35.046615999999986
LEAVENWORTH US PENITENTIARY,2025-04-28,17.976712000000003,8.314760000000003,9.377229000000009,19.420456999999992,38.19417499999999,16.894983000000025,0,0,16.915795000000003,-0.5827969999999993,1.5722770000000017,37.183898000000035
LEAVENWORTH US PENITENTIARY,2025-05-12,27.872014000000004,8.31109799999999,10.092206999999998,18.264529000000007,42.55545899999999,21.984404999999974,0,0,19.276141000000003,-0.4378750000000033,6.666330999999998,39.035252
LEAVENWORTH US PENITENTIARY,2025-05-27,31.357076133333308,9.293105199999998,12.428024733333329,20.78804073333334,43.0468679333333,30.819348000000023,0,0,15.304386333333348,5.014639066666666,6.687378533333336,46.85981199999996
LEAVENWORTH US PENITENTIARY,2025-06-09,24.514756769230782,8.481796153846158,12.795589923076914,19.350616076923068,39.70304776923079,25.439729538461542,0,0,11.866054538461517,1.0742980000000033,-2.633945384615388,54.8363701538462
LEXINGTON COUNTY JAIL,2025-01-21,0.352,1.224,0.6,0.296,1.472,0.84,0.016,0.144,0,0.016,0.048,2.408
LEXINGTON COUNTY JAIL,2025-02-18,1.4569817500000002,1.7146246071428572,0.8517857142857146,0.316142857142857,1.6489701071428573,2.1133156071428574,0.2591545,0.3180896785714286,0.035970107142857144,0.15124417857142855,-0.08580396428571431,4.238124607142857
LEXINGTON COUNTY JAIL,2025-03-03,2.009327,2.62384253846154,0.770013384615384,0.5400149230769233,2.467771307692308,2.6253346923076912,0.07699692307692316,0.7730939230769232,0.30965823076923077,-0.3099806923076922,0.23213653846153848,5.7113956153846175
LEXINGTON COUNTY JAIL,2025-03-17,3.373106,2.0752570000000015,1.217603,0.21365300000000026,2.7928910000000013,3.2980780000000016,-0.000388999999999941,0.7890500000000001,0.07165600000000001,0.21548800000000004,-0.00023999999999998626,6.5926919999999996
LEXINGTON COUNTY JAIL,2025-03-31,2.436921000000002,3.7984189999999995,1.2170839999999998,0.35739699999999985,3.5100010000000004,3.942559999999998,0.07148899999999994,0.28577099999999994,-0.14384900000000003,-0.35928000000000004,-0.359311,8.672286000000001
LEXINGTON COUNTY JAIL,2025-04-14,2.148556999999999,3.796611000000001,0.7141320000000003,0.5727410000000001,3.149600999999998,2.8636339999999985,-0.0003090000000000513,1.2191010000000004,0.07168700000000003,0.21539,0.21535699999999997,6.729593999999996
LEXINGTON COUNTY JAIL,2025-04-28,1.5736209999999988,2.0008749999999957,0.6423699999999997,0.07017299999999997,1.6415120000000019,1.9297610000000052,0.14327500000000004,0.5725199999999993,-0.07188900000000002,-0.071855,0.21521300000000007,4.215570000000006
LEXINGTON COUNTY JAIL,2025-05-12,1.5015889999999976,2.359527000000002,0.3554340000000004,0.070333,1.1394419999999985,2.2883409999999946,0.2867129999999999,0.5723720000000004,0.143411,0.07171300000000001,-0.502395,4.574169999999997
LEXINGTON COUNTY JAIL,2025-05-27,1.534887200000003,4.276767133333336,0.7334305333333323,0.40042966666666663,2.4022824000000016,2.4027936666666694,0.26746486666666675,1.8729576666666665,0.06683493333333335,-0.13394626666666667,0.6025189999999999,6.410091933333335
LEXINGTON COUNTY JAIL,2025-06-09,3.6250436923076914,2.6177926923076904,0.4605220000000018,0.15323561538461442,1.768749230769231,1.6919605384615362,1.2353196153846153,2.1605636153846155,-0.3090433846153846,-0.07725215384615385,0.07708823076923083,7.165801307692295
LIMESTONE COUNTY DETENTION CENTER,2025-01-06,8.752577,0.051546,1.938144,2.360825,2.793814,10.309278,0,0,0,0,0,13.103093
LIMESTONE COUNTY DETENTION CENTER,2025-01-21,29.90183026666666,1.0493661333333333,0.6563925333333316,0.7274099999999994,0.6708152000000003,31.664183733333328,0,0,0.06026666666666667,0.12053333333333334,0,32.15419239999999
LIMESTONE COUNTY DETENTION CENTER,2025-02-18,26.22112460714286,3.6097259285714287,6.209499999999999,2.965541535714285,8.782184392857143,30.223702642857138,0,0,2.4496013214285712,1.23032725,2.3739817499999996,32.95198175
LIMESTONE COUNTY DETENTION CENTER,2025-03-03,23.3654383846154,6.033568461538461,10.357747384615388,2.6173937692307687,14.996051153846155,27.378095846153883,0,0,-0.4677713076923076,4.101883307692307,4.177912846153846,34.56212315384615
LIMESTONE COUNTY DETENTION CENTER,2025-03-17,22.902857999999988,5.740713999999999,7.453290000000002,7.818365,16.786198000000006,27.129039999999968,0,0,0.2131050000000003,1.4336510000000007,5.025246000000003,37.243237000000036
LIMESTONE COUNTY DETENTION CENTER,2025-03-31,22.96762000000003,4.156505999999999,13.195310999999995,7.741495000000002,19.71981499999999,28.341117000000036,0,0,1.218812000000001,-5.533992,-7.906843000000002,60.28295599999995
LIMESTONE COUNTY DETENTION CENTER,2025-04-14,13.55687199999995,2.4314820000000004,12.972413000000001,11.901684999999995,20.283129000000013,20.579322999999963,0,0,7.1053299999999995,2.5837039999999996,-0.43303899999999984,31.606430000000014
LIMESTONE COUNTY DETENTION CENTER,2025-04-28,15.13777299999999,2.933484000000001,10.669881999999989,7.876582000000001,14.819356000000003,21.798350000000028,0,0,9.828078000000001,0.7877980000000002,1.0029770000000002,24.998882000000062
LIMESTONE COUNTY DETENTION CENTER,2025-05-12,16.21464299999999,3.8655959999999987,9.948998000000008,6.797898000000008,13.093167999999975,23.733997999999993,0,0,-0.5808360000000009,2.2942779999999994,-6.244051,41.357759999999935
LIMESTONE COUNTY DETENTION CENTER,2025-05-27,17.87392993333339,3.6063481333333356,7.206479000000005,5.204040599999993,9.470600866666654,24.420181866666645,0,0,-9.177577866666667,-7.366234266666666,-9.1999999999981e-06,50.434604066666665
LIMESTONE COUNTY DETENTION CENTER,2025-06-09,16.92577900000004,3.4666235384615467,7.31385684615384,5.157251307692307,10.391779615384621,22.47175046153853,0,0,3.7041104615384617,2.007950923076923,0.5405936923076923,26.610875000000025
LINCOLN COUNTY JAIL,2025-03-17,0.317365,0.155689,0.610778,0.173653,0.94012,0.263473,0,0.053892,0.005988,0.011976,0,1.239521
LINCOLN COUNTY JAIL,2025-03-31,1.2192399999999997,1.0764790000000002,0.21209399999999942,0.4299739999999999,1.5749100000000007,1.363182,0,-0.00029199999999995896,-0.071856,-0.07188699999999999,0.215475,2.8660810000000003
LINCOLN COUNTY JAIL,2025-04-14,2.008276,2.0090969999999997,1.3611280000000008,1.506696,2.866728000000001,2.5828300000000004,0,1.4356399999999998,0,-0.07182500000000001,-8.499999999998588e-05,6.957108999999998
LINCOLN COUNTY JAIL,2025-04-28,-0.0023960000000004455,0.7160060000000001,2.5089319999999993,0.35748399999999997,0.9994169999999981,2.0789120000000003,0,0.5016830000000004,0,0,0.14345500000000003,3.436528000000002
LINCOLN COUNTY JAIL,2025-05-12,1.1458760000000001,3.2987579999999994,4.301518,0.21394599999999997,3.9411850000000004,5.019672,0,-0.0007750000000003508,1.650224,0.789232,-9.299999999999389e-05,6.520734
LINCOLN COUNTY JAIL,2025-05-27,0.6673098666666675,4.148342266666669,5.016876933333331,0.19963353333333392,4.346107133333332,5.686757066666667,0,-0.0006707333333333547,1.6732415333333335,0.8031648666666668,-0.3348352,7.8906222666666626
LINCOLN COUNTY JAIL,2025-06-09,2.6237347692307673,1.6959186153846133,3.7793309230769236,1.5434708461538453,5.168479769230776,4.397346153846154,0.0772283076923077,-0.0006174615384614194,3.1656080769230766,-1.7766708461538463,1.3129006153846154,6.9405989230769345
LINN COUNTY JAIL,2025-06-09,0.36255,0.553785,0.155378,0.123506,0.665339,0.358566,0.063745,0.10757,0.047809,0.207171,0.175299,0.76494
LUBBOCK COUNTY DETENTION CENTER,2025-01-21,0.312,0.64,0.264,0.04,0.528,0.656,0,0.072,0.088,0,0.024,1.144
LUBBOCK COUNTY DETENTION CENTER,2025-02-18,0.3235116428571429,0.6184169285714282,0.1575298928571429,0.16229735714285712,0.5668455,0.6257857142857145,0,0.06912460714285722,0.1843986785714286,0,0.04701824999999999,1.030338892857143
LUBBOCK COUNTY DETENTION CENTER,2025-03-03,1.0819049230769229,0.9249615384615387,-0.0015883846153845237,-0.07784415384615374,0.3062066153846158,1.621692615384614,0,-0.00047715384615392835,-0.1555573076923077,0.30970584615384616,-0.0001796153846153486,1.7734650000000005
LUBBOCK COUNTY DETENTION CENTER,2025-03-31,1.1470795,1.4687245,0.4656274999999998,-0.00029050000000000305,1.4336134999999999,1.6478890000000004,0,-0.00035600000000002296,0.14318100000000003,0.3230575,0.610351,2.0045450000000002
LUBBOCK COUNTY DETENTION CENTER,2025-04-14,2.151296,0.5703439999999996,-0.0013329999999999334,-0.00022300000000008424,-0.29055099999999967,2.8673259999999994,0,0.14329500000000003,-0.07228500000000006,-0.5747249999999999,-0.86213,4.229223
LUBBOCK COUNTY DETENTION CENTER,2025-04-28,2.0783949999999995,2.292960999999999,0.3576960000000002,0.35865100000000005,1.8631989999999996,2.794175000000002,0,0.430328,-0.000388999999999941,0.21519599999999997,0.07154899999999996,4.801360999999998
LUBBOCK COUNTY DETENTION CENTER,2025-05-12,1.8622630000000007,0.7853410000000005,-0.0011160000000001804,-0.21552700000000005,0.2122249999999996,1.9321469999999985,0.286992,-0.0003880000000001819,0.07140299999999986,-0.21541799999999997,0.502023,2.0729530000000005
LUBBOCK COUNTY DETENTION CENTER,2025-05-27,1.871215133333332,1.1344575333333353,-0.0009881999999999873,-0.00018460000000004585,0.33201266666666623,2.8737304000000035,-0.20090733333333333,-0.0003358666666665992,-0.00031073333333324625,0.26768379999999997,-0.2681022666666666,3.005245000000002
LUBBOCK COUNTY DETENTION CENTER,2025-06-09,2.2362659230769237,1.3866243846153845,2.1615620769230763,-0.00016392307692296543,2.546096153846155,3.2384963076923046,-2.3846153846156343e-05,-0.00029953846153838104,-0.0002940769230769674,2.471204538461538,-0.00021707692307693094,3.3135766923076893
MADISON COUNTY JAIL,2025-01-06,0.412371,0.484536,0.639175,0.092784,0.835052,0.762887,0.030928,0,0,0.061856,0,1.56701
MADISON COUNTY JAIL,2025-01-21,2.669576133333334,2.2583648,0.8864566666666666,0.4786111999999998,2.1981936,3.6339382666666666,-0.02126293333333331,0.48213333333333336,0.06026666666666667,-0.04252586666666662,0,6.275268000000001
MADISON COUNTY JAIL,2025-02-18,1.1551428571428575,1.15882725,0.4173388928571425,0.28212460714285725,1.2591545000000006,1.4979402142857146,0.11895846428571426,0.13737539285714287,0.0036843928571428574,-0.15774417857142858,0,3.167488357142856
MADISON COUNTY JAIL,2025-03-03,2.859524923076923,3.7111683846153833,1.312178230769231,0.5408513076923074,2.006114461538459,5.95384923076923,0.07715161538461543,0.38661838461538456,0.07737884615384617,0.07737884615384617,0.4645587692307692,7.804417230769231
MADISON COUNTY JAIL,2025-03-31,2.831640499999999,2.543908000000001,1.1454119999999999,2.0817574999999997,2.3638474999999994,5.4496455,-0.00025499999999998934,0.78948,0.07174749999999999,-7.099999999999567e-05,-0.1797755,8.710810499999997
MADISON COUNTY JAIL,2025-04-14,3.080719000000004,2.4344580000000002,4.949995000000001,3.8026010000000006,7.100864,6.1630460000000005,0.143394,0.8604550000000007,-0.00010500000000002174,0.21532400000000002,-3.3000000000013176e-05,14.05258600000001
MADISON COUNTY JAIL,2025-04-28,2.146448999999998,1.0700279999999995,0.2820519999999992,0.21182999999999805,0.9964400000000028,2.500064000000001,-0.00022599999999999603,0.21409499999999934,-9.699999999998202e-05,-0.00012900000000001403,0.43060300000000007,3.279995999999991
MADISON COUNTY JAIL,2025-05-12,1.7872629999999998,1.4289460000000003,1.2152479999999986,-0.003115999999997549,1.2838760000000005,3.1457980000000054,-0.00018599999999998777,-0.0011470000000000727,-9.299999999999389e-05,0.143395,-0.21540300000000004,4.500441999999997
MADISON COUNTY JAIL,2025-05-27,0.7302721333333352,1.1993653333333327,0.06269506666666871,0.19811566666666447,0.39467339999999923,1.529156066666663,-0.00017540000000006254,0.2667941333333331,0.20077200000000003,-0.20096580000000006,-0.20090733333333333,2.3915652666666802
MADISON COUNTY JAIL,2025-06-09,7.253933692307691,1.462032615384614,0.6912561538461546,0.07473761538461496,2.310563923076927,6.477451615384614,-0.0001400769230768945,0.6941040000000002,-0.23181507692307696,0.6949971538461539,1.0039635384615386,8.014815461538442
MAHONING COUNTY JAIL,2025-04-28,4.066986,0.449761,0.090909,0.229665,0.674641,3.373206,0.090909,0.698565,0.282297,0.196172,0.253589,4.105263
MAHONING COUNTY JAIL,2025-05-12,83.066954,9.899328999999998,2.9412930000000004,2.7971850000000003,12.840033,69.79653399999998,1.578077,14.490133000000002,3.8014169999999994,4.7345559999999995,4.590789000000001,85.57799899999999
MAHONING COUNTY JAIL,2025-05-27,62.02183806666667,10.50627266666667,3.413166733333333,2.6762177999999994,11.37492426666667,55.40031546666669,1.003419866666667,10.838820733333327,4.617216533333332,0.600500066666667,4.148493533333333,69.25128513333333
MAHONING COUNTY JAIL,2025-06-09,92.54909638461542,11.809613076923068,6.562635307692308,3.704897307692307,14.89709969230769,72.32211876923076,2.315941692307693,25.091062538461546,4.321826153846156,3.39615346153846,5.325842846153847,101.58241961538464
MARION COUNTY JAIL,2025-02-18,0.942857,0.221429,0.207143,0.164286,0.428571,1.1,0,0.007143,0.035714,0.15,0.164286,1.185714
MARION COUNTY JAIL,2025-03-03,16.95010269230769,2.8632990000000005,10.064007769230766,5.341304,11.301373769230771,23.839971692307692,0,0.07737884615384617,0.5417461538461539,-1.3172172307692307,-1.0076184615384614,37.001802000000005
MARION COUNTY JAIL,2025-03-17,16.225782000000006,11.709924,13.862032000000001,7.685026999999999,25.50091700000001,23.622636,0,0.3592,6.322882999999999,4.8860719999999995,8.047519,30.226302
MARION COUNTY JAIL,2025-03-31,26.124554999999994,15.577985999999996,27.927591000000007,13.567994,41.35161199999998,41.846756000000006,0,-0.00022999999999998418,12.206645,7.179932,17.161707,46.649841999999985
MARION COUNTY JAIL,2025-04-14,25.24513099999999,16.284738000000004,26.75849499999999,14.276186,41.68060000000003,40.884154,0,-0.00020400000000002954,10.115419000000003,5.092568,8.676955000000005,58.679621999999995
MARION COUNTY JAIL,2025-04-28,28.81995400000002,16.705937999999996,22.652081000000003,15.272681000000002,41.08224599999999,42.29679600000001,0.071775,-0.00016299999999994493,6.736332,11.405519,9.031235,56.27755400000001
MARION COUNTY JAIL,2025-05-12,30.456895999999997,14.617281999999998,28.525369000000005,18.207047000000006,45.08088999999999,46.725905999999995,-3.100000000000325e-05,-0.0001550000000000321,7.953291999999992,13.910660999999996,12.112514999999998,57.83015800000002
MARION COUNTY JAIL,2025-05-27,31.960616666666645,16.38101540000001,24.936709666666683,19.930282666666667,47.34330020000001,45.59766899999998,0.2677664,-0.00012613333333331885,12.105750200000005,12.507814666666665,5.8097271999999975,62.78530246666669
MARION COUNTY JAIL,2025-06-09,39.80697123076925,17.81729823076923,25.98951899999999,19.207527999999982,43.728420076923086,58.08910223076926,1.0039049230769233,-0.0001301538461538653,-13.142354230769229,-20.47893723076923,-20.01690461538461,156.45951253846152
MESA VERDE ICE PROCESSING CENTER,2025-01-06,0,1.773196,11.71134,37.298969,50.783505,0,0,0,42.814433,2.041237,0.113402,5.814433
MESA VERDE ICE PROCESSING CENTER,2025-01-21,0,3.240719466666665,13.765378666666674,31.43073586666669,48.436834000000026,0,0,0,7.931837733333305,3.9001849333333305,1.6095069333333332,34.99530440000001
MESA VERDE ICE PROCESSING CENTER,2025-02-18,0,2.9564402142857156,13.107684392857143,35.16035714285714,51.224481749999995,0,0,0,43.37222592857146,-1.8240182499999986,0.6832026428571429,8.99307142857143
MESA VERDE ICE PROCESSING CENTER,2025-03-03,0,4.011989846153842,14.553700230769227,33.05618215384619,51.62187223076923,0,0,0,30.32689861538459,3.8616748461538464,1.0040121538461537,16.42928661538459
MESA VERDE ICE PROCESSING CENTER,2025-03-17,0,4.010065000000005,14.58439300000001,32.04802799999997,50.642486,0,0,0,17.59003999999998,4.0139229999999975,1.003372,28.035139000000008
MESA VERDE ICE PROCESSING CENTER,2025-03-31,0,4.008493999999997,15.80338999999997,31.907993,51.71989000000004,0,0,0,33.84129399999996,4.801843000000003,1.0028460000000012,12.073918999999998
MESA VERDE ICE PROCESSING CENTER,2025-04-14,0,4.007284000000003,15.51367200000001,31.982745000000055,51.50368799999991,0,0,0,32.04870400000008,5.014896999999995,1.0024299999999988,13.437643000000012
MESA VERDE ICE PROCESSING CENTER,2025-04-28,0,4.006310999999998,14.004661000000008,32.77452699999997,50.78549900000001,0,0,0,45.831654999999955,-9.341155999999996,1.0021189999999993,13.292894999999978
MESA VERDE ICE PROCESSING CENTER,2025-05-12,0,4.0055190000000005,15.797804999999991,32.058443000000025,51.861767000000064,0,0,0,15.619607000000087,5.0155799999999955,1.0018449999999999,30.22473500000001
MESA VERDE ICE PROCESSING CENTER,2025-05-27,0,4.004835733333326,15.877618000000014,31.117999066666684,51.00045280000001,0,0,0,24.62114559999991,5.013676000000006,1.001609666666667,20.36402153333335
MESA VERDE ICE PROCESSING CENTER,2025-06-09,0,3.00032338461539,16.01025830769231,29.9818493846153,48.992431076923125,0,0,0,5.576259384615416,5.012155384615378,1.0014574615384635,37.40257823076921
MIAMI FEDERAL DETENTION,2025-02-18,1.292857,1.221429,8.507143,4.207143,7.357143,7.871429,0,0,3.05,2.157143,1.364286,8.657143
MIAMI FEDERAL DETENTION,2025-03-03,48.769836846153844,41.724542538461534,201.17416192307695,112.16254084615383,198.70405023076924,205.1270319230769,0,0,88.94236276923077,52.093491,41.18162569230769,221.61360269230772
MIAMI FEDERAL DETENTION,2025-03-17,67.656878,49.40933100000001,189.40855399999992,106.123833,198.254428,214.344168,0,0,65.11196199999999,38.836089,33.74416600000001,274.90637899999996
MIAMI FEDERAL DETENTION,2025-03-31,57.90332599999999,43.191327999999984,200.24591000000004,111.99970799999998,204.4857920000001,208.85446699999997,0,0,60.105702,36.436032000000004,14.181522999999986,302.61700200000007
MIAMI FEDERAL DETENTION,2025-04-14,44.29670600000002,35.625380000000014,203.77982200000002,126.28692600000002,216.2724419999999,192.85485900000003,0.8615320000000001,0,76.94180400000002,22.629839999999994,-0.1830009999999902,310.6002039999999
MIAMI FEDERAL DETENTION,2025-04-28,6.237805999999994,2.8095480000000146,197.6466420000001,118.54034700000004,184.00629400000005,140.2235800000001,1.0044980000000001,0,-19.414032000000002,-24.88995,-21.421637999999998,390.959978
MIAMI FEDERAL DETENTION,2025-05-12,0.790922000000007,0.376051999999975,209.4757619999999,127.24380299999991,199.5749920000001,137.3076099999997,1.0039219999999998,0,69.57965800000004,22.05587000000001,17.124575999999998,229.1264360000002
MIAMI FEDERAL DETENTION,2025-05-27,0.9424251999999796,1.424922733333339,212.5564604666666,127.20624753333335,197.1618033999999,143.9648085333334,1.0034439999999998,0,67.05159453333326,-5.867738866666666,26.619748799999993,254.32643653333338
MIAMI FEDERAL DETENTION,2025-06-09,0.7944167692307579,0.42044053846155716,196.97123946153835,129.54190300000008,194.50649361538447,132.21840246153863,1.0030649230769233,0,-47.289335846153826,-19.576160076923088,0.20275938461538948,394.390716923077
MIAMI STAGING FACILITY,2025-03-17,1.60479,0.742515,0.54491,0.281437,0.197605,0.269461,0.664671,2.041916,0.065868,0.017964,0.137725,2.952096
MIAMI STAGING FACILITY,2025-04-28,3.6047650000000013,0.42706999999999984,0.4519399999999998,0.3575069999999999,1.123455,3.2044509999999997,0.06859100000000022,0.4447759999999998,-0.19170199999999996,-0.071856,-0.048509999999999935,5.153336
MIAMI STAGING FACILITY,2025-05-27,1.4459370689655144,0.6550727241379308,0.5518313103448275,0.31039762068965543,0.4831797241379307,1.4853916206896542,0.2054733793103451,0.7892012413793089,0.13845268965517243,0.03463027586206897,0.0342090689655173,2.7559611724137922
MIAMI STAGING FACILITY,2025-06-09,5.861719923076923,1.3874211538461536,1.4652430769230778,0.8483380769230772,1.465783538461539,5.788502846153849,0.7702752307692315,1.5381800000000025,0.926628923076923,-2.3846153846156343e-05,0.4630126923076921,8.17312384615384
MIGRANT OPS CENTER MAIN A,2025-02-18,2.1,0.592857,0.128571,0,0.5,2.321429,0,0,0,0.192857,0.307143,2.321429
MIGRANT OPS CENTER MAIN A,2025-03-03,10.671035846153849,4.641682846153848,0.3088694615384615,0,4.1003067692307695,11.521270538461534,0,0,0,0.4632928461538459,1.1593789999999997,13.998905461538458
MIGRANT OPS CENTER MAIN A,2025-03-31,7.884955499999998,1.4672119999999995,-0.0007949999999999743,0.1436435,0.7496989999999997,8.745317000000002,0,0,0,0.14245700000000003,-0.03800699999999984,9.390566000000002
MIGRANT OPS CENTER MAIN A,2025-04-14,26.689218,2.435811000000001,-0.0006169999999998359,0.215271,2.149772000000001,27.189910999999995,0,0,0,0.7886960000000001,1.3624949999999991,27.18849199999999
MIGRANT OPS CENTER MAIN A,2025-05-12,28.137889999999995,2.3268210000000003,-0.000507000000000067,-0.00015899999999998852,2.6148279999999997,27.849209,0,0,0.035872,0.07064199999999994,2.509464,27.848067000000007
MIGRANT OPS CENTER MAIN A,2025-05-27,33.64014413333333,1.6013954666666677,-0.0004184666666664801,-0.00012613333333331885,3.2087994666666644,32.032210466666676,0,0,-9.1999999999981e-06,-0.0009389333333331251,3.2106865333333343,32.03125659999999
MIGRANT OPS CENTER MAIN A,2025-06-09,23.36185000000002,1.6939107692307664,-0.00037653846153855417,-0.0001301538461538653,1.6941040000000034,23.361150076923074,0,0,-2.3846153846156343e-05,-0.0008400000000004473,1.6958078461538482,23.36031007692306
MILLER COUNTY JAIL,2025-03-31,0.116022,0.243094,0.519337,0.127072,0.569061,0.41989,0.005525,0.01105,0.01105,0,0.033149,0.961326
MILLER COUNTY JAIL,2025-04-14,1.0045320000000004,0.5013100000000001,1.6486189999999985,0.2865320000000001,1.9355449999999996,1.4337420000000003,-3.3000000000013176e-05,0.07173999999999998,-0.07185800000000002,0,0.14342699999999997,3.369423999999999
MILLER COUNTY JAIL,2025-05-12,0.5014390000000001,0.6445700000000001,0.49955200000000033,0.10699800000000005,1.216739,0.5000359999999999,0.03585599999999999,-7.099999999999567e-05,-0.035896,0.071752,-0.07193399999999997,1.7886450000000005
MILLER COUNTY JAIL,2025-05-27,1.6058035333333331,0.7351078666666666,1.2025662666666657,0.3341736666666665,1.7375211333333331,2.140223,-4.926666666662527e-05,-5.846666666666778e-05,0.3347274666666667,0.13385446666666664,0.3346105333333334,3.074443933333335
MILLER COUNTY JAIL,2025-06-09,1.929506076923077,0.5392847692307688,0.46089307692307757,-0.0005936153846153485,1.0780390000000029,1.6966577692307703,0.15442730769230767,-5.315384615382886e-05,-0.386224,-0.15453361538461535,-0.38633030769230775,3.856158846153842
MONROE COUNTY DETENTION-DORM,2025-01-06,58.597938,8.907216,0,0,0,67.505155,0,0,0,0,0,67.505155
MONROE COUNTY DETENTION-DORM,2025-01-21,45.17400506666672,1.4701888000000054,0.8437333333333333,0.48213333333333336,5.0624,42.907653999999944,0,0,0.42186666666666667,0.6629333333333333,3.9173333333333336,42.9679206666667
MONROE COUNTY DETENTION-DORM,2025-02-18,70.9433388928571,21.59555978571429,1.850041535714286,0.9646727500000001,10.129071428571425,84.97275582142856,0,0.25178571428571433,1.6444103214285715,2.666285714285714,5.347089678571428,85.69582725
MONROE COUNTY DETENTION-DORM,2025-03-03,87.41121469230781,40.50163292307691,7.662163307692306,6.115054692307693,23.985342923076928,116.69851300000006,0,1.0062096923076922,0.5395496153846148,4.951329230769231,4.171332076923077,132.02785469230773
MONROE COUNTY DETENTION-DORM,2025-03-17,80.75468799999986,43.609839000000015,11.490635,5.241082,27.566709000000003,112.52432800000004,0,1.005207,2.0096650000000005,9.048108000000003,13.355062,116.68342099999998
MONROE COUNTY DETENTION-DORM,2025-03-31,82.38931699999999,42.217159,10.762796,6.3861170000000005,29.197280999999993,111.55371500000001,0,1.0043930000000003,2.8700449999999997,-0.5836590000000034,4.2946010000000046,135.17437699999988
MONROE COUNTY DETENTION-DORM,2025-04-14,89.26676100000012,38.24750899999997,7.596854000000003,5.089644999999998,26.163815,113.033177,0,1.0037769999999995,3.2271730000000014,6.741187000000001,9.677946999999998,120.55447500000004
MONROE COUNTY DETENTION-DORM,2025-04-28,95.42239900000004,33.35311500000002,6.229810999999992,4.369493999999999,27.299773000000023,111.07179199999999,0,1.0032540000000008,4.086695999999997,0.350009,5.4387929999999995,129.4993210000001
MONROE COUNTY DETENTION-DORM,2025-05-12,86.86711499999988,28.178725000000018,4.936379000000004,3.435224000000001,25.925790999999986,97.42152000000013,0,0.07011599999999975,4.228270000000001,1.857643,7.015982999999998,110.31554700000015
MONROE COUNTY DETENTION-DORM,2025-05-27,102.60405246666681,23.27767173333329,4.471589066666668,3.606541933333335,28.671833466666673,105.28948686666651,0,-0.0014502000000002604,3.6097003333333304,1.9340948000000027,14.579023333333332,113.83705266666632
MONROE COUNTY DETENTION-DORM,2025-06-09,103.6647862307691,24.39886123076926,4.774803076923079,3.003441461538457,26.51682323076924,109.3263483846156,0,-0.0012796153846149029,6.867691307692312,3.31384692307692,1.913435846153841,123.74689953846162
MONTGOMERY ICE PROCESSING CENTER,2025-01-06,143.195876,545.814433,363.360825,183.391753,673.072165,456.319588,52.340206,54.030928,317.618557,189.845361,182.546392,545.752577
MONTGOMERY ICE PROCESSING CENTER,2025-01-21,169.68401013333326,513.463037733333,374.86554333333333,123.4885470666668,616.480522,451.56162506666635,47.065320799999974,66.39367039999998,19.640894266666873,35.341508133333505,65.67130560000005,1060.8474302666675
MONTGOMERY ICE PROCESSING CENTER,2025-02-18,163.16151824999997,564.7274468214283,353.9058272500001,145.27607142857127,698.6374468214282,405.2114402142857,58.23678571428575,64.98519603571428,281.9141611071427,190.9161960357143,223.73845846428569,530.5020531785714
MONTGOMERY ICE PROCESSING CENTER,2025-03-03,142.95439407692314,625.1283794615391,315.9270013076927,133.07146846153884,604.1741282307697,494.08363923076945,45.79972076923066,73.02373238461539,14.901582230769026,37.88784284615367,85.00965515384618,1079.2821522307686
MONTGOMERY ICE PROCESSING CENTER,2025-03-17,151.44080100000014,656.3305540000001,316.8936619999996,101.54264099999975,601.901841,518.6960980000003,44.453021,61.15670899999999,126.00868800000015,93.37626700000017,134.21306499999992,872.6096500000006
MONTGOMERY ICE PROCESSING CENTER,2025-03-31,149.4996859999997,573.4948830000004,314.7775159999998,96.50289899999994,513.6186860000006,525.9585789999993,43.38293599999997,51.31478300000007,157.15650599999987,119.36777399999976,167.14141899999984,690.6092599999995
MONTGOMERY ICE PROCESSING CENTER,2025-04-14,139.59204600000027,633.4340830000001,293.4863940000001,124.98452500000037,550.3503559999996,519.4414530000005,56.74332800000008,64.96189700000001,183.28789800000024,146.03293399999998,158.23907500000027,703.9371540000003
MONTGOMERY ICE PROCESSING CENTER,2025-04-28,140.10123100000004,679.3902889999996,340.24897300000055,126.44115499999991,624.9876350000008,546.028241,40.16049500000008,75.00527599999987,200.33544299999994,123.35865099999994,169.80033999999978,792.687199
MONTGOMERY ICE PROCESSING CENTER,2025-05-12,137.38000499999984,625.7269289999998,315.1414730000002,85.63238099999997,552.5317869999999,525.3879269999992,22.588772999999883,63.37233200000018,59.65654899999988,71.14322500000006,99.84335000000023,933.2376949999992
MONTGOMERY ICE PROCESSING CENTER,2025-05-27,155.09813200000013,658.8044512666664,274.6371315333323,89.48923393333341,528.6849186666678,528.3610997333337,26.439159666666697,94.54375573333321,209.8166141333335,111.99074060000008,164.3400309333335,691.8815481333334
MONTGOMERY ICE PROCESSING CENTER,2025-06-09,153.40586584615363,638.6819556153831,268.172595923077,83.7602940769228,495.85574861538436,525.4987959999999,30.393522846153875,92.27262461538466,167.3253430769227,75.2659953076923,104.46063969230734,796.9687140000012
MOSHANNON VALLEY PROCESSING CENTER,2025-01-06,165.412371,92.608247,519.525773,394.958763,676.371134,448.185567,24.876289,23.072165,337.71134,96.195876,92.680412,645.917526
MOSHANNON VALLEY PROCESSING CENTER,2025-01-21,170.01997613333322,90.97918626666663,580.4721497333337,407.5035484000002,797.664324533333,399.5988289333332,35.330378533333324,16.381322,220.43737866666635,69.40827680000002,100.39144159999996,858.7377634666666
MOSHANNON VALLEY PROCESSING CENTER,2025-02-18,234.53273253571427,88.65550000000005,574.2956312142859,411.934011642857,722.3237142857142,539.2835415357143,26.373345499999996,21.437274071428565,88.08544021428575,38.6283687857143,49.87314285714287,1132.8309285714288
MOSHANNON VALLEY PROCESSING CENTER,2025-03-03,314.4136948461542,124.28886661538462,572.4617870769222,422.92024061538484,744.4528944615394,639.3884414615386,29.327450923076974,20.915802307692328,88.7865061538463,96.16948553846166,98.08496538461539,1151.0436093846151
MOSHANNON VALLEY PROCESSING CENTER,2025-03-17,361.87421199999983,119.14727299999997,568.5276090000001,406.81659900000005,742.6689379999995,666.5619309999996,25.78117999999998,21.353656,273.00665299999986,93.13103499999981,87.6520709999999,1002.5759569999999
MOSHANNON VALLEY PROCESSING CENTER,2025-03-31,406.1754329999998,113.16316099999987,537.8327380000004,410.97756799999996,722.2339610000001,696.049592,26.212827999999977,23.65252,101.26529700000017,10.237832000000058,92.67827000000008,1263.9675020000016
MOSHANNON VALLEY PROCESSING CENTER,2025-04-14,402.2835890000003,105.10896900000002,563.3234060000001,424.25258600000024,755.318309,688.2065680000014,25.207901999999972,26.235758000000033,112.23232300000018,24.0806000000001,66.68343800000002,1291.9721759999977
MOSHANNON VALLEY PROCESSING CENTER,2025-04-28,395.4130449999996,104.38624300000005,547.734632999999,419.2857409999997,731.7445700000015,682.9875209999997,25.926461000000018,26.161110000000008,205.98588799999976,49.45258099999982,16.96030099999994,1194.4208920000008
MOSHANNON VALLEY PROCESSING CENTER,2025-05-12,372.2849610000002,105.45880300000006,547.7320910000001,393.5189049999993,708.987411999998,661.7962549999991,24.133008999999998,24.078099999999917,250.77690799999982,57.001147000000074,124.1222350000002,987.0944859999997
MOSHANNON VALLEY PROCESSING CENTER,2025-05-27,400.4860908000002,116.4726619333332,542.594131533334,389.0685686666674,698.0766212666679,701.8121129333333,25.53052266666667,23.202197066666667,17.077184933333776,65.90883960000016,63.382682866666435,1302.2527306000004
MOSHANNON VALLEY PROCESSING CENTER,2025-06-09,460.09482599999933,116.68079900000018,548.170763307692,387.3973463076926,671.304879461536,789.4897472307695,29.860846153846207,21.68826276923084,40.96684753846113,79.64813246153845,62.69184992307699,1329.0369046923095
MUSCATINE COUNTY JAIL,2025-04-28,0.205742,1.229665,0.057416,0.191388,0.885167,0.602871,0.100478,0.095694,0.220096,0.330144,0.258373,0.875598
MUSCATINE COUNTY JAIL,2025-05-12,7.9631979999999984,14.703009,1.4347279999999998,1.5776120000000005,11.619359000000001,11.118374999999999,1.004046,1.9367820000000004,3.6582079999999992,3.9447040000000007,3.586293,14.489341999999999
MUSCATINE COUNTY JAIL,2025-05-27,7.428184200000002,12.175601466666665,0.3341243999999998,2.7436466,12.244723533333332,9.23335306666667,0.1332262666666665,1.0702697333333329,-1.809391333333333,-6.429230866666668,-0.5375435333333324,31.457738333333335
MUSCATINE COUNTY JAIL,2025-06-09,10.73048223076923,13.118250615384612,1.3122776923076922,3.164685615384616,12.965677153846155,14.589378153846152,0.694451230769231,0.07617123076923075,-0.15564384615384613,2.007491923076923,4.0143271538461525,22.459483153846158
NASSAU COUNTY CORRECTIONAL CENTER,2025-03-03,0.921569,0.143791,0.215686,0.143791,0.555556,0.869281,0,0,0,0,0,1.424837
NASSAU COUNTY CORRECTIONAL CENTER,2025-03-17,10.413641,2.2266790000000003,2.298118,3.017107,6.176307999999999,11.779224999999999,0,0,0.646704,0.35928000000000004,0.215568,16.733981
NASSAU COUNTY CORRECTIONAL CENTER,2025-03-31,11.697718999999998,1.5065399999999995,2.798954000000001,1.6498109999999997,5.309259000000002,12.128302000000003,0.215475,0,-0.359417,-0.35928000000000004,-0.071918,18.443638
NASSAU COUNTY CORRECTIONAL CENTER,2025-04-14,30.212913000000004,5.956871999999999,3.65859,2.366771,9.972550999999998,32.15088800000001,-8.499999999998588e-05,0.071792,0.717843,0.717948,3.5896879999999998,37.16968000000001
NASSAU COUNTY CORRECTIONAL CENTER,2025-04-28,7.586307999999998,0.9291630000000026,4.302411999999998,2.2937049999999997,4.583880999999999,10.52781899999999,-7.999999999998484e-05,-1.6999999999997178e-05,-0.9333549999999999,-0.5744130000000001,-3.733338,20.352693999999993
NASSAU COUNTY CORRECTIONAL CENTER,2025-05-12,12.176368000000009,0.7138449999999982,1.5738600000000023,0.7142170000000009,3.075589000000004,12.102794999999999,-6.20000000000065e-05,-3.100000000000325e-05,-3.100000000000325e-05,-3.100000000001911e-05,0,15.17836800000001
NASSAU COUNTY CORRECTIONAL CENTER,2025-05-27,4.062174599999995,-0.0033855333333330387,0.4641646666666645,0.7333720666666655,1.2627311333333258,3.993631466666678,-5.846666666666778e-05,-9.1999999999981e-06,0.13387860000000001,0.2007904,0,4.921609999999995
NASSAU COUNTY CORRECTIONAL CENTER,2025-06-09,27.859653307692305,2.4683328461538454,1.1543696923076932,0.4604688461538466,4.8569357692307715,27.008755999999984,-5.315384615382886e-05,0.07720446153846153,-5.315384615382886e-05,-8.246153846151845e-05,2.1624313846153846,29.78054630769232
NEVADA SOUTHERN DETENTION CENTER,2025-01-06,90.412371,59.56701,46.969072,43.835052,141.907216,98.731959,0.14433,0,66.958763,33.670103,19.783505,120.371134
NEVADA SOUTHERN DETENTION CENTER,2025-02-18,77.60685593023257,87.50043474418604,65.9719830232558,50.67642774418606,184.4411940232558,96.54261265116276,0.35029820930232547,0.42159327906976746,38.70660611627906,29.716144930232574,19.931279558139533,193.4016675581395
NEVADA SOUTHERN DETENTION CENTER,2025-03-03,119.44465115384614,139.8506261538461,65.77680030769226,42.051788076923074,242.4920022307692,125.17604523076933,0.3083446923076923,-0.8525156153846153,50.33260623076925,46.6304498461538,41.060953769230764,229.09986669230784
NEVADA SOUTHERN DETENTION CENTER,2025-03-17,119.96833000000008,162.16680300000021,66.07268500000009,45.140150999999996,277.32769000000036,116.52483699999993,-0.0012859999999998348,-0.503272,65.54689899999994,48.732575,24.373522999999977,254.69497199999984
NEVADA SOUTHERN DETENTION CENTER,2025-03-31,115.98980899999982,175.0857499999998,71.01723099999994,50.168193999999986,292.16098599999947,117.371813,1.4353740000000006,1.292824,93.55070100000012,49.293271000000004,39.31022200000007,230.10679000000033
NEVADA SOUTHERN DETENTION CENTER,2025-04-14,120.3502510000001,175.72984999999997,63.753227000000024,40.97480999999997,266.86607800000013,133.72868699999995,-0.2886860000000005,0.5020460000000002,-122.57965100000014,-77.07702699999994,-7.298420000000078,607.7632499999997
NEVADA SOUTHERN DETENTION CENTER,2025-04-28,120.47557800000011,169.85695100000027,71.068572,31.648049000000096,245.20458100000022,149.42532700000007,-1.149523,-0.43123500000000015,72.18698900000007,28.28734499999999,33.63149500000002,258.94329199999993
NEVADA SOUTHERN DETENTION CENTER,2025-05-12,128.4248219999998,170.60136099999986,81.39181800000006,30.36487499999995,252.70356699999996,152.62752899999992,-0.0007130000000000589,5.452509,57.105229000000044,-3.4976050000000214,4.350426999999984,352.8248559999998
NEVADA SOUTHERN DETENTION CENTER,2025-05-27,152.95822920000015,154.87823873333326,95.61940579999997,36.837797133333275,259.60382846666664,184.77598593333337,0.26716333333333325,-4.353337733333333,74.16774226666664,32.76162866666667,43.762895333333354,289.6013737333337
NEVADA SOUTHERN DETENTION CENTER,2025-06-09,183.78374538461532,153.95361684615384,100.3082453076923,38.98282946153855,257.46270623076884,219.10347561538444,0.694451230769231,-0.23217769230769228,53.46925430769233,25.99829615384617,60.150588153846215,337.4103167692307
NEW HANOVER COUNTY JAIL,2025-01-21,0.232,0.192,0.2,0.472,0.784,0.288,0.024,0,0.024,0,0,1.072
NEW HANOVER COUNTY JAIL,2025-02-18,0.28667275000000003,0.376161107142857,0.41581560714285715,0.5050896785714285,0.9365116428571427,0.636184392857143,0.01105317857142856,0,-0.024916928571428576,0,0.07194021428571429,1.5367259285714279
NEW HANOVER COUNTY JAIL,2025-03-03,0.385543923076923,0.23078623076923102,0.9275291538461533,0.5388560769230767,1.0012064615384622,1.0816300769230764,-0.0001428461538461366,0,0.07733123076923078,0.30970584615384616,-0.15494815384615385,1.8506047692307692
NEW HANOVER COUNTY JAIL,2025-03-17,0.7170339999999997,0.35791399999999995,0.285618,0.9312360000000004,1.6477329999999992,0.6442010000000005,-0.00011999999999999313,0,-0.00011999999999999313,-0.07201600000000001,0,2.3639380000000005
NEW HANOVER COUNTY JAIL,2025-03-31,1.075727,0.6450820000000002,0.35745900000000014,0.28441000000000016,0.8569160000000002,1.505869000000001,-9.30000000000256e-05,0,-9.30000000000256e-05,-0.215568,0,2.578365000000003
NEW HANOVER COUNTY JAIL,2025-04-14,0.2853689999999998,-0.0013860000000001094,0.6445990000000005,0.4999899999999999,1.14413,0.28451499999999896,-8.499999999998588e-05,0,-0.14368299999999998,0.143584,0,1.428644999999997
NEW HANOVER COUNTY JAIL,2025-04-28,0.5724880000000009,-0.0011980000000002228,0.2855149999999997,0.35644899999999985,0.6415609999999999,0.5717590000000001,-7.999999999998484e-05,0,-1.6999999999997178e-05,-0.143584,0,1.356855
NEW HANOVER COUNTY JAIL,2025-05-12,0.7876199999999999,0.3576820000000005,0.14203099999999985,1.217527,1.502705,1.0022169999999997,-6.20000000000065e-05,0,0.215217,0,0.143504,2.146138999999997
NEW HANOVER COUNTY JAIL,2025-05-27,1.0695004666666668,0.5345605333333334,0.26646746666666654,0.1985776666666671,1.0002923333333342,0.9349844666666665,-5.846666666666778e-05,0.13388780000000003,-0.1339714,0,0.2007904,2.002287133333338
NEW HANOVER COUNTY JAIL,2025-06-09,0.7705693076923071,0.3851083076923072,0.848284923076923,0.615765461538462,1.5408445384615364,0.9245093076923074,-5.315384615382886e-05,0.15442730769230767,0.38611223076923074,0,-0.386224,2.619859153846151
NORTHEAST OHIO CORRECTIONAL CENTER,2025-03-03,2.013072,0.470588,0.529412,0.529412,1.437908,2.104575,0,0,0.562092,0.366013,0.457516,2.156863
NORTHEAST OHIO CORRECTIONAL CENTER,2025-03-17,81.76040400000001,42.823532,33.122576,30.895028,65.52432800000001,123.077223,0,0,25.505616,15.878052999999998,20.045164,127.17270699999999
NORTHEAST OHIO CORRECTIONAL CENTER,2025-03-31,74.57646999999999,38.762429,32.661623,27.850503000000003,57.492937999999995,116.358087,0,0,12.267167,0.7808840000000024,5.447018000000002,155.355943
NORTHEAST OHIO CORRECTIONAL CENTER,2025-04-14,91.68343800000002,53.237571,27.110216999999995,21.225807000000007,63.12471999999999,129.845131,0,0.287182,23.818569000000007,12.053387999999996,7.023855999999999,150.36124700000008
NORTHEAST OHIO CORRECTIONAL CENTER,2025-04-28,111.72584600000002,51.91386999999999,24.152872000000002,19.420439999999985,59.78744099999998,147.2103889999999,0,0.21521300000000007,9.378750999999998,-0.9442129999999987,10.896260999999997,187.8822149999999
NORTHEAST OHIO CORRECTIONAL CENTER,2025-05-12,103.06072199999997,42.417970000000004,21.416171999999992,19.627746000000002,62.91726500000001,123.82073300000015,0,-0.21540300000000004,14.039716999999996,4.582433000000004,14.765792999999999,153.13468300000008
NORTHEAST OHIO CORRECTIONAL CENTER,2025-05-27,114.0838563333334,35.01857800000001,29.418690200000007,23.934155333333333,60.50157293333335,141.95377459999995,0,-6.766666666671028e-05,27.290333999999998,11.973915666666668,7.749227466666669,155.4418037333333
NORTHEAST OHIO CORRECTIONAL CENTER,2025-06-09,136.40012269230758,33.45416846153848,25.058579307692316,23.90602969230769,57.05896015384615,161.76001699999995,0,-7.699999999996813e-05,8.389911846153836,8.174837615384604,6.007217230769225,196.24693446153847
NORTHWEST ICE PROCESSSING CENTER,2025-01-06,342.597938,70.670103,131.28866,163.85567,286.773196,334.42268,34.525773,52.690722,186.773196,44.298969,23.154639,454.185567
NORTHWEST ICE PROCESSSING CENTER,2025-01-21,493.21987173333326,76.40972706666665,142.91515466666667,190.4357559999999,316.0839194666667,465.99475733333287,36.95321639999999,83.94861626666668,136.47165279999996,20.89313586666667,36.634491866666664,708.981228933333
NORTHWEST ICE PROCESSSING CENTER,2025-02-18,532.6595830714284,106.91651825000005,166.37417274999993,193.07477407142855,347.46110132142866,534.4930714285713,40.32541692857141,76.74545846428568,218.42354153571418,51.91519603571429,41.91579735714284,686.77051825
NORTHWEST ICE PROCESSSING CENTER,2025-03-03,734.4259744615382,146.98330315384598,239.65037007692305,227.66601076923072,436.10193530769175,782.0965589230775,56.131143692307745,74.39602053846157,214.48154746153858,65.60623592307687,60.51679953846157,1008.1210646923081
NORTHWEST ICE PROCESSSING CENTER,2025-03-17,754.3898010000012,146.08227000000002,260.096124,220.04105499999994,405.4055819999999,817.3568569999999,63.00813900000003,94.83868400000016,160.53911999999997,53.621550000000106,46.80817999999999,1119.6403999999998
NORTHWEST ICE PROCESSSING CENTER,2025-03-31,699.2134859999995,134.60545100000022,239.45142400000026,225.74740400000024,440.0831650000005,733.7491629999994,35.62013999999999,89.5652849999998,169.11318400000008,-3.9884300000000104,4.274324999999992,1129.6186860000005
NORTHWEST ICE PROCESSSING CENTER,2025-04-14,699.6648819999994,148.21082499999986,269.0378799999996,251.62983999999986,473.1584090000007,767.4877470000002,47.828525999999975,80.06873100000017,160.72768200000013,47.88683999999999,43.06570300000002,1116.8631879999998
NORTHWEST ICE PROCESSSING CENTER,2025-04-28,721.1117000000003,138.62754599999997,278.5830400000003,256.32056999999986,446.14675499999845,798.8673740000013,61.60270200000001,88.02603899999993,125.3622740000002,70.13167099999997,20.23393699999997,1178.9150029999998
NORTHWEST ICE PROCESSSING CENTER,2025-05-12,715.6626879999998,139.9658020000001,287.6309080000002,256.9260699999998,484.11039100000096,786.7046519999993,38.773667999999944,90.59675699999987,155.74726799999968,47.37073500000003,4.240439000000022,1192.8270110000012
NORTHWEST ICE PROCESSSING CENTER,2025-05-27,697.9592568666674,143.37248653333324,305.8383627999996,266.1541182666668,471.28265259999995,766.5073105333335,70.3883490666667,105.14589633333344,108.7735838666665,-22.07864359999997,22.306379066666643,1304.3228892000004
NORTHWEST ICE PROCESSSING CENTER,2025-06-09,750.9621306923073,169.25603646153832,339.42835646153867,255.52101646153852,560.6297423846152,817.2208512307686,39.060781538461576,98.25618330769234,-244.66304753846185,-25.723669384615558,0.19598292307693135,1785.358273076921
NORTHWEST STATE CORRECTIONAL CENTER,2025-01-06,4.226804,0.092784,0.247423,0.051546,0.154639,4.42268,0,0.041237,0,0.010309,0,4.608247
NORTHWEST STATE CORRECTIONAL CENTER,2025-01-21,8.846213866666668,0.11701119999999995,-0.1700969333333333,0.14536613333333334,0.6168918666666667,8.349957333333334,0,-0.028348399999999992,0,-0.007085466666666674,0.12053333333333334,8.825052933333332
NORTHWEST STATE CORRECTIONAL CENTER,2025-03-03,4.2625939024390265,0.349157219512195,0.4773657560975609,0.06910453658536586,0.5339686829268291,4.589698585365854,0,0.03455414634146342,0,0.002501073170731709,0.07865170731707319,5.077068634146341
NORTHWEST STATE CORRECTIONAL CENTER,2025-03-17,14.630614999999993,-0.0009769999999996567,-0.21717399999999998,0.861895,1.5071820000000002,13.767364999999993,0,-0.00019999999999997797,0,-4.0000000000008284e-05,1.005784,14.268603
NORTHWEST STATE CORRECTIONAL CENTER,2025-03-31,11.102123000000006,0.8610479999999997,0.5015070000000001,-0.503495,1.075131000000001,10.886232000000007,0,-0.00016800000000007285,0,-3.0999999999987384e-05,-0.575215,12.536441
NORTHWEST STATE CORRECTIONAL CENTER,2025-04-14,8.943872999999988,2.0092020000000006,1.003849,0.8611190000000001,2.725882999999999,10.092312000000009,0,-0.00013799999999993977,0,-3.3000000000013176e-05,-0.28749100000000005,13.105566999999999
NORTHWEST STATE CORRECTIONAL CENTER,2025-04-28,11.525554000000009,1.2902730000000002,0.213869,0.1428719999999998,1.2889149999999998,11.668458000000003,0,0.21519599999999997,0,-1.6999999999997178e-05,-0.14371299999999998,13.316297999999993
NORTHWEST STATE CORRECTIONAL CENTER,2025-05-12,12.455081999999996,0.7874649999999994,0.5009070000000005,-0.0006199999999998747,0.7862710000000013,12.956717999999992,0,-0.00018599999999998777,0,-3.100000000000325e-05,-0.358845,14.10171000000001
NORTHWEST STATE CORRECTIONAL CENTER,2025-05-27,18.716161333333336,0.3329516000000003,0.4673322666666659,-0.0005445999999999174,0.33193580000000034,19.184130999999994,0,-0.00015126666666667176,0,-9.1999999999981e-06,0.3347274666666667,19.18118233333333
NORTHWEST STATE CORRECTIONAL CENTER,2025-06-09,17.037334461538475,0.0755721538461529,0.23041076923076914,-0.00048730769230769075,0.22910730769230597,17.113858384615416,0,-0.00011623076923082356,0,-2.3846153846156343e-05,-0.386224,17.729077923076918
OLDHAM COUNTY JAIL,2025-01-21,0.104,0.208,0.52,0.328,0.832,0.32,0,0.008,0.064,0,0,1.096
OLDHAM COUNTY JAIL,2025-02-18,1.2708455,1.174857142857143,1.0667325357142856,0.9063870357142856,3.080803964285714,1.2983687857142854,0,0.0396545,-0.006499999999999982,0,0.035970107142857144,4.3893571428571425
OLDHAM COUNTY JAIL,2025-03-03,6.733857230769228,2.475007846153846,8.048184384615384,5.726620692307694,14.547708538461542,7.429513846153847,0.6194116923076923,0.387037076923077,3.5612592307692306,3.561593538461538,1.083911,14.77689553846154
OLDHAM COUNTY JAIL,2025-03-17,24.928893000000006,6.319910999999999,17.094278000000003,10.773121,35.12336499999999,23.131155,-0.00032000000000006627,0.861992,9.770388999999998,11.423346,9.053303,28.869165000000002
OLDHAM COUNTY JAIL,2025-03-31,42.503421,9.690312000000002,18.228877999999998,14.498829,43.99929799999999,40.492068,-0.00026099999999993983,0.4303219999999998,10.192633000000002,5.810889999999999,7.321300999999999,61.596589999999985
OLDHAM COUNTY JAIL,2025-04-14,41.108063000000016,3.6527239999999983,14.195999999999994,12.191297,31.619922000000024,38.595790000000015,-0.00022300000000008424,0.9326219999999997,5.877808999999997,9.540622,6.023888999999999,49.705790000000015
OLDHAM COUNTY JAIL,2025-04-28,43.59597099999998,6.30691,22.370707000000007,12.471889000000001,42.51294699999999,40.870027999999984,0.07156600000000005,1.290937,10.755414000000002,3.362922999999995,6.307768000000002,64.319372
OLDHAM COUNTY JAIL,2025-05-12,39.19827300000001,10.250437999999999,20.709798999999993,23.51578899999999,46.798301,42.85944200000001,0.07155799999999994,3.9449829999999997,3.8623560000000015,17.066241,7.094238000000006,65.651464
OLDHAM COUNTY JAIL,2025-05-27,46.47524346666666,16.6585702,22.265336800000007,16.513998599999997,48.00832966666667,48.95303486666665,0.13370320000000008,4.8180813333333345,10.833751133333331,2.2629157333333296,7.2205575333333245,81.59590873333333
OLDHAM COUNTY JAIL,2025-06-09,43.65339384615387,11.029736230769231,19.045309230769256,21.291790230769248,47.12240176923076,42.1088659230769,1.3899356923076924,4.399006769230768,-4.260663615384619,0.37379292307692735,12.50078130769231,86.40631792307697
ORANGE COUNTY JAIL (FL),2025-01-06,0.876289,1.536082,2.185567,1.164948,2.309278,2.927835,0.154639,0.371134,0.072165,0.051546,0,5.639175
ORANGE COUNTY JAIL (FL),2025-01-21,3.2546451999999997,1.414930933333333,4.102295599999999,1.6098063999999985,3.354317066666664,5.580811333333334,0.3155585333333332,1.1309911999999998,-0.10987800000000002,-0.03543386666666664,0.18080000000000002,10.346190000000002
ORANGE COUNTY JAIL (FL),2025-02-18,1.9516727500000002,2.1746428571428567,2.8860182500000002,1.354928571428572,3.105518250000003,3.740410321428572,0.33282724999999996,1.1885116428571432,-0.04983889285714287,-0.01755317857142859,0.08298835714285714,8.351661107142856
ORANGE COUNTY JAIL (FL),2025-03-03,5.565880538461537,2.853971999999999,4.009624538461542,2.0048961538461536,2.77047869230769,6.249452076923078,1.1600357692307692,4.254407692307693,-0.0001796153846153486,-0.0001796153846153486,-0.07765369230769228,14.512408846153859
ORANGE COUNTY JAIL (FL),2025-03-17,4.013786000000002,-0.5853419999999971,2.858363000000001,1.9322530000000009,3.720995,2.9963189999999957,0.8605459999999999,0.6411889999999991,0.28726399999999996,-0.07201600000000001,-0.287584,8.291384999999991
ORANGE COUNTY JAIL (FL),2025-03-31,4.729869,1.2842239999999987,2.3554089999999968,0.8543429999999981,2.139840999999998,6.444402000000009,0.06997300000000044,0.5696160000000005,-0.14391099999999998,-9.30000000000256e-05,0.287287,9.080548999999987
ORANGE COUNTY JAIL (FL),2025-04-14,4.584044999999999,2.4331440000000026,2.6428390000000053,0.7829350000000029,2.6428390000000053,6.442135999999997,0.5727410000000001,0.7852739999999991,0.14342699999999997,0.14349900000000004,0.215271,9.940793000000017
ORANGE COUNTY JAIL (FL),2025-04-28,8.529728999999994,2.288995,5.585418999999994,1.4292589999999998,4.150008999999995,11.177149000000002,0.285498,2.2207320000000004,0.35865100000000005,-0.07188900000000002,-0.35902300000000004,17.90564899999999
ORANGE COUNTY JAIL (FL),2025-05-12,6.660533000000003,3.077820999999996,3.5029530000000073,0.4246669999999954,2.427146999999999,7.800656999999993,0.7160000000000001,2.7221699999999993,0.21496899999999997,-0.071837,-3.100000000001911e-05,13.522889000000012
ORANGE COUNTY JAIL (FL),2025-05-27,5.94585286666667,3.4069920000000025,4.607219399999993,0.32952253333333675,2.8003079999999954,8.8843214,1.4043941333333332,1.2005473333333365,-0.2680930666666666,-5.846666666666778e-05,0.2007904,14.356932999999996
ORANGE COUNTY JAIL (FL),2025-06-09,10.645172846153846,5.089817846153844,5.2396889999999985,0.9992663076923105,3.6961356923076996,10.020211615384614,1.8518381538461541,6.405778923076919,0.38594830769230765,-5.315384615382886e-05,0.8494483076923077,20.738602538461517
ORANGE COUNTY JAIL (NY),2025-01-06,26.226804,30.113402,8.546392,10.917526,46.360825,29.443299,0,0,9.628866,11.845361,14.298969,40.030928
ORANGE COUNTY JAIL (NY),2025-01-21,31.027013866666675,20.64097359999999,12.927838933333321,9.610296799999984,45.089009999999995,29.11711319999998,0,0,-2.943257866666666,-8.14329186666667,18.615802533333348,66.67687040000001
ORANGE COUNTY JAIL (NY),2025-02-18,35.24630396428571,27.09925582142856,18.914553178571428,20.162225928571427,59.720803964285714,41.70152989285715,0,0,7.585916928571431,13.152946821428575,1.2367259285714292,79.44674417857141
ORANGE COUNTY JAIL (NY),2025-03-03,40.07498161538461,26.75786884615386,32.214207461538464,27.17144400000003,75.79014207692308,50.42838253846157,0,0,16.517591692307686,18.671835461538457,18.115568615384607,72.91351700000003
ORANGE COUNTY JAIL (NY),2025-03-17,39.70356800000003,22.824201000000034,43.53978899999999,31.53387299999999,84.19670699999999,53.404712999999965,0,0,0.45141499999999724,15.313098,-4.818364999999988,126.65528299999998
ORANGE COUNTY JAIL (NY),2025-03-31,41.202468999999965,17.15525099999994,47.67727600000002,38.484443999999975,96.30439400000003,48.215045999999994,0,0,22.508653,22.419367000000015,26.009885999999987,73.58153400000005
ORANGE COUNTY JAIL (NY),2025-04-14,40.83493700000002,18.958613000000046,53.25181799999999,45.28667000000002,104.38376999999998,53.94826799999997,0,0,32.76381500000001,31.456573,28.511038000000003,65.60059799999999
ORANGE COUNTY JAIL (NY),2025-04-28,37.95753299999998,19.25122299999995,52.725263000000005,44.047306,100.76297199999992,53.218353000000015,0,0,17.891147999999994,16.012639000000004,0.5813239999999951,119.49619799999995
ORANGE COUNTY JAIL (NY),2025-05-12,36.734153000000006,17.964081000000014,54.643155000000014,44.247632,107.9855520000001,45.603484999999964,0,0,21.617824000000024,19.024508999999984,25.198924000000034,87.74780999999984
ORANGE COUNTY JAIL (NY),2025-05-27,39.361792866666654,19.776031799999995,60.081893133333324,42.88638246666663,109.11365219999995,52.99243313333342,0,0,20.368881399999978,24.77893326666666,7.843303599999975,109.11495113333343
ORANGE COUNTY JAIL (NY),2025-06-09,49.9905522307693,16.581385153846195,57.043059307692324,43.77260084615388,104.29500899999991,63.092588538461385,0,0,29.761174692307716,-20.13770453846155,3.50046353846154,154.26368223076918
OTAY MESA DETENTION CENTER,2025-01-06,833.845361,463.030928,38.443299,41.247423,141.309278,974.680412,16.391753,244.185567,64.505155,32.237113,26.587629,1253.237113
OTAY MESA DETENTION CENTER,2025-01-21,821.9927081333337,538.1312704000001,52.46057986666665,58.0059030666667,166.76231706666658,1041.9951749333327,15.489613733333318,246.34336226666662,57.14392066666666,6.645528399999997,19.99122386666668,1386.8097950666686
OTAY MESA DETENTION CENTER,2025-02-18,820.4711611071428,480.2298455000003,48.089214285714306,48.468868785714285,152.23005978571433,976.881089678572,16.484940214285707,251.66300000000007,45.79797010714287,23.962553178571415,23.385499999999997,1304.1130714285703
OTAY MESA DETENTION CENTER,2025-03-03,666.0899611538457,467.2611027692306,52.29861569230763,59.71440846153851,185.09883676923067,828.9272900769228,22.579136307692316,208.75882492307684,15.09296007692305,6.16675192307695,32.9732303076923,1191.1311467692296
OTAY MESA DETENTION CENTER,2025-03-17,632.837735000001,429.30640499999987,75.69621800000004,51.31885399999997,160.06304800000024,784.830344999999,18.150645000000036,226.11518600000014,61.38793799999998,12.634495999999997,33.329925,1081.806854000001
OTAY MESA DETENTION CENTER,2025-03-31,692.5479299999986,390.3474049999994,107.19624300000007,85.35791900000004,219.59473799999978,808.414595000001,18.436721999999982,229.0034299999996,1.9853730000000465,18.033572999999965,8.472265000000009,1246.9582869999992
OTAY MESA DETENTION CENTER,2025-04-14,714.3154000000005,399.67189100000024,104.99372099999982,81.3065389999999,225.9298500000002,814.5601890000004,16.353515999999964,243.44398200000018,108.93106500000002,46.68516500000006,52.49674499999998,1092.1745209999997
OTAY MESA DETENTION CENTER,2025-04-28,747.8855810000013,408.18473899999975,99.86057700000012,81.57167900000006,227.7478559999997,849.1693629999999,12.11953500000001,248.46582100000003,115.7824079999999,41.50247499999997,25.492409000000016,1154.725311000002
OTAY MESA DETENTION CENTER,2025-05-12,737.7205729999987,378.0808130000005,88.13817099999999,76.02905100000005,225.62704800000054,806.170508999999,15.925170999999994,232.24591099999972,133.54067000000006,48.739827000000005,28.650316999999955,1069.0378250000006
OTAY MESA DETENTION CENTER,2025-05-27,789.031934466667,395.2998324000005,89.19248619999999,93.69554873333327,246.92627946666664,849.2357296000002,20.415783000000012,250.6419948000005,89.16779153333337,50.69337073333336,36.238296533333354,1191.1203439999992
OTAY MESA DETENTION CENTER,2025-06-09,801.925720230768,362.97184999999837,70.34475099999999,72.8306169999999,195.5476741538458,872.3656947692306,14.529142692307756,225.6303878461538,13.09569530769225,21.196710999999944,6.840451384615405,1266.9400233846168
OTERO COUNTY PROCESSING CENTER,2025-01-06,720.742268,50.206186,27.391753,10.082474,93.814433,532.051546,4.350515,178.206186,23.185567,14.979381,40.412371,729.845361
OTERO COUNTY PROCESSING CENTER,2025-01-21,607.9963823999996,204.98465146666663,52.826147066666664,11.44996986666666,261.4278377333333,457.11336613333356,16.957435333333333,141.75851813333333,33.53962893333331,19.112310799999992,154.94637613333333,669.658841466667
OTERO COUNTY PROCESSING CENTER,2025-02-18,671.2223687857144,108.11412460714288,34.130416928571435,11.596303964285719,151.02768439285708,512.8397259285708,6.87431560714286,154.32148835714284,4.942297357142869,2.833684392857143,27.98287539285713,789.304357142857
OTERO COUNTY PROCESSING CENTER,2025-03-03,620.4907573846162,146.28847207692314,37.113800615384626,15.416353307692308,186.41171500000004,494.1380438461537,5.689040076923072,133.07058446153846,-0.9867516923076647,1.5409308461538471,53.94787761538464,764.8073147692305
OTERO COUNTY PROCESSING CENTER,2025-03-17,553.7467379999996,139.3298049999999,70.15618899999994,23.503352,210.41701300000022,466.62239600000095,4.490114999999995,105.20657199999992,35.743496999999934,35.64047999999999,95.26676799999996,620.085362
OTERO COUNTY PROCESSING CENTER,2025-03-31,550.785917,122.68763400000002,93.679003,29.740394999999985,200.93261199999975,483.90733400000005,5.856288000000006,106.19670300000014,43.987591,32.243064000000004,42.650911000000114,678.0113840000018
OTERO COUNTY PROCESSING CENTER,2025-04-14,534.5910209999992,113.25556200000003,83.07893900000006,30.516135000000013,166.84997199999998,496.35141400000015,4.420505999999997,93.81975100000012,4.338093000000039,21.38763799999999,20.906150999999877,714.809733999997
OTERO COUNTY PROCESSING CENTER,2025-04-28,629.9950960000018,135.84811499999992,73.50375599999994,42.27473700000002,199.27198600000025,560.2373369999997,7.938339000000009,114.17404099999969,25.594238,29.35007200000002,-0.5310249999999671,827.2084470000015
OTERO COUNTY PROCESSING CENTER,2025-05-12,637.1167780000002,151.03309700000005,84.31943800000006,51.58553299999998,222.55623399999968,553.1044069999989,15.757746999999995,132.63648900000044,52.138449999999985,55.458586000000004,73.54462300000003,742.9132029999995
OTERO COUNTY PROCESSING CENTER,2025-05-27,572.3098447999995,149.81227506666667,72.43878399999994,45.64641066666663,195.65455713333358,516.7356684000018,13.763170666666657,114.05390339999964,13.158556266666649,37.008020333333356,54.28805399999995,735.752637133334
OTERO COUNTY PROCESSING CENTER,2025-06-09,708.4538338461537,165.94500907692307,74.10031692307697,42.93590153846162,207.83071653846127,640.4931647692295,14.954327999999997,128.15685207692317,48.95136276923082,33.514056846153835,64.28947738461535,844.680181769231
OZARK COUNTY SHERIFF'S OFFICE,2025-06-09,0.525896,0.330677,0.310757,0.123506,0.430279,0.840637,0.011952,0.007968,0.003984,0.003984,0,1.282869
PENNINGTON COUNTY JAIL (SOUTH DAKOTA),2025-03-31,0.325967,0.314917,0.436464,0.088398,0.392265,0.751381,0,0.022099,0,0,0.033149,1.132597
PENNINGTON COUNTY JAIL (SOUTH DAKOTA),2025-04-14,0.5726890000000004,0.8599229999999994,0.9310980000000006,0.43032000000000004,0.931321,1.8628130000000007,0,-0.00010500000000002174,0,0.21539,0.28701100000000007,2.291628999999998
PENNINGTON COUNTY JAIL (SOUTH DAKOTA),2025-04-28,-0.001649999999999961,0.21362600000000093,0.7872149999999992,-0.0005490000000002279,0.4285640000000005,0.5701890000000012,0,-9.699999999998202e-05,0,-0.21539,-0.0002430000000000884,1.2142750000000027
PENNINGTON COUNTY JAIL (SOUTH DAKOTA),2025-05-12,-0.0014420000000003239,0.28544200000000025,1.6480070000000009,0.4300310000000001,1.361293999999999,1.0008369999999982,0,-9.299999999999389e-05,0,1.147984,-0.00021700000000000687,1.2142869999999988
PENNINGTON COUNTY JAIL (SOUTH DAKOTA),2025-05-27,-0.0012496666666663714,1.404452599999999,0.46626719999999866,0.13335239999999995,1.4038244000000002,0.5990498666666667,0,-6.766666666671028e-05,0,0.4683296666666668,-0.00018460000000004585,1.5346625333333312
PENNINGTON COUNTY JAIL (SOUTH DAKOTA),2025-06-09,-0.001134076923077688,4.863834076923076,1.619588923076925,-0.0004927692307691045,1.0018146153846164,5.480076923076922,0,-7.699999999996813e-05,0,0.6174454615384615,0.3859776153846155,5.478373076923079
PHELPS COUNTY JAIL,2025-01-06,0.804124,6.072165,8.43299,11.278351,23.762887,2.237113,0.587629,0,7.412371,6.721649,2.618557,9.835052
PHELPS COUNTY JAIL,2025-01-21,-0.191210133333333,3.3589219999999993,10.354065333333331,10.808640133333316,18.136338266666673,4.5489950666666665,1.6450905333333334,0,-3.9506905333333333,-10.346240133333337,-7.646039066666666,46.27339360000001
PHELPS COUNTY JAIL,2025-02-18,0.7770298928571425,7.018410321428568,12.453274071428572,10.811702642857151,25.381345500000002,4.732375392857144,0.946696035714286,0,8.221868785714284,5.54083889285714,-1.4359468214285716,18.73366110714286
PHELPS COUNTY JAIL,2025-03-03,1.7762706923076916,10.258599461538465,13.952403692307685,9.450598615384601,27.410095999999996,7.026283307692302,1.0014931538461542,0,-8.713297230769225,-0.8822256153846149,4.873103153846155,40.16028130769228
PHELPS COUNTY JAIL,2025-03-17,3.4444020000000015,7.075857000000001,14.959185,7.5509400000000175,25.366373000000003,6.662753000000005,1.0012459999999999,0,-15.335869000000002,10.106578000000004,3.514543000000001,34.74513200000001
PHELPS COUNTY JAIL,2025-03-31,5.596652,8.080685999999998,13.661622999999995,10.35520999999999,29.171561999999962,6.300566000000003,1.0010559999999995,1.2209990000000002,7.307239999999995,3.134285999999999,8.683563999999999,18.569093999999982
PHELPS COUNTY JAIL (MO),2025-04-14,0.682051,0.733333,1.425641,0.271795,1.502564,1.487179,0,0.123077,0.123077,0.369231,0.241026,2.379487
PHELPS COUNTY JAIL (MO),2025-04-28,9.613966,8.178313,11.476435999999998,1.505875,11.117218999999997,16.284754000000003,0.358845,3.0137570000000005,-0.14413300000000007,0.5006159999999998,3.5873610000000005,26.830717
PHELPS COUNTY JAIL (MO),2025-05-12,10.613112000000001,12.191793000000002,12.474909999999998,2.9401149999999996,13.263925000000004,21.872324,-9.299999999999389e-05,3.083788999999999,0.7170230000000001,3.0117660000000006,2.0786270000000004,32.412513
PHELPS COUNTY JAIL (MO),2025-05-27,9.43166253333333,11.506808066666668,16.25653086666667,3.9476871999999994,13.979948333333331,23.683659199999987,0.6693631333333333,2.8097179999999997,1.8069539333333333,-6.8978036000000005,-4.487804466666668,50.72135773333331
PHELPS COUNTY JAIL (MO),2025-06-09,17.36735246153846,8.948603000000004,13.500863769230765,6.329911692307691,15.74074053846154,25.69775692307693,1.467110846153846,3.2411032307692333,-0.8505108461538466,3.243347538461539,7.104140538461538,36.649753692307726
PHELPS COUNTY JAIL (NE),2025-04-14,1.769231,6.676923,10.65641,10.676923,24.630769,4.158974,0.835897,0.153846,3.887179,3.179487,2.035897,20.676923
PHELPS COUNTY JAIL (NE),2025-04-28,6.953261000000002,7.934567999999997,12.006425000000004,11.001553000000026,26.221863999999965,10.530344000000014,0.6419469999999998,0.5016509999999997,-9.133421000000007,4.4345519999999965,3.1481620000000015,39.44652799999998
PHELPS COUNTY JAIL (NE),2025-05-12,4.080193000000004,9.153533999999988,14.732091000000016,9.064132999999986,27.368889999999997,7.513076000000004,0.4985510000000001,1.6494330000000004,0.345203000000002,-4.6065699999999925,2.7169920000000007,38.57431000000003
PHELPS COUNTY JAIL (NE),2025-05-27,1.8651147999999922,6.866481400000006,12.740630266666631,8.859392866666651,23.52758893333333,4.8001485333333225,1.1347097999999998,0.8691869999999999,3.670083133333333,-3.8276015333333286,-1.8165818666666687,32.30573453333333
PHELPS COUNTY JAIL (NE),2025-06-09,3.698197692307688,5.069630076923081,13.625390923076967,7.372248538461568,21.679858307692346,6.622736307692303,1.4640936153846138,-0.0012209999999999337,-5.881010076923076,-12.675044692307695,7.252008307692309,41.069494307692295
PICKENS COUNTY DET CTR,2025-01-06,4.896907,9.907216,9.494845,4.237113,13.319588,12.030928,2.051546,1.134021,0.237113,0.278351,0.113402,27.907216
PICKENS COUNTY DET CTR,2025-01-21,9.289540933333335,10.124055466666672,15.65074599999999,9.381528400000002,18.867225066666666,21.983003733333348,1.7837661333333321,1.8118627999999992,-0.10273826666666655,0.7126401333333334,0.5849735999999999,43.25098880000002
PICKENS COUNTY DET CTR,2025-02-18,9.96898175,13.819255821428571,13.70463121428572,7.8766843928571415,19.81685714285714,20.068202642857152,3.446142857142856,2.0383455000000006,1.8509103214285716,1.5215531785714285,2.2392026428571428,39.7578870357143
PICKENS COUNTY DET CTR,2025-03-03,13.972430692307686,19.828456384615386,10.380695384615382,7.242035923076926,16.392362769230765,28.319298461538438,3.1594266153846147,3.5525295384615387,-1.242226384615385,-3.1781985384615385,-1.0103656923076925,56.85439715384613
PICKENS COUNTY DET CTR,2025-03-17,19.143631999999993,18.542051999999995,14.736913000000007,6.648778999999998,18.80657400000002,30.80337300000003,3.0037610000000012,6.457679000000001,2.5845930000000004,2.6571579999999995,1.434428000000001,52.395207999999975
PICKENS COUNTY DET CTR,2025-03-31,21.430813000000008,22.77312299999999,17.390876999999996,3.918581000000001,24.261928999999977,36.31998399999994,2.1412950000000057,2.7901859999999976,-1.4395370000000003,-0.2179849999999998,1.8644589999999996,65.30644399999996
PICKENS COUNTY DET CTR,2025-04-14,22.497153000000008,8.262097000000008,11.427055000000012,1.9815629999999942,15.352511000000018,22.879162000000015,2.2851129999999955,3.6510820000000024,0.644087000000001,1.577411,0.1403329999999993,41.80603600000008
PICKENS COUNTY DET CTR,2025-05-12,15.237592999999995,6.472830000000012,7.086539999999981,2.3437740000000042,8.429615999999994,18.103715000000015,2.536344000000002,2.071062,-0.5041270000000004,2.042659000000001,0.3201760000000005,29.282027999999986
PICKENS COUNTY DET CTR,2025-05-27,17.026612600000014,4.101131333333312,7.317398733333357,3.3264820666666615,8.773015466666704,17.66199719999998,2.3999527333333313,2.9366434000000026,2.2079625333333337,1.4030275333333313,2.6085516666666666,25.552082000000034
PICKENS COUNTY DET CTR,2025-06-09,20.730651615384605,4.279770615384607,7.988496846153864,0.9846157692307735,6.659916923076882,23.480487230769192,2.2300342307692325,1.6130954615384605,-0.07893215384615469,1.2327713076923077,2.08243669230769,30.74725799999998
PIKE COUNTY JAIL,2025-01-06,103.804124,16.298969,30.195876,26.938144,58.649485,118.587629,0,0,22.721649,13.14433,7.536082,133.835052
PIKE COUNTY JAIL,2025-01-21,135.11172319999994,22.66486919999999,29.443476800000006,24.33052586666663,64.12256466666665,147.42802386666662,0,0,7.522026533333337,11.936510666666663,12.356797599999997,179.7352602666667
PIKE COUNTY JAIL,2025-02-18,100.75173253571431,15.087988357142867,38.461041535714294,26.27258967857144,70.28767274999998,110.28568439285709,0,0,-31.903387035714292,-2.1504817499999995,4.987672749999997,209.63955317857153
PIKE COUNTY JAIL,2025-03-03,90.35653346153846,29.467296769230764,40.67328100000004,21.970407923076927,81.04974084615395,101.41774376923087,0,0,3.9590997692307783,-12.453353307692309,32.23727823076925,158.7244599230765
PIKE COUNTY JAIL,2025-03-17,91.92117100000009,27.198730000000005,38.10473199999991,29.448243000000016,76.57970600000006,110.09319200000002,0,0,13.378889999999988,13.173146999999988,15.966306999999997,144.1545540000004
PIKE COUNTY JAIL,2025-03-31,94.44718599999995,30.853088000000007,35.01118499999997,27.003199999999975,74.84361799999988,112.47104100000017,0,0,11.364481000000003,-11.826020999999985,14.524000999999998,173.25219800000013
PIKE COUNTY JAIL,2025-04-14,92.51630599999979,33.28443000000003,36.15829100000006,25.20788199999996,76.9891559999999,110.17775299999994,0,0,3.7531610000000097,13.318237000000002,20.838496999999993,149.25699999999986
PIKE COUNTY JAIL,2025-04-28,100.0595730000002,32.48554899999993,31.491148000000003,23.27093400000006,72.24418300000005,115.06303599999981,0,0,16.60441800000001,7.859329999999984,20.974979000000012,141.86850599999966
PIKE COUNTY JAIL,2025-05-12,81.6933509999999,41.16002900000006,34.075232000000014,27.29072800000001,86.8772070000002,97.34211800000023,0,0,9.497139999999977,14.962190000000012,9.561070999999986,150.198924
PIKE COUNTY JAIL,2025-05-27,82.52231773333332,45.16124759999996,32.73103566666662,30.55137900000003,91.29889686666647,99.66709906666657,0,0,22.58557646666668,15.766245466666684,24.05152619999999,128.5626318666667
PIKE COUNTY JAIL,2025-06-09,102.16273092307696,46.087751230769264,34.4664010000001,28.23764638461531,91.00982300000004,119.63573615384611,0,0.3089132307692308,29.303863153846123,15.566916769230724,-5.455901615384601,171.5396124615391
PINE PRAIRIE ICE PROCESSING CENTER,2025-01-06,248.618557,100.391753,167,94.43299,262.701031,347.742268,0,0,43.989691,23.072165,24.907216,518.474227
PINE PRAIRIE ICE PROCESSING CENTER,2025-01-21,271.4403609333332,111.48268040000002,146.81066666666666,123.41379866666661,295.44819746666667,355.7105157333334,1.9888000000000001,0,2.4230854666666954,13.066655333333347,42.058988800000016,595.5987835999996
PINE PRAIRIE ICE PROCESSING CENTER,2025-02-18,294.82133889285734,124.0225830714286,158.2843388928572,96.29448835714285,283.1004169285713,390.7403039642858,-0.95751825,0.5395415357142858,-5.197714285714288,21.23467274999999,21.32962460714287,636.0561611071433
PINE PRAIRIE ICE PROCESSING CENTER,2025-03-03,426.4641091538461,175.83638030769222,149.4496762307692,85.69003938461552,286.0256064615387,546.7699045384613,3.638865307692307,1.0058396153846156,44.17023753846157,22.234607923076965,25.612724846153817,745.4226456153835
PINE PRAIRIE ICE PROCESSING CENTER,2025-03-17,447.818834,190.8255270000001,142.38342799999995,83.49188099999992,276.67324699999983,586.9872029999996,-0.0019550000000003414,0.8611749999999999,36.53285599999994,40.39705399999996,63.94020400000003,723.6495559999997
PINE PRAIRIE ICE PROCESSING CENTER,2025-03-31,438.1783539999997,176.6038909999999,150.948432,91.40473999999995,268.91163400000056,577.0223260000005,-3.2336999999999994,14.435143999999998,40.62170000000008,50.57871900000003,49.10966699999998,716.825331000001
PINE PRAIRIE ICE PROCESSING CENTER,2025-04-14,413.6501760000002,186.96846499999992,138.03275000000005,88.82354800000005,280.8320139999996,558.4960560000005,0.14344600000000002,-11.996578,4.4298599999999295,35.26484899999995,38.037505000000046,749.742710999999
PINE PRAIRIE ICE PROCESSING CENTER,2025-04-28,428.42909899999984,176.73346700000027,165.53554,92.77540200000008,305.4430480000005,557.0994499999995,0.35868200000000006,0.572342,40.04691699999999,34.68392800000005,24.10904599999997,764.6336310000012
PINE PRAIRIE ICE PROCESSING CENTER,2025-05-12,453.6846390000002,203.53822099999994,159.575922,111.8619219999998,322.35600799999935,600.8537679999998,3.22844,2.222456,45.852683000000006,42.21237999999994,23.180553999999965,817.4150709999989
PINE PRAIRIE ICE PROCESSING CENTER,2025-05-27,412.0311835333336,174.96507606666663,166.7673689999996,111.26444140000021,290.38687266666625,573.9749582666661,-1.8755739333333337,2.541858799999999,73.8426104666667,47.750952666666734,16.944259533333387,726.4902622666675
PINE PRAIRIE ICE PROCESSING CENTER,2025-06-09,384.4453325384608,183.33378699999986,183.94458069230816,115.53578453846141,303.17526169230854,562.156489384617,-0.7727897692307693,2.7005050769230783,68.98327623076918,28.846036153846118,14.170223000000009,755.2599300000002
PINELLAS COUNTY JAIL,2025-01-06,0.443299,1.195876,1.927835,0.556701,2.134021,1.865979,0.041237,0.082474,0,0.010309,0.020619,4.092784
PINELLAS COUNTY JAIL,2025-01-21,2.1059132000000007,3.2760101333333322,2.8933446666666667,0.40075346666666717,4.077462799999998,4.382270533333334,-0.028348399999999992,0.24463653333333327,0.06026666666666667,0.0531812,0.22688920000000004,8.335677866666662
PINELLAS COUNTY JAIL,2025-02-18,2.5358454999999998,2.656112964285715,3.0688986785714283,1.1100714285714286,4.374631214285715,4.6099468214285695,0.08667274999999998,0.29967275000000004,0.0036843928571428574,0.07930396428571429,-0.04983889285714287,9.337774071428575
PINELLAS COUNTY JAIL,2025-03-03,5.0259132307692305,3.8601340769230776,2.6951545384615394,0.8474398461538459,4.937046615384615,6.253989000000003,0.23200453846153854,1.0056005384615383,0.07737884615384617,-0.07760607692307692,1.083779,11.345088923076919
PINELLAS COUNTY JAIL,2025-03-17,7.608553000000001,4.731208999999999,3.363509999999999,1.7205550000000005,5.227747999999999,10.401312000000003,0.6463439999999999,1.14841,0.21548800000000004,0.5028720000000001,-0.4318449999999999,17.13729899999999
PINELLAS COUNTY JAIL,2025-03-31,3.2934079999999994,5.231345000000005,3.577985999999998,1.432297999999999,5.369303000000002,6.659678000000001,0.7176400000000002,0.7884400000000004,0.215307,-0.14397300000000005,0.28690200000000005,13.176825000000008
PINELLAS COUNTY JAIL,2025-04-14,3.5076880000000017,4.726328999999993,3.0027000000000044,0.5702260000000011,5.941922999999998,5.5803339999999935,0.07100399999999978,0.21368200000000012,-0.2874050000000001,-0.07202900000000005,-0.5030180000000001,12.669395000000009
PINELLAS COUNTY JAIL,2025-04-28,11.114321999999996,6.518983000000004,5.514290999999998,0.7856939999999984,6.298980999999993,16.918869000000004,0.07106300000000003,0.6443920000000004,-0.143647,-0.215473,-0.00022599999999999603,24.29262099999999
PINELLAS COUNTY JAIL,2025-05-12,8.95647,3.2161469999999945,4.2927590000000055,1.144434000000002,3.929589000000005,11.02768699999999,0.35810100000000006,2.2944179999999994,-3.100000000001911e-05,0.215155,-0.00018599999999998777,17.39490299999998
PINELLAS COUNTY JAIL,2025-05-27,7.083326733333335,3.5363122666666715,2.8668998666666616,0.8668998666666653,5.139308199999998,7.676987066666682,0.33406593333333345,1.2030775333333328,0.2007904,-0.1340298666666667,-0.2010150666666667,14.487678333333346
PINELLAS COUNTY JAIL,2025-06-09,7.786846692307694,4.467873846153846,3.309646923076929,0.6145921538461542,5.236459153846156,8.782801692307675,0.9260829999999995,1.2336351538461536,-0.23176738461538463,0.30885015384615383,0.5405112307692307,15.561385000000008
PLATTE COUNTY JAIL,2025-01-06,0.278351,0.216495,0.412371,0.226804,0.773196,0.360825,0,0,0.14433,0.061856,0.030928,0.896907
PLATTE COUNTY JAIL,2025-03-17,0.6306685999999998,0.7891229999999999,0.5867526,0.04175680000000003,1.0301016000000003,1.0181994,0,0,0.01350599999999998,0.014000000000000005,0.1722688,1.8485213999999996
PLATTE COUNTY JAIL,2025-04-14,0.4644830000000003,0.4284340000000003,0.571872,0.1428199999999999,0.8929170000000001,0.714692,0,0,0.21492399999999995,-0.17970400000000003,-0.10815399999999999,1.6805480000000006
PLATTE COUNTY JAIL,2025-04-28,1.2898040000000006,0.787312,0.2847059999999999,0.2863730000000001,1.7182709999999994,0.9299239999999998,0,0,0.5736519999999999,0.14350100000000002,-0.14382700000000007,2.074883
PLATTE COUNTY JAIL,2025-05-12,1.0022939999999991,0.8588679999999991,0.4283260000000005,-0.0007130000000000589,0.9285350000000007,1.3602400000000006,0,0,-0.35937199999999997,0.07166700000000002,-0.00021700000000000687,2.576697
PLATTE COUNTY JAIL,2025-05-27,1.0689707999999996,0.9351598666666671,0.3996603999999991,0.2002274,0.7324766666666657,1.7376380666666666,0,0.13388780000000003,-0.00045279999999981634,0.26768379999999997,-0.13408833333333328,2.470843933333333
PLATTE COUNTY JAIL,2025-06-09,1.9285260000000006,1.0791253846153852,0.0753312307692314,0.6944566923076925,1.3864410769230784,2.1593609999999988,0,0.23165561538461538,0.30852676923076916,0.07708823076923083,-0.00011623076923082356,3.3919966923076967
PLYMOUTH COUNTY CORRECTIONAL FACILITY,2025-01-06,118.969072,21.257732,117.896907,110.556701,130.474227,238.206186,0,0,44.56701,15.350515,19.917526,288.845361
PLYMOUTH COUNTY CORRECTIONAL FACILITY,2025-01-21,228.94766293333342,34.623884266666664,102.40154093333331,109.43648679999994,134.37478359999986,340.67318480000006,0.36160000000000003,0,62.0518013333333,3.669968666666682,19.03216346666668,390.65564146666657
PLYMOUTH COUNTY CORRECTIONAL FACILITY,2025-02-18,146.96587539285701,26.971368785714276,123.91152989285722,123.02894021428574,146.4631545,273.85291692857146,0.5616428571428571,0,57.55939867857143,16.71351825,15.15994682142858,331.44484550000016
PLYMOUTH COUNTY CORRECTIONAL FACILITY,2025-03-03,190.6611503846157,33.67944307692309,132.327419,130.80850553846162,174.4932900000002,311.66796923076896,1.0055529230769233,0.30970584615384616,20.120107307692287,9.119707923076913,16.91029699999997,441.3264166153839
PLYMOUTH COUNTY CORRECTIONAL FACILITY,2025-03-17,197.69566899999987,32.25959499999999,136.17546199999975,117.73398099999993,155.32049999999956,325.74329699999987,1.0046579999999996,1.7962520000000002,-10.482444999999968,-27.891827000000003,-30.938398000000007,553.1773650000006
PLYMOUTH COUNTY CORRECTIONAL FACILITY,2025-03-31,192.75932199999988,25.716677000000022,153.03781100000015,100.34971699999993,149.1990890000005,319.43494500000037,0.7884710000000003,2.441022,22.89605599999998,11.00304500000001,17.44434000000001,420.52009799999985
PLYMOUTH COUNTY CORRECTIONAL FACILITY,2025-04-14,196.16824200000025,27.008636999999972,176.34520700000004,86.93540700000007,149.11922899999965,332.67505699999987,-0.0016750000000002835,4.664882,-7.242872000000067,17.823120999999997,27.78053800000001,448.09670599999976
PLYMOUTH COUNTY CORRECTIONAL FACILITY,2025-04-28,193.40885300000005,37.41419199999999,165.11234900000014,75.68567800000008,155.64392300000014,311.96260000000046,-0.001440999999999296,4.016005000000001,21.641349000000055,8.918579999999988,10.69032199999999,430.3708209999999
PLYMOUTH COUNTY CORRECTIONAL FACILITY,2025-05-12,194.3889189999996,32.886834000000036,162.72156499999983,95.79688999999988,156.49580699999984,325.5726819999997,-0.001271000000001164,3.726990999999996,14.116870999999978,8.632846000000004,-12.409815999999994,475.454307
PLYMOUTH COUNTY CORRECTIONAL FACILITY,2025-05-27,221.33283599999996,20.507637200000016,168.5563323333333,89.25301753333333,148.8269892666666,347.1463246666671,2.810656933333334,0.8658532000000037,18.26509306666673,10.465531266666677,-25.631019333333338,496.55021806666724
PLYMOUTH COUNTY CORRECTIONAL FACILITY,2025-06-09,193.04742769230785,21.05625369230767,177.71376392307698,89.2362422307692,151.26443392307723,327.24652292307627,-0.0017038461538458722,2.5444161538461483,47.980347076923024,8.529789461538432,6.365490307692303,418.17808007692264
POLK COUNTY JAIL,2025-01-06,1.876289,9.773196,6.494845,10.247423,26.28866,1.43299,0,0.670103,12.731959,1.154639,2.536082,11.969072
POLK COUNTY JAIL,2025-01-21,4.676511866666668,9.673786133333321,8.552612666666665,13.44590306666668,32.25008799999999,4.5593986666666675,0,-0.46067293333333337,-11.705865466666667,-2.9031081333333333,-8.131735733333333,59.089529599999985
POLK COUNTY JAIL,2025-02-18,6.574398678571428,12.62316110714286,10.490112964285714,12.719375392857135,36.24499999999999,5.922612964285714,0,0.2394402142857141,13.792815607142861,4.599970107142857,0.8754103214285703,23.13885714285714
POLK COUNTY JAIL,2025-03-03,7.567421307692309,12.088352692307703,19.771951769230764,10.689792076923087,37.74977584615387,12.370764076923072,0,-0.0030329230769231465,-16.404455307692317,-2.1771240769230755,0.5349759230769237,68.16409861538463
POLK COUNTY JAIL,2025-03-17,10.685724000000002,15.098935999999997,21.43386800000001,8.341035999999999,39.343430999999974,15.787564000000007,0.431136,-0.0025429999999998032,-0.9106889999999989,2.292790999999998,6.963912000000001,47.21357300000003
POLK COUNTY JAIL,2025-03-31,10.750920999999996,17.60849499999998,19.195490999999997,9.349057999999998,43.64388900000001,12.83147,0.43073799999999995,-0.002156000000000396,-21.228362000000004,-0.3657669999999992,11.124201000000001,67.37390699999995
POLK COUNTY JAIL,2025-04-14,14.048224999999993,16.957023,18.111005000000027,8.345101999999997,44.925797,12.537731999999997,-0.00034199999999996934,-0.0018459999999994434,9.594153999999994,1.717520999999999,11.044809000000003,35.10483100000004
POLK COUNTY JAIL,2025-04-28,17.343195000000005,19.89579200000003,12.866481999999971,8.63377700000001,41.39985400000004,17.34128499999999,-0.00029199999999995896,-0.0015870000000006712,-25.648114999999994,-1.7278849999999986,-9.272181000000005,95.38744099999998
POLK COUNTY JAIL,2025-05-12,14.82476300000001,13.290045999999977,6.264390000000016,8.778426999999997,28.264451999999956,14.894833000000014,-0.000248000000000026,-0.0013949999999992105,-2.8133689999999985,-5.959369000000001,8.098314999999998,43.83206499999999
POLK COUNTY JAIL,2025-05-27,8.474420799999992,10.726409666666678,3.9716849333333206,6.785250466666639,22.35658933333343,7.334835199999998,0.26755766666666647,-0.0012312666666673521,1.259404066666669,3.746896800000001,-2.5542943333333294,27.505744400000005
POLK COUNTY JAIL,2025-06-09,13.720012307692304,15.242536846153843,5.828343538461538,7.837235307692306,23.041057230769113,16.576465230769216,2.0077045384615384,1.002901000000001,-0.7838056153846258,-1.779113846153848,3.312354692307683,41.8786733846154
PORT ISABEL SPC,2025-01-06,909.340206,28.123711,0.154639,3.030928,89.309278,850.783505,0.051546,0.505155,24.659794,25.360825,32.71134,857.917526
PORT ISABEL SPC,2025-01-21,1228.0589208,0.4333548000000216,0.014225200000000033,11.235270400000001,43.40658373333329,1193.8251006666667,-0.03543386666666664,2.545520666666667,15.109079199999966,10.28794333333332,1.61871199999999,1212.7260301333329
PORT ISABEL SPC,2025-02-18,977.1603687857148,27.94710132142856,0.49425582142857133,4.8465830714285705,107.2708870357143,903.0534701071426,0.12632724999999995,-0.002375392857143055,31.7412142857143,25.647654499999994,42.476815607142875,910.5826246071437
PORT ISABEL SPC,2025-03-03,1062.6881421538442,43.19414469230773,1.856862076923077,5.779065538461544,147.77280207692303,965.5950011538472,-0.0003700769230767957,0.15078130769230733,31.73572046153843,37.08618369230771,63.129487615384626,981.5668226923063
PORT ISABEL SPC,2025-03-17,1118.1936430000019,46.47504299999998,6.393133,8.093461,169.74228000000014,1008.3389729999991,0.6463840000000001,0.42765500000000045,25.068175000000014,48.641109000000014,70.502832,1034.9431760000007
PORT ISABEL SPC,2025-03-31,1107.3515499999983,51.556255999999976,11.846140999999998,9.311048999999993,168.23518500000006,1010.1097290000014,0.3585589999999999,1.3614980000000005,36.41675100000001,47.326459000000014,65.51345599999993,1030.8083179999999
PORT ISABEL SPC,2025-04-14,1024.3984960000005,24.543052000000053,11.406687000000002,8.445867000000005,157.41166499999989,910.5247529999989,0.43014899999999984,0.42754799999999954,14.438956999999975,31.44369299999997,56.66023200000005,966.2512199999993
PORT ISABEL SPC,2025-04-28,992.3642499999987,64.23584699999992,16.639279000000005,8.730635999999988,273.93068400000004,802.3731029999991,1.7218000000000002,3.9444250000000003,48.53804800000002,49.16892799999999,131.074171,853.1888649999995
PORT ISABEL SPC,2025-05-12,993.5830840000023,43.33628900000004,10.675600999999997,16.979692000000018,246.5671939999998,809.187251,5.09306,3.7271770000000015,53.259724000000006,68.38539999999999,107.6298849999999,835.2996730000013
PORT ISABEL SPC,2025-05-27,960.2708656666665,37.48662246666663,20.135019133333337,16.576575733333325,192.0033960666665,841.2002845333326,-0.0023204666666667133,1.2677079333333305,26.055522933333304,43.37903900000001,80.92792073333342,884.1065854000005
PORT ISABEL SPC,2025-06-09,1042.3648266923062,42.113018384615316,11.64245515384615,1.9032883076923168,191.8548623846154,901.8500473846171,1.1563829999999986,3.1622957692307696,28.306736000000036,33.3855956153847,99.64953546153853,936.6817020769208
POTTAWATTAMIE COUNTY JAIL,2025-01-06,0.412371,3.113402,10.381443,17.257732,29.71134,1.28866,0.164948,0,9.360825,2.979381,1.56701,17.257732
POTTAWATTAMIE COUNTY JAIL,2025-01-21,2.3682428000000004,8.104973600000001,7.929772399999994,19.173217599999997,35.38137866666666,2.790354666666668,-0.5955269333333334,0,-2.8192566666666683,-7.231155866666666,2.9003346666666667,44.72628426666667
POTTAWATTAMIE COUNTY JAIL,2025-02-18,3.5107026428571424,4.68818439285714,10.133696035714284,17.559481750000007,30.933041535714306,4.929553178571426,0.029470107142857107,0,8.13391032142857,2.7261013214285703,2.63748175,22.39457142857142
POTTAWATTAMIE COUNTY JAIL,2025-03-03,5.953717230769233,6.477909769230774,9.225270076923083,19.783914076923057,33.71279253846149,6.489577153846155,-0.0003700769230767957,1.2388115384615384,0.49085130769231,-1.4831283846153815,-8.064855000000001,50.497943230769266
POTTAWATTAMIE COUNTY JAIL,2025-03-17,6.888414999999997,8.310355,11.005983999999996,16.349026,29.923217000000022,8.679420000000002,1.2931000000000001,2.6580550000000005,-4.498213999999995,2.721183999999996,2.867799000000001,41.463034999999955
POTTAWATTAMIE COUNTY JAIL,2025-03-31,5.016187000000002,6.510964000000001,12.082413000000006,13.118247999999994,27.410232999999998,4.651675000000004,1.5792410000000001,3.0866510000000007,11.960064000000004,6.814041000000003,2.3633809999999977,15.590302
POTTAWATTAMIE COUNTY JAIL,2025-04-14,4.367697000000001,6.509395999999997,17.321862999999976,13.193570000000038,30.356444999999958,7.881165000000002,0.8601790000000002,2.2947089999999997,9.299135999999992,2.6458670000000017,-0.5811029999999988,30.028612000000003
POTTAWATTAMIE COUNTY JAIL,2025-04-28,3.217964000000003,5.790435000000002,16.958165000000008,11.617397999999964,28.131671000000033,7.016716999999995,1.0033170000000002,1.4322700000000006,8.436090000000004,4.5832659999999965,3.152257000000002,21.41233300000002
POTTAWATTAMIE COUNTY JAIL,2025-05-12,3.647991999999996,5.646333000000011,16.66744700000004,10.185608000000034,25.334862999999977,8.664827000000002,1.0028989999999993,1.1448059999999987,12.02260199999999,3.075045999999998,-0.7951230000000018,21.844884999999977
POTTAWATTAMIE COUNTY JAIL,2025-05-27,4.74241533333333,4.866472199999984,16.889206399999996,11.245912666666664,29.129631000000032,6.610721866666669,1.0025394000000005,1.0011143333333337,8.806400133333334,-4.829888666666666,3.8779528666666656,29.88954226666671
POTTAWATTAMIE COUNTY JAIL,2025-06-09,6.862660769230772,5.463722538461543,18.101779999999962,9.667592153846131,29.845707307692255,7.706176923076905,1.542871769230768,1.0009800769230752,8.156952769230779,2.23222538461539,0.6124725384615405,29.094104769230746
PRAIRIELAND DETENTION CENTER,2025-01-06,210.969072,74.938144,190.969072,111.185567,251.216495,288.824742,18.701031,29.319588,104.061856,61.742268,51.556701,370.701031
PRAIRIELAND DETENTION CENTER,2025-01-21,196.5572629333333,81.12945920000008,199.33806293333328,138.59509559999995,283.8772993333332,284.5402189333329,21.314864133333323,25.887491733333356,84.37080746666665,37.76918240000001,21.38795346666672,472.09193080000017
PRAIRIELAND DETENTION CENTER,2025-02-18,250.5344584642857,83.51499999999994,204.05061296428565,126.7888571428572,279.2097857142857,326.2094584642859,22.07949999999999,37.39018439285716,124.73026746428572,56.13566110714282,52.00213121428568,432.0208687857142
PRAIRIELAND DETENTION CENTER,2025-03-03,422.099139153846,118.18858738461537,240.529939,150.5240836923076,323.64240600000016,522.2396693076925,30.84190261538466,54.61777130769224,84.4751442307693,70.07791930769235,40.79655584615389,735.9921416923081
PRAIRIELAND DETENTION CENTER,2025-03-17,432.248015,118.51047400000009,254.04583300000013,150.25141599999992,317.16407100000026,543.7909649999996,31.99643900000001,62.104263000000046,100.62126999999977,51.38269100000006,0.5760940000000119,802.4756719999995
PRAIRIELAND DETENTION CENTER,2025-03-31,434.29251900000025,118.11658299999999,252.48625199999984,165.1628070000001,348.1442029999993,524.1879480000005,31.195888999999948,66.53012100000004,104.93399100000013,33.29033199999997,67.05604799999999,764.7777770000009
PRAIRIELAND DETENTION CENTER,2025-04-14,437.235141,116.00752700000001,260.918992,172.524037,321.590167,560.5096720000001,38.65493100000003,65.93092699999995,51.80502500000018,39.48454799999997,51.88901400000005,843.507123
PRAIRIELAND DETENTION CENTER,2025-04-28,453.1222860000001,123.4515119999999,271.21694299999996,155.84139800000023,338.99914200000006,593.0203429999996,21.34709499999995,50.26554399999993,79.18519299999987,44.73541099999992,-11.919066000000125,891.6305859999993
PRAIRIELAND DETENTION CENTER,2025-05-12,425.3939259999996,116.04055400000003,269.5305010000001,149.08102999999988,303.16067999999984,578.3182289999999,26.083789000000056,52.48331200000017,24.596926999999987,50.55339700000007,39.631296000000084,845.2643899999997
PRAIRIELAND DETENTION CENTER,2025-05-27,380.47982866666666,105.65492566666653,259.774258666667,157.4395131999998,273.2198262666677,535.6699366000006,33.91027246666666,60.54852173333323,99.75640780000006,30.500254266666648,13.413476799999989,759.6784022666669
PRAIRIELAND DETENTION CENTER,2025-06-09,459.39036415384686,122.03692299999994,234.1300587692307,140.4886552307695,253.95884323076797,595.0024543846151,35.19770930769231,71.88697584615385,-110.1200299230768,-15.810904153846142,-1.0871519999999202,1083.0640872307704
PRINCE EDWARD COUNTY (FARMVILLE),2025-01-06,120.690722,54.082474,114.783505,145.680412,260.216495,175.020619,0,0,106.309278,42.762887,30.71134,255.453608
PRINCE EDWARD COUNTY (FARMVILLE),2025-01-21,169.30541626666673,62.440903200000015,147.99416733333334,139.7711749333333,298.54236599999956,220.9692891999999,0,0,40.15698373333338,30.868604933333277,74.34937866666662,374.13669440000035
PRINCE EDWARD COUNTY (FARMVILLE),2025-02-18,170.69717275,76.84988703571427,137.10907142857144,139.26894682142867,284.9231428571429,239.00194021428564,0,0,53.864041535714215,19.071458464285733,12.708089678571437,438.28148835714285
PRINCE EDWARD COUNTY (FARMVILLE),2025-03-03,216.0596708461537,111.18179607692302,145.22285276923083,133.16183469230768,290.52307692307716,315.10306661538476,0,0,22.105001923076998,11.760536076923087,22.94263146153851,548.8179967692306
PRINCE EDWARD COUNTY (FARMVILLE),2025-03-17,225.56546300000005,115.59368100000003,167.39732299999974,130.49770500000002,289.4670640000004,348.0781199999996,0,1.508988,55.908853999999984,11.001914999999956,66.06567199999998,506.0777199999996
PRINCE EDWARD COUNTY (FARMVILLE),2025-03-31,234.32329000000027,118.84989400000008,185.17010800000025,133.6693339999999,318.0356979999997,353.7621680000001,0,0.21477299999999996,35.105273999999945,16.913225000000043,46.42567400000001,573.5684660000006
PRINCE EDWARD COUNTY (FARMVILLE),2025-04-14,254.21532399999992,118.95351599999996,186.48928399999983,133.96297400000003,315.7741599999998,377.84759400000047,0,-0.0006829999999999257,37.869637999999995,31.71541899999998,36.149174,587.8868399999998
PRINCE EDWARD COUNTY (FARMVILLE),2025-04-28,247.33002100000027,110.66786000000009,181.715586,133.8243890000002,362.6848030000001,303.3177849999998,7.535879999999999,-0.000582999999999905,86.34164200000006,38.748777000000054,40.74162500000005,507.7058259999997
PRINCE EDWARD COUNTY (FARMVILLE),2025-05-12,221.88050899999976,111.07729399999984,184.5584820000001,136.05272299999993,332.4284030000002,320.85635700000006,-2.2982159999999996,2.5824330000000004,87.84136600000004,41.18388699999995,27.89514299999993,496.6485960000001
PRINCE EDWARD COUNTY (FARMVILLE),2025-05-27,211.29786720000024,118.62893273333344,198.702756266667,132.97066339999947,361.5767708666671,306.85451840000025,-4.8884864,-1.9425842666666668,41.9903714,6.290063066666699,57.42753046666664,555.892253666667
PRINCE EDWARD COUNTY (FARMVILLE),2025-06-09,230.99365907692228,144.16866161538454,195.8137630769225,127.79955361538472,313.70106376923036,384.07112123076905,0,1.003470769230769,21.483864076923055,2.1937232307692076,14.451649769230734,660.6464186923068
PUTNAM COUNTY SHERIFF,2025-05-12,0.573991,0.686099,0.278027,0.085202,0.887892,0.735426,0,0,0.026906,0.026906,0,1.569507
PUTNAM COUNTY SHERIFF,2025-06-09,2.579389,2.184518,1.4690149999999995,0.609218,4.048259999999999,2.793879,0,0,-0.10768,-0.14353600000000002,0.035856,7.057490999999999
Pickens County,2025-04-28,10.545455,12.315789,11.449761,5.162679,15.770335,19.019139,2.488038,2.196172,0.38756,0.588517,0.569378,37.92823
RICHWOOD CORRECTIONAL CENTER,2025-01-06,743.608247,16.257732,1.618557,1.051546,0,4.072165,4.835052,753.628866,1.463918,1.226804,0.030928,759.814433
RICHWOOD CORRECTIONAL CENTER,2025-01-21,931.6986529333333,3.5284175999999965,0.5747609333333343,-0.7229005333333343,6.810133333333334,8.47038866666666,3.9080602666666664,915.8903421333331,3.935469066666667,2.1699472000000006,6.065670399999999,922.9078377333334
RICHWOOD CORRECTIONAL CENTER,2025-02-18,766.4667558214284,29.116898678571413,2.44398175,2.5338986785714286,17.42977407142857,41.85410132142857,9.975041535714285,731.3026129642858,3.1271843928571426,5.406470107142858,9.807083071428574,782.2207973571427
RICHWOOD CORRECTIONAL CENTER,2025-03-03,782.3227500769236,74.13728130769235,18.803549923076922,15.013044230769228,56.80321384615387,89.42555884615383,34.41687469230769,709.6310008461531,12.529533923076922,20.736022846153844,29.94671538461538,827.0643533846148
RICHWOOD CORRECTIONAL CENTER,2025-03-17,746.4350170000004,89.39974599999998,34.831631,26.501037000000004,70.726779,137.78099100000003,14.17858300000002,674.4810790000005,14.784791999999998,11.259125999999997,30.653157000000004,840.470356
RICHWOOD CORRECTIONAL CENTER,2025-03-31,768.8649499999998,102.98432900000002,48.233363999999995,38.545083999999996,105.575674,110.09110599999993,25.521123999999986,717.4397980000005,33.44790700000001,28.130643999999993,53.90018799999999,843.1489749999995
RICHWOOD CORRECTIONAL CENTER,2025-04-14,779.058708000001,113.83784699999998,62.55883599999999,47.92321600000001,111.24687199999997,142.837006,37.497580000000006,711.797175999999,45.055390999999986,30.840100000000007,45.463240000000006,882.0198890000008
RICHWOOD CORRECTIONAL CENTER,2025-04-28,787.4479689999987,105.09880299999993,59.79496700000001,41.86651599999998,97.26162900000001,127.97845900000006,47.167747,721.8004060000011,48.545574,24.148585000000008,33.38203600000001,888.1320599999993
RICHWOOD CORRECTIONAL CENTER,2025-05-12,822.8087650000006,100.32407300000015,60.627885000000006,43.28238800000002,114.51129300000002,163.7300450000001,42.770025,706.0317639999994,54.764072000000006,4.981955000000004,42.05156000000001,925.2455240000002
RICHWOOD CORRECTIONAL CENTER,2025-05-27,843.4950881333323,106.71540053333325,78.98527866666663,50.08438326666668,116.93387926666668,204.82510940000006,50.27646626666671,707.2446807333326,59.2547213333333,25.670719133333325,47.999615533333326,946.3550946000013
RICHWOOD CORRECTIONAL CENTER,2025-06-09,844.3425961538474,106.75972984615383,73.81883138461545,44.80564392307689,127.18360607692306,208.2616088461536,37.92436907692305,696.3572173076928,55.38257261538467,38.42113915384614,55.45546084615384,920.4676093076906
RIO GRANDE DETENTION CENTER,2025-01-06,605.278351,6.865979,0,0,15.082474,597.061856,0,0,1.536082,4.103093,9.371134,597.134021
RIO GRANDE DETENTION CENTER,2025-01-21,684.8427734666664,4.199337199999999,0,0,23.38063653333335,665.6614741333328,0,0,2.439464266666666,12.547259066666667,8.443524533333326,665.6118628000006
RIO GRANDE DETENTION CENTER,2025-02-18,620.5663753928576,6.05591032142857,0,0,16.336511642857147,610.285774071429,0,0,1.6977259285714286,5.858499999999997,8.754500000000007,610.311559785714
RIO GRANDE DETENTION CENTER,2025-03-03,645.4941573076917,8.087744538461537,0,0,24.9025632307692,628.6793267692299,0,0,0.9956535384615393,7.397915692307702,16.509328307692314,628.679004307693
RIO GRANDE DETENTION CENTER,2025-03-17,588.1005819999991,7.146324000000001,17.389224,14.946107999999999,32.44942000000002,591.755597,0,3.377244,3.798755,8.445967999999993,20.204965999999995,595.1325609999996
RIO GRANDE DETENTION CENTER,2025-03-31,595.886139000001,17.201046,0.351109000000002,-0.0068850000000009815,42.99314599999999,571.2298599999995,0,-0.7916090000000001,2.934861,10.669794000000016,26.300323999999982,573.5264179999992
RIO GRANDE DETENTION CENTER,2025-04-14,616.722993,22.074748,-0.006995000000001385,-0.005884999999998237,51.51721200000001,587.268646000001,0,-0.001025000000000022,3.2929289999999987,12.676185999999982,35.549516000000004,587.2662160000006
RIO GRANDE DETENTION CENTER,2025-04-28,618.229002,17.902040000000007,-0.006067999999999074,-0.005113000000000463,59.74935999999999,575.5819389999991,0,0.7885900000000002,3.0048870000000005,0.32723600000000325,40.77253700000002,592.0152300000015
RIO GRANDE DETENTION CENTER,2025-05-12,601.5814099999989,32.82018999999999,-0.005302000000000362,-0.004465000000000227,71.996078,563.186011,0,-0.7902400000000002,7.165703,17.478956000000007,46.63966699999998,563.1074919999998
RIO GRANDE DETENTION CENTER,2025-05-27,594.1147651999995,40.05664713333332,-0.0046511333333342005,-0.0039059999999987364,60.13519659999996,573.6266350666682,0,0.4010086000000001,5.6805238666666655,14.163735666666676,29.383856333333338,584.934739333333
RIO GRANDE DETENTION CENTER,2025-06-09,582.1073761538472,49.068455461538456,-0.0041274615384605355,-0.0034946153846161765,80.58595376923088,549.5789727692295,0,1.003283,4.005671846153842,11.55513792307691,50.59059899999997,565.0167813846157
RIVER CORRECTIONAL CENTER,2025-01-06,492.742268,55.546392,1.020619,1.206186,8.701031,541.412371,0,0.402062,1.28866,0.546392,2.020619,546.659794
RIVER CORRECTIONAL CENTER,2025-01-21,506.5563824000002,65.3518389333333,0.9858225333333347,-0.8292151999999997,9.265797466666664,563.0754428,0,-0.2764050666666667,-0.885911999999999,2.9993056,-2.4136441333333325,572.3650791999995
RIVER CORRECTIONAL CENTER,2025-02-18,485.4886960357144,62.97286878571432,1.007368785714286,0.43098835714285705,9.65221428571428,540.1040415357141,0,0.1436611071428572,1.3237259285714293,-0.38980396428571445,1.7024883571428566,547.2635116428568
RIVER CORRECTIONAL CENTER,2025-03-03,474.10957869230725,82.001584,1.9290104615384591,0.6913686153846152,22.31756723076924,536.4158128461545,0,-0.0018156153846154903,3.012646615384614,6.4222773076923065,10.287927538461538,539.0087021538459
RIVER CORRECTIONAL CENTER,2025-03-17,464.3401499999995,80.90967099999996,3.8018470000000013,-0.004926999999999079,25.376775000000016,523.6714809999986,0,-0.001526000000000392,3.944741999999999,8.975383000000003,6.525573999999998,529.6010310000014
RIVER CORRECTIONAL CENTER,2025-03-31,473.7737070000003,94.0341510000001,3.440238999999999,0.21129899999999882,37.78810399999999,533.672578000001,0,-0.0012859999999998348,2.721238000000002,5.233333,15.714993000000005,547.7898320000002
RIVER CORRECTIONAL CENTER,2025-04-14,444.7087790000005,107.00359299999998,5.089848999999999,1.2168610000000004,49.25443199999999,508.7657459999994,0,-0.0011099999999995955,6.668967999999999,3.6511150000000003,28.196939000000004,519.5020459999994
RIVER CORRECTIONAL CENTER,2025-04-28,446.96308599999924,116.80694299999998,12.192637000000003,1.9342129999999997,56.909338,519.768425000001,0,1.2191449999999995,-1.5163610000000014,6.449053,25.668165999999992,547.2960350000004
RIVER CORRECTIONAL CENTER,2025-05-12,428.9049560000006,113.90742100000001,13.334366999999995,1.0007750000000004,52.86689799999999,503.2773189999986,0,1.003271,5.014851000000001,8.168446999999999,20.777094,523.1871269999995
RIVER CORRECTIONAL CENTER,2025-05-27,429.4599486666664,95.62653579999993,12.104266666666671,1.0006707333333338,50.85904846666672,485.927834733334,0,1.4045695333333337,5.013038599999997,13.310678,22.796973799999993,497.0707633333339
RIVER CORRECTIONAL CENTER,2025-06-09,450.2834933846159,89.13401684615383,12.805436923076924,1.0006174615384593,50.417668384615354,497.47856761538645,4.015930153846154,1.3113800769230777,4.316511461538473,12.26573738461539,20.5090317692308,516.1322666153853
ROBERT A DEYTON DETENTION FACILITY,2025-01-06,0.247423,0.484536,1.14433,0.391753,1.474227,0.793814,0,0,0.051546,0.030928,0.010309,2.175258
ROBERT A DEYTON DETENTION FACILITY,2025-01-21,1.3968364000000002,3.1020981333333326,2.8293106666666668,-0.028252933333333393,2.481983600000001,4.7577485333333325,0.06026666666666667,0,0.08509946666666668,0.03900373333333335,0.3545145333333333,6.821381066666665
ROBERT A DEYTON DETENTION FACILITY,2025-02-18,1.01148175,1.6780000000000004,1.7089883571428561,0.33455978571428574,1.9274103214285714,2.8379103214285712,-0.032285714285714286,0,-0.010184392857142883,0.23055317857142862,-0.11808967857142859,4.630755821428573
ROBERT A DEYTON DETENTION FACILITY,2025-03-03,6.268081153846155,2.4710909230769222,4.9458715384615415,1.7785992307692307,6.492837307692307,8.89336823076923,0.07742646153846154,0,0.9288308461538463,-0.00047715384615392835,-0.0001428461538461366,14.535421153846148
ROBERT A DEYTON DETENTION FACILITY,2025-03-17,8.904156,9.334583000000004,11.989625999999996,4.739775999999999,20.969599000000006,14.070449999999994,-0.071896,0,1.580135,0.35889099999999996,0.21544800000000003,32.813666999999995
ROBERT A DEYTON DETENTION FACILITY,2025-03-31,11.267043000000001,7.315975999999998,5.731565000000002,1.1446750000000026,12.907992999999992,12.551267000000005,0,0,-0.7195539999999999,0.8613829999999999,2.441786,22.875644000000015
ROBERT A DEYTON DETENTION FACILITY,2025-04-14,5.803061000000001,1.8552200000000028,2.282938999999999,0.4982629999999984,3.280173000000007,7.087491,0.071792,0,-1.723932,-1.2212749999999999,-2.872922,16.257597999999998
ROBERT A DEYTON DETENTION FACILITY,2025-04-28,5.585418999999994,2.932042999999993,11.972294000000002,0.929115,7.587149000000003,13.903513000000007,-0.071792,0,0.215164,-0.0002430000000000884,0.43062000000000006,20.773329000000007
ROBERT A DEYTON DETENTION FACILITY,2025-05-12,1.5657369999999966,0.9943730000000082,1.276217999999996,0.2833029999999996,1.199513,2.9201169999999883,0,0,-0.215434,0.07152700000000005,-0.43062000000000006,4.694172999999994
SAIPAN DEPARTMENT OF CORRECTIONS (SUSUPE),2025-01-06,1.278351,1.402062,0,0,2.43299,0.247423,0,0,0.835052,0.628866,0,1.216495
SAIPAN DEPARTMENT OF CORRECTIONS (SUSUPE),2025-01-21,2.2550401333333325,3.6163949333333334,1.1450666666666665,0,5.740198666666665,1.2763030666666668,0,0,4.7293936,1.6770088,0,0.6100993333333321
SAIPAN DEPARTMENT OF CORRECTIONS (SUSUPE),2025-02-18,2.626642857142857,2.3635896785714285,1.2929468214285715,0,3.768357142857141,1.7954402142857142,0,0.7193870357142857,1.9174402142857139,0.42557142857142793,0,3.94017275
SAIPAN DEPARTMENT OF CORRECTIONS (SUSUPE),2025-03-03,4.634768769230771,2.8528131538461534,2.01060376923077,0,3.0771040000000025,4.176646923076922,0,2.244412076923077,0.22270246153846293,-0.0045736923076917105,0,9.28003423076923
SAIPAN DEPARTMENT OF CORRECTIONS (SUSUPE),2025-03-17,5.234121000000004,2.1442209999999995,1.0747479999999996,0,2.496687999999998,3.7307799999999998,0,2.2256329999999998,2.506832999999998,-0.0038410000000003003,0,5.950108999999998
SAIPAN DEPARTMENT OF CORRECTIONS (SUSUPE),2025-03-31,4.512815999999999,4.442352000000004,-0.0031069999999989556,0,1.994444999999997,5.451977000000001,0,1.5056390000000002,2.003014000000001,-0.0032439999999991998,0,6.952291000000007
SAIPAN DEPARTMENT OF CORRECTIONS (SUSUPE),2025-04-14,3.2904660000000012,4.153193999999997,0.356306999999999,0,1.923439000000006,5.592203,0,0.28432499999999955,1.9307760000000005,-0.0027720000000002187,0,5.871962999999994
SAIPAN DEPARTMENT OF CORRECTIONS (SUSUPE),2025-04-28,3.0027509999999973,2.070465000000005,-0.002427999999999843,0,2.0676800000000037,3.0056960000000004,0,-0.0025880000000008912,2.074024999999998,-0.0023960000000004455,0,2.9991589999999957
SAIPAN DEPARTMENT OF CORRECTIONS (SUSUPE),2025-05-12,4.006883,3.003333000000002,-0.002123999999999983,0,4.005363999999994,3.004975999999999,0,-0.0022479999999985368,4.010929,-0.0021079999999987615,0,2.999271000000005
SAIPAN DEPARTMENT OF CORRECTIONS (SUSUPE),2025-05-27,7.688123666666669,4.341850333333332,1.002345599999999,0,4.808068266666669,4.544155133333334,0,3.6800962,4.009594599999999,0.8015151333333326,0,8.221209866666664
SAIPAN DEPARTMENT OF CORRECTIONS (SUSUPE),2025-06-09,5.0084382307692294,5.550827153846145,1.5426840000000017,0,5.162431384615379,5.08868376923077,0,1.8508342307692307,3.6223597692307714,1.5427416153846172,0,6.936828615384614
SALT LAKE COUNTY METRO JAIL,2025-01-06,0.876289,4.247423,0.319588,0.134021,3.958763,1.340206,0.134021,0.14433,0.762887,0.14433,0.123711,4.546392
SALT LAKE COUNTY METRO JAIL,2025-01-21,0.7234451999999995,6.059769733333334,0.44322506666666706,0.028396133333333278,3.9680817333333342,2.694654133333332,0.26946279999999995,0.32264400000000004,-0.3436617333333326,-0.1594893333333335,0.03548813333333337,7.7225056
SALT LAKE COUNTY METRO JAIL,2025-02-18,0.8257857142857142,5.016029892857142,0.37052989285714283,0.055255821428571474,4.197398678571427,1.4552558214285714,0.14192857142857143,0.47301824999999986,0.9310896785714284,0.37161296428571433,0.33932725,4.6255714285714316
SALT LAKE COUNTY METRO JAIL,2025-03-03,2.2397907692307686,3.3767189999999974,0.2300342307692303,0.1541485384615386,3.4579671538461545,1.2289597692307705,1.0055529230769233,0.30821269230769244,0.7698337692307684,-0.07845330769230795,-0.15587976923076935,5.465203692307691
SALT LAKE COUNTY METRO JAIL,2025-03-17,1.359480000000001,2.631791999999994,2.0099850000000004,0.14304299999999998,3.640959999999999,2.4342280000000005,0.14238599999999987,-0.07326200000000023,0.42702700000000043,0.07103900000000023,0.28664700000000004,5.359599999999992
SALT LAKE COUNTY METRO JAIL,2025-03-31,2.0055240000000003,4.213623000000008,-0.0744410000000002,-0.0006280000000002316,3.4975919999999974,2.074241999999998,0.21428199999999972,0.3579500000000004,1.0018520000000006,-0.14438299999999998,0.2864920000000001,5.000093000000009
SALT LAKE COUNTY METRO JAIL,2025-04-14,1.3585800000000015,2.6342210000000006,1.433689,0.0712600000000003,3.1389800000000037,1.5712700000000024,0.142474,0.6450259999999999,0.5708099999999996,-0.0005649999999999267,0.21458799999999986,4.7129169999999885
SALT LAKE COUNTY METRO JAIL,2025-04-28,1.286615999999997,4.1425629999999956,0.14113899999999951,0.07127399999999996,4.359589000000004,0.9971349999999981,0.14254600000000042,0.14233700000000024,0.9297609999999992,0.5019089999999997,0.7887189999999998,3.4212180000000103
SALT LAKE COUNTY METRO JAIL,2025-05-12,1.788736,4.716588999999991,0.2848530000000003,0.2147979999999998,4.144030999999992,2.0019690000000026,0.4295660000000002,0.429395,0.4273490000000026,0.3581630000000001,0.788333,5.4311159999999985
SALT LAKE COUNTY METRO JAIL,2025-05-27,1.4010419333333326,3.7312362000000046,0.3327669999999993,0.0664990666666668,3.464860533333338,1.6000472666666647,0.13297399999999962,0.3336624,0.13103766666666652,0.5349640666666668,-0.46962859999999956,5.335171066666665
SALT LAKE COUNTY METRO JAIL,2025-06-09,1.2310282307692328,5.389318230769233,0.22986484615384703,0.6174161538461538,3.3054424615384663,3.623464538461541,0.23082107692307666,0.30787999999999943,0.15187899999999935,0.6943980769230769,0.15369361538461462,6.467656769230766
SAN JUAN STAGING,2025-02-18,2.771429,0.178571,0.028571,0.014286,0.164286,2.357143,0.007143,0.464286,0.014286,0,0,2.978571
SAN JUAN STAGING,2025-03-03,10.511800692307693,0.7730939230769232,2.167737615384615,0.6193046153846153,2.0119898461538464,11.288763923076925,-4.7615384615378856e-05,0.7712198461538461,1.1612898461538461,0,0,12.910646999999996
SAN JUAN STAGING,2025-03-17,13.704037000000003,0.5016260000000001,4.8131179999999985,1.4367429999999999,4.525036999999999,14.352626999999996,0.43109600000000003,1.1467640000000006,1.5801749999999994,0.7185600000000001,0.143712,18.013077000000003
SAN JUAN STAGING,2025-03-31,15.274692,1.1477819999999999,3.9470090000000004,2.1537040000000003,6.388553000000001,14.845041000000005,0.358882,0.9306980000000006,0.3578260000000003,-0.07214800000000007,1.580049,20.657459999999997
SAN JUAN STAGING,2025-04-28,7.977859500000002,1.541532,1.0724840000000009,0.24960700000000027,2.147799500000001,7.404888,-0.0003169999999999641,1.2891109999999995,-1.3289135,-0.07200849999999999,-0.2877179999999999,12.530122500000004
SAN JUAN STAGING,2025-05-12,12.890104999999997,0.9305659999999999,2.9377589999999976,1.1465419999999997,3.797091999999996,11.743423000000007,0.4302319999999998,1.9342240000000004,0.645589,0.21509299999999992,0.43015499999999995,16.614134999999983
SAN LUIS REGIONAL DETENTION CENTER,2025-01-06,52.010309,5.020619,0.092784,0.051546,0.989691,44.927835,0.010309,11.247423,0.010309,0.010309,0.298969,56.85567
SAN LUIS REGIONAL DETENTION CENTER,2025-01-21,-35.69508546666669,-2.0653774666666664,0.5388778666666665,-0.03543386666666664,1.1276188,-30.645322000000032,-0.007085466666666674,-7.7322302666666705,0.7763812,0.11344786666666667,-0.2055307999999999,-37.94131066666669
SAN LUIS REGIONAL DETENTION CENTER,2025-02-18,36.64444682142857,3.353416928571426,1.0051960357142857,2.3564285714285718,5.140161107142857,23.837571428571454,0.39934549999999996,13.98241032142857,3.2168753928571427,0.08298835714285714,0.5024883571428571,39.55713121428575
SAN LUIS REGIONAL DETENTION CENTER,2025-03-03,5.935065000000018,0.7485418461538459,0.23016623076923046,0.9258455384615379,2.3882543846153883,1.5670638461537796,0.23171784615384622,3.6525706923076857,-6.663381615384615,-0.00022723076923076164,-0.7761278461538462,15.279354307692232
SAN LUIS REGIONAL DETENTION CENTER,2025-03-17,58.70188200000003,46.109779,2.2975290000000004,7.038700000000001,10.695348999999993,81.951675,0.5742709999999999,20.926617999999994,8.190991,1.0776400000000002,0.717394,104.16187600000005
SAN LUIS REGIONAL DETENTION CENTER,2025-03-31,206.35022,91.46296299999999,14.721114,23.695711999999997,45.377840000000006,228.85416300000003,3.8058699999999996,58.19211100000003,35.117254,4.380561999999999,6.103652000000001,290.6285409999999
SAN LUIS REGIONAL DETENTION CENTER,2025-04-14,243.76660000000007,86.80160900000003,16.504746000000004,28.631692000000005,56.11332999999998,250.526395,3.587586000000001,65.477349,28.843987999999992,6.459240000000001,7.822095999999999,332.5793230000002
SAN LUIS REGIONAL DETENTION CENTER,2025-04-28,228.6351839999999,89.550687,11.901230999999996,33.350913000000006,61.24647900000001,235.53241699999995,3.513659,63.14545999999999,35.573037,4.517333,5.161725000000002,318.18590499999976
SAN LUIS REGIONAL DETENTION CENTER,2025-05-12,214.9052040000002,79.607097,8.021269000000002,27.378578999999977,47.009255,206.22791299999997,2.650952999999999,74.02404399999998,29.16925300000001,5.591392999999998,4.5853629999999965,290.5661710000001
SAN LUIS REGIONAL DETENTION CENTER,2025-05-27,201.35428893333327,67.63620586666663,2.796814733333334,24.871115200000016,33.811748200000025,198.88332806666682,2.071343999999999,61.89198953333337,-45.09143033333333,5.0151252,2.6708959333333344,334.06383493333317
SAN LUIS REGIONAL DETENTION CENTER,2025-06-09,237.26828015384615,71.9369867692308,10.875390384615388,26.91749907692306,48.82159792307686,229.39685776923076,1.7722200000000021,67.00748069230765,31.257023307692318,7.639254615384616,0.9971228461538474,307.10475661538464
SARPY COUNTY JAIL,2025-06-09,0.358566,0.430279,0.286853,0.306773,1.250996,0.131474,0,0,0.282869,0.458167,0.195219,0.446215
SEBASTIAN COUNTY DETENTION CENTER,2025-03-03,0.477124,0.267974,0.169935,0.098039,0.562092,0.411765,0.006536,0.03268,0.006536,0,0,1.006536
SEBASTIAN COUNTY DETENTION CENTER,2025-04-14,0.6915713333333334,0.4533246666666669,0.5256236666666666,0.31061033333333327,0.6432686666666664,1.170537,0.14355400000000001,0.023762,0.023895999999999997,0.09572733333333333,0,1.861506666666666
SEBASTIAN COUNTY DETENTION CENTER,2025-04-28,0.28457699999999975,0.21383699999999958,0.5012139999999999,0.21461500000000022,0.42785200000000145,0.6431790000000005,0.14337200000000003,-0.00014599999999997948,-4.899999999999746e-05,-0.287182,0,1.5014740000000018
SEBASTIAN COUNTY DETENTION CENTER,2025-05-12,0.8587129999999986,0.21389899999999987,0.35755800000000043,0.21458099999999977,0.35619400000000007,1.217139000000001,0.07155799999999994,-0.000124000000000013,0.07171300000000001,0,0,1.573054000000001
SEBASTIAN COUNTY DETENTION CENTER,2025-05-27,1.4036649333333362,0.7351663333333335,0.3336039333333327,0.13326633333333338,0.9349167999999992,1.2024401333333326,0.2676069333333334,0.2007227333333333,-0.06701033333333332,0.06695186666666667,0.7364068,1.8693223333333322
SEBASTIAN COUNTY DETENTION CENTER,2025-06-09,2.005643538461538,0.38486192307692374,0.46230284615384565,0.2310674615384612,1.1561366153846175,1.7736635384615385,0.15421569230769216,-0.0001400769230768945,0.077199,0.07720446153846153,-0.5407869230769232,3.4702582307692316
SENECA COUNTY JAIL,2025-01-06,10.845361,13.350515,17.298969,20.237113,51.175258,7.762887,2,0.793814,23.742268,6.773196,11.14433,20.072165
SENECA COUNTY JAIL,2025-01-21,20.327108133333333,5.044902000000002,14.082469200000014,22.368195066666644,45.27471440000002,12.683004933333336,4.410666666666665,-0.5457181333333333,-0.5321509333333476,-5.921947200000007,-8.444822666666663,76.72158866666665
SENECA COUNTY JAIL,2025-02-18,20.284875392857145,11.5746545,15.070654499999998,17.397857142857138,45.43254153571427,17.147928571428572,1.032297357142858,0.7152740714285711,12.757803964285715,5.4002142857142905,-0.7058870357142878,46.87591032142859
SENECA COUNTY JAIL,2025-03-03,31.267737615384615,12.618659692307697,12.97702446153849,10.78697892307694,34.67356023076921,27.884391230769236,2.2318498461538465,2.8605993846153845,-39.45636176923077,-8.08594461538462,-14.057920846153856,129.25063976923076
SENECA COUNTY JAIL,2025-03-17,36.91491799999998,7.543967000000017,7.878949999999967,7.5740710000000036,19.47207100000001,32.12186699999999,3.221094999999999,5.096873,10.478764000000021,-0.09600400000000166,-1.0356479999999888,50.564783
SENECA COUNTY JAIL,2025-03-31,36.104876000000004,8.91285799999998,9.610378000000017,6.220067000000037,12.818937000000005,38.136181000000015,3.5073230000000017,6.385737999999999,-5.462702000000003,2.924365999999996,2.6328410000000013,60.753674000000046
SENECA COUNTY JAIL,2025-04-14,34.58211400000001,7.479213999999989,9.327865999999988,5.439745,9.255187000000076,37.901225000000004,3.003711000000002,6.668829999999998,-9.10907400000003,0.4121580000000011,1.5573649999999961,63.96851799999994
SENECA COUNTY JAIL,2025-04-28,30.19313699999998,7.984398000000023,7.968149999999988,4.7301179999999805,6.551155999999927,34.72786799999998,5.515179999999999,4.081600000000001,-0.48203499999996374,3.9311050000000023,3.712348999999993,43.71437100000003
SENECA COUNTY JAIL,2025-05-12,37.28995300000003,10.928053999999975,5.102206000000024,3.5173699999999632,13.746508000000047,41.318074000000024,0.06035000000000374,1.7126200000000031,6.197342999999981,-0.6611530000000049,4.430093000000007,46.871301
SENECA COUNTY JAIL,2025-05-27,37.80195980000001,13.142149133333351,6.2356816666666415,3.0170686666666673,14.037354199999998,43.16561213333328,1.9983903333333273,0.9955334666666659,-12.760891333333332,1.8611595333333375,7.346861466666663,63.74973059999999
SENECA COUNTY JAIL,2025-06-09,38.4481916153846,11.926083000000009,4.8129593076923465,1.9516973846154122,10.670551923076905,43.4737820000001,1.9985425384615452,0.996036461538464,0.970727230769241,6.861092538461531,7.705766615384601,41.601326538461414
SHERBURNE COUNTY JAIL,2025-01-06,0,0,2.319588,1.381443,3.701031,0,0,0,3.319588,0,0,0.381443
SHERBURNE COUNTY JAIL,2025-01-21,3.9776000000000002,8.015466666666667,6.842691733333331,2.0636390666666653,10.774597466666664,9.5824,0,0.5424,4.889625066666667,3.6159999999999997,2.5312,9.8625724
SHERBURNE COUNTY JAIL,2025-02-18,8.44414285714286,12.108041535714287,11.056274071428572,3.4474402142857152,15.948774071428574,18.03085714285714,0.5035714285714287,0.5726960357142857,4.0704169285714284,3.1345415357142854,3.607774071428571,24.243161107142857
SHERBURNE COUNTY JAIL,2025-03-03,14.542335230769227,19.257742999999998,27.688808461538464,6.72386261538461,33.402962153846154,31.559678307692312,2.0124193846153844,1.2376894615384613,9.267339999999999,11.684721153846157,7.813576461538464,39.447122538461535
SHERBURNE COUNTY JAIL,2025-03-17,20.460170999999995,16.499351000000008,39.985088000000005,8.106138000000007,46.00524699999999,35.24026500000001,2.010414,1.7948460000000002,13.268791000000006,0.7789849999999977,10.481655999999997,60.521316000000006
SHERBURNE COUNTY JAIL,2025-03-31,22.814407000000017,21.80332799999999,43.976344000000005,12.122870999999991,53.584534999999995,40.67271499999999,2.1524360000000007,4.30724,13.260369,9.398818000000002,13.777316999999998,64.28044599999998
SHERBURNE COUNTY JAIL,2025-04-14,16.912850999999982,29.903360000000003,44.23615200000001,9.602667000000006,47.80830900000001,45.96072100000002,2.222863999999998,4.663122,11.315280999999995,3.3620680000000016,10.681093,75.296588
SHERBURNE COUNTY JAIL,2025-04-28,13.819259000000004,23.356498000000006,49.02270499999996,9.885548999999994,50.01102099999999,39.334422,4.661918000000002,2.0766789999999986,19.851998,0.777667,4.073087000000003,71.38124400000002
SHERBURNE COUNTY JAIL,2025-05-12,15.034787000000003,28.728774000000012,49.073651000000055,10.599485000000007,52.933403,41.90228999999996,4.013765999999998,4.5872230000000025,25.081340000000004,10.895266999999993,-1.0930290000000014,68.55311800000001
SHERBURNE COUNTY JAIL,2025-05-27,16.436421399999986,34.70046846666664,44.106696933333296,9.888335133333324,54.670361199999995,43.84388320000004,4.0120996666666695,2.6055937999999967,7.263593199999999,16.858461733333336,-1.5542450666666658,82.56415886666667
SHERBURNE COUNTY JAIL,2025-06-09,18.656570692307696,32.54229638461542,39.229342615384596,11.718843461538462,46.70557769230772,49.737047076923076,3.6246040769230796,2.079805923076925,19.35292446153847,6.008901692307693,-1.4026076923076884,78.1877979230769
SOUTH CENTRAL REGIONAL JAIL,2025-01-06,0.14433,0.185567,1.226804,0.680412,2.020619,0.216495,0,0,0.257732,0,0.061856,1.917526
SOUTH CENTRAL REGIONAL JAIL,2025-01-21,2.7333106666666667,4.271895599999999,1.687813866666667,3.027708266666667,7.229022533333335,4.491699333333333,0,0,0.06388426666666665,0.7232000000000001,3.5734741333333337,7.360163466666665
SOUTH CENTRAL REGIONAL JAIL,2025-02-18,4.181338892857143,2.673225928571429,2.211696035714286,1.4639169285714289,6.212541535714286,4.317631214285714,0,0,2.1570830714285716,1.1232857142857142,0.9265415357142857,6.323267464285714
SOUTH CENTRAL REGIONAL JAIL,2025-03-03,7.115186692307693,4.793120923076922,3.242263153846153,2.7802352307692306,8.184874538461534,9.745954153846153,0,0,-1.3976884615384615,2.630517538461539,1.5445528461538454,15.153424076923075
SOUTH CENTRAL REGIONAL JAIL,2025-03-17,7.822046,5.524397000000001,4.732814999999998,0.49564199999999964,6.5160980000000075,12.058779,0,0,0.5721959999999991,-1.727528,-1.2975289999999993,21.027748999999996
SOUTH CENTRAL REGIONAL JAIL,2025-03-31,5.446253999999994,2.647697999999999,4.011707000000001,1.286368,5.579912000000003,7.812127000000004,0,0,1.0030140000000003,0.7165089999999995,0.8589970000000002,10.813506000000018
SOUTH CENTRAL REGIONAL JAIL,2025-04-14,5.0129460000000075,2.0726459999999998,5.517724999999997,0.6401200000000001,4.071003999999983,9.172432999999996,0,0,1.4333480000000003,1.0033829999999995,1.002324999999999,9.804393999999986
SOUTH CENTRAL REGIONAL JAIL,2025-05-12,6.2661139999999955,5.265241999999999,5.944876000000003,0.5330060000000003,6.080054000000002,11.929192,0,0,1.0019510000000003,1.0027360000000003,1.145383000000001,14.859168000000002
SOUTH CENTRAL REGIONAL JAIL,2025-05-27,5.342687266666667,1.9318912666666657,1.8629537999999988,-0.004466533333334155,3.5966709333333258,5.536379933333349,0,0,0.5999211333333316,1.002237866666667,0.7336827999999987,6.797224000000005
SOUTH CENTRAL REGIONAL JAIL,2025-06-09,6.242647615384621,3.3118728461538556,8.716212692307689,0.6138823076923074,8.555191076923096,9.634369615384598,0,0.6950741538461538,2.005507923076926,1.0019839999999998,1.2330653846153832,14.644058153846153
SOUTH LOUISIANA ICE PROCESSING CENTER,2025-01-06,587.14433,100.226804,81.195876,32.28866,1.42268,1.525773,104.896907,693.010309,55.381443,22.216495,21.092784,702.164948
SOUTH LOUISIANA ICE PROCESSING CENTER,2025-01-21,622.3978439999996,90.8040805333334,111.0589434666667,47.29008800000001,4.566490666666668,8.6540164,122.12634093333327,736.2041145333332,51.8449724,12.630366000000018,16.235411199999998,790.8402064000004
SOUTH LOUISIANA ICE PROCESSING CENTER,2025-02-18,629.1472740714291,102.40604153571427,94.49765450000002,35.35188703571426,2.6097441785714284,5.418612964285714,116.68855317857144,736.685946821429,59.05998835714289,24.319368785714282,18.084089678571413,759.939410321428
SOUTH LOUISIANA ICE PROCESSING CENTER,2025-03-03,637.7113819999985,107.89967315384624,114.71835292307696,36.39698407692315,0.9935154615384625,7.180623307692306,126.73005223076926,761.8222129999989,41.05854261538458,33.53896800000002,29.523526538461528,792.6053550000014
SOUTH LOUISIANA ICE PROCESSING CENTER,2025-03-17,618.5959040000016,106.7523849999999,129.09370099999992,41.82841899999994,7.246048999999995,12.698173000000006,130.76309600000008,745.563068,41.781460000000024,28.104062999999996,22.366561999999995,804.018323999999
SOUTH LOUISIANA ICE PROCESSING CENTER,2025-03-31,604.2164379999989,120.68018399999995,164.68140800000012,56.18644999999996,3.434516000000002,7.518339999999999,172.40195599999996,762.4096670000009,65.351171,32.69571199999999,38.453493000000016,809.2641039999996
SOUTH LOUISIANA ICE PROCESSING CENTER,2025-04-14,591.7956059999997,111.33123599999999,167.99895599999996,60.908404000000054,1.423410000000002,3.423409999999998,162.87757199999993,764.3098230000002,81.42382299999996,45.75477000000001,34.70633500000002,770.1492460000009
SOUTH LOUISIANA ICE PROCESSING CENTER,2025-04-28,592.593317,116.4926039999999,166.1569839999998,55.93981200000001,13.553278000000002,-8.059167000000002,153.30067899999995,772.3879269999992,60.66369899999999,36.84026500000001,38.21458099999999,795.4642000000001
SOUTH LOUISIANA ICE PROCESSING CENTER,2025-05-12,598.1242190000006,115.33658400000006,178.24488800000003,60.30612199999996,4.864975999999997,20.504333000000006,167.34363699999994,759.2988670000008,73.64763500000014,47.88274099999996,27.87373500000006,802.607686000001
SOUTH LOUISIANA ICE PROCESSING CENTER,2025-05-27,595.372099666666,119.86363333333357,185.2405598666667,67.24303233333339,1.1245614000000008,6.675362466666669,176.34742373333356,783.5719616666669,62.018292799999834,51.90207739999999,42.07398399999996,811.7249699999986
SOUTH LOUISIANA ICE PROCESSING CENTER,2025-06-09,579.373253615385,115.80969999999994,190.75649984615413,62.07702946153837,18.291104230769232,-5.038748692307711,165.53200861538426,769.2321371538453,28.11248369230774,49.54291930769236,42.297428307692336,828.0636699999988
SOUTH TEXAS ICE PROCESSING CENTER,2025-01-06,1353.927835,91.257732,181.474227,59.371134,306.85567,1353.041237,19.216495,6.917526,86.639175,75.216495,145.134021,1379.041237
SOUTH TEXAS ICE PROCESSING CENTER,2025-01-21,1213.8090779999989,127.2841509333334,212.61531693333333,84.9005912,354.34828933333364,1260.9444516000008,16.86236600000002,6.45403013333333,73.86885666666676,78.46716600000006,210.11639613333318,1276.156718266666
SOUTH TEXAS ICE PROCESSING CENTER,2025-02-18,1244.3642973571436,106.91714285714286,189.38047010714283,72.24152989285719,354.9780116428571,1227.2879817499986,21.18589867857143,9.451553178571434,94.79385714285718,71.2338388928571,199.85836878571445,1247.017375392857
SOUTH TEXAS ICE PROCESSING CENTER,2025-03-03,1226.1777519999998,138.02785907692305,198.927783923077,87.30098361538442,379.1437658461537,1192.2586545384615,30.456693000000016,48.575242538461524,40.77742646153834,65.55553592307703,209.9980446153845,1334.1033597692328
SOUTH TEXAS ICE PROCESSING CENTER,2025-03-17,1183.6791910000009,156.32597600000008,203.09330099999974,86.26014399999998,421.42315699999955,1113.271655000002,32.57308199999995,62.09071699999999,34.56882400000008,90.74256000000007,226.85695699999997,1277.190294
SOUTH TEXAS ICE PROCESSING CENTER,2025-03-31,1212.237110999999,181.55731299999985,197.97942000000018,93.2088510000002,418.534483000001,1158.4119479999997,36.08112700000002,71.95514900000002,90.77916899999984,86.058621,233.912231,1274.232661999999
SOUTH TEXAS ICE PROCESSING CENTER,2025-04-14,1156.8081910000017,186.23625699999997,211.90033200000002,93.33270699999996,428.59108699999916,1146.5271500000006,31.04383100000002,42.11541900000001,84.02113699999998,74.92200099999991,136.00687700000032,1353.3274719999984
SOUTH TEXAS ICE PROCESSING CENTER,2025-04-28,1083.1927339999986,187.76442700000007,230.47347600000026,101.57043200000005,472.74154500000026,1076.571369999999,32.258052000000006,21.430117000000013,109.35322900000028,92.07598400000006,251.7284510000001,1149.8434050000008
SOUTH TEXAS ICE PROCESSING CENTER,2025-05-12,1099.2402839999995,195.25587900000002,243.43646399999957,110.1624939999999,485.79642499999943,1107.539988,31.535074000000026,23.223635000000026,140.1160649999999,81.23237799999995,251.1795929999997,1175.5671010000017
SOUTH TEXAS ICE PROCESSING CENTER,2025-05-27,1058.3614335333345,226.41798853333336,258.8597541999998,124.87097479999987,500.4394336666679,1104.0596155333333,36.250531533333316,27.760523533333313,103.8089072666667,84.69704079999987,168.40363199999993,1311.6005241999985
SOUTH TEXAS ICE PROCESSING CENTER,2025-06-09,1033.7724074615398,257.9582384615387,297.6154433076926,131.7473573846157,553.8750263846148,1095.0400002307679,37.82038699999997,34.35805038461534,124.22513253846158,111.7497473846155,280.697280923077,1204.4213031538484
ST. CLAIR COUNTY JAIL,2025-01-06,48.123711,12.278351,7.195876,4,20.350515,51.247423,0,0,5.010309,6.505155,4.742268,55.340206
ST. CLAIR COUNTY JAIL,2025-01-21,55.267488133333366,12.953706799999994,17.41201013333333,5.145066666666666,27.232101999999987,63.54616973333341,0,0,9.15131453333333,9.208453999999998,12.107849066666665,60.31065413333332
ST. CLAIR COUNTY JAIL,2025-02-18,45.75994021428567,12.996744178571427,11.743202642857145,4.681470107142857,23.78329735714286,51.398059785714295,0,0,7.164232535714286,7.692732535714291,3.2453039642857107,57.07908307142858
ST. CLAIR COUNTY JAIL,2025-03-03,34.98975061538469,-9.605029461538448,22.703158769230747,15.689617307692314,22.07896723076923,41.698541846153745,0,0,3.4457500769230784,-24.20279484615385,6.701877153846165,77.83268753846158
ST. CLAIR COUNTY JAIL,2025-03-17,35.357594,13.804630999999988,9.710621000000012,5.932801999999997,14.671909999999993,50.133727000000036,0,0,-2.117808999999998,-4.050251000000003,-9.660798999999997,80.63449599999993
ST. CLAIR COUNTY JAIL,2025-03-31,34.57852000000009,17.96744000000003,8.921135000000017,6.291264000000004,12.667408000000023,55.090951000000004,0,0,-0.3868690000000064,4.791777000000001,0.623749999999997,62.72971400000006
ST. CLAIR COUNTY JAIL,2025-04-14,27.336483999999864,17.10033199999998,8.204242999999988,6.649439999999994,13.176721999999959,46.11377699999996,0,0,3.4943150000000043,4.288330999999995,4.288036000000001,47.219803999999904
ST. CLAIR COUNTY JAIL,2025-04-28,27.27705100000003,19.464865999999997,8.205599000000007,7.653342000000001,20.93293500000001,41.66792299999997,0,0,5.3611100000000045,-0.08999900000000187,6.727901999999996,50.60183
ST. CLAIR COUNTY JAIL,2025-05-12,24.345388999999937,15.155393999999985,9.067666999999997,6.719285999999995,23.013115000000067,32.27463700000005,0,0,11.100516000000002,6.226239000000005,-0.018184000000003055,37.979195999999966
ST. CLAIR COUNTY JAIL,2025-05-27,33.43160200000008,17.55437120000003,8.5947254,4.997192400000009,23.07845766666663,41.49943433333331,0,0,4.732257733333321,10.160291666666671,-1.8235442666666661,51.5088868666667
ST. CLAIR COUNTY JAIL,2025-06-09,38.295830923076906,14.85414553846151,6.988931000000006,4.997503846153852,21.774532846153868,43.36187946153852,0,0,-2.4139469230769044,6.934227153846144,5.469553846153845,55.146558846153944
STE. GENEVIEVE COUNTY SHERIFF/JAIL,2025-03-17,0.071856,1.113772,0.742515,0.215569,1.011976,0.982036,0,0.149701,0.39521,0.245509,0.137725,1.365269
STE. GENEVIEVE COUNTY SHERIFF/JAIL,2025-03-31,1.7951879999999998,16.944132,12.995899,1.9380299999999997,15.580049,16.082966000000003,0.287287,1.722922,5.169083,3.661623,4.955031,19.887487000000004
STE. GENEVIEVE COUNTY SHERIFF/JAIL,2025-04-14,4.7374100000000015,18.51111,14.063154999999995,1.0033500000000006,17.291629,18.942861999999995,1.005025,1.075536,0.2114750000000011,-0.2897829999999999,8.756373000000002,29.636972999999994
STE. GENEVIEVE COUNTY SHERIFF/JAIL,2025-04-28,5.739099999999999,24.959394,12.762826000000002,2.151222,13.620975000000003,28.907445000000013,0.43018300000000004,2.6539399999999995,5.164007,1.5050169999999992,-3.306684000000002,42.250202
STE. GENEVIEVE COUNTY SHERIFF/JAIL,2025-05-12,3.870510000000002,30.18422800000001,15.052691999999995,6.81385,14.116995,35.85179899999998,0.7887209999999999,5.163749999999999,2.004386999999998,-0.5763249999999991,1.431364000000002,53.061838
STE. GENEVIEVE COUNTY SHERIFF/JAIL,2025-05-27,9.301141866666663,30.433480533333327,14.376801133333341,4.548572400000002,11.094059799999991,43.21832033333337,1.2713283333333336,3.0762874666666677,-8.238992399999999,-2.679769533333334,-0.472168000000003,70.05094080000002
STE. GENEVIEVE COUNTY SHERIFF/JAIL,2025-06-09,28.877557538461545,19.893353230769208,16.972019615384607,5.710463846153839,16.661832230769242,47.99993561538458,0.23078730769230688,6.560839076923075,3.4733524615384614,1.9296993076923086,5.016900307692309,61.03342276923076
STEWART DETENTION CENTER,2025-01-06,693.484536,174.412371,330.948454,315.56701,622.185567,698.340206,42.134021,151.752577,289.041237,133.175258,105.71134,986.484536
STEWART DETENTION CENTER,2025-01-21,748.2327647999996,200.11330946666664,364.96556719999984,328.5318013333335,655.3806955999995,763.5170541333325,45.8251961333334,177.12049693333344,290.4180515999998,155.60004773333313,86.31044533333333,1109.5148981333332
STEWART DETENTION CENTER,2025-02-18,737.8983039642854,203.27737539285707,384.887375392857,342.67087539285706,701.7723388928576,755.5190182499999,49.19344682142855,162.24913121428577,269.3559468214285,115.81922592857147,87.52384550000001,1196.0349169285716
STEWART DETENTION CENTER,2025-03-03,874.6969966923084,239.98621330769225,465.0082402307699,357.0717646923076,780.9825140769233,911.9607020769248,63.35692669230768,180.46307307692294,82.4521839230768,86.08572353846158,86.99223384615372,1681.2330746153848
STEWART DETENTION CENTER,2025-03-17,975.6515620000001,274.4449220000001,549.5126569999999,358.6271740000001,859.8006299999989,1038.1010909999989,58.86486700000004,201.46972799999978,148.3583430000004,165.22018599999996,111.14410100000012,1733.5136859999973
STEWART DETENTION CENTER,2025-03-31,964.7883340000002,375.4202869999998,537.4830829999997,316.2925940000002,996.9364519999997,939.6379359999992,84.70896600000002,172.70091900000028,-108.65842299999973,116.41817400000036,151.71297399999978,2034.5115610000005
STEWART DETENTION CENTER,2025-04-14,936.5418039999994,418.2112190000002,523.9983250000005,312.0659459999998,848.5660879999996,1090.6232720000012,57.18152999999997,194.44644499999984,80.5950929999999,37.59914599999969,49.50803000000009,2023.1150250000023
STEWART DETENTION CENTER,2025-04-28,911.0864530000005,436.3695260000001,547.5152940000002,323.84660800000034,893.030912,1122.200048999998,39.6643799999999,163.92251199999995,168.54408399999946,170.3657709999999,152.320344,1727.5876669999977
STEWART DETENTION CENTER,2025-05-12,822.3222289999997,481.0854480000001,545.9169699999994,330.735811999999,857.3319640000014,1112.2466710000008,51.365712000000066,159.116096,195.26501000000022,193.15392100000022,167.14111600000018,1624.500411000003
STEWART DETENTION CENTER,2025-05-27,868.3501827333336,532.8369527333333,528.8164346666667,299.08648446666774,851.920089066667,1186.0000958666672,36.612480733333356,154.55741980000022,-11.546283199999985,12.906597666666736,78.61243859999983,2149.117316466663
STEWART DETENTION CENTER,2025-06-09,859.4297300769226,563.4695133076916,517.847446153846,297.5082268461534,762.6465000000003,1222.6801241538465,51.781257307692265,201.14701653846154,188.182214461539,99.90665838461511,133.5721726923078,1816.593851461541
STRAFFORD COUNTY CORRECTIONS,2025-01-06,0,0,45.536082,35.793814,42.020619,27.515464,6.587629,5.206186,23.257732,6.237113,9.381443,42.453608
STRAFFORD COUNTY CORRECTIONS,2025-01-21,0,0,42.82346426666663,46.146015199999965,44.27595586666666,29.9000352,6.258957200000001,8.534518133333332,17.519350933333317,8.066861733333333,2.3495057333333307,61.03376106666668
STRAFFORD COUNTY CORRECTIONS,2025-02-18,0,0,54.21726746428573,47.832202642857155,49.700916928571424,37.99407142857144,6.502274071428571,7.852202642857146,27.87558307142857,9.997803964285712,8.925672749999999,55.25041032142859
STRAFFORD COUNTY CORRECTIONS,2025-03-03,0,0,66.20178807692307,52.857366769230794,50.73745169230768,51.44794323076922,7.777297538461539,9.096473230769229,5.962619076923077,8.934479000000001,-14.611895923076917,118.77394084615382
STRAFFORD COUNTY CORRECTIONS,2025-03-17,0,0,55.39764299999998,51.27884500000001,46.80016099999999,42.995958999999985,7.864427000000002,9.015929000000003,28.897743000000023,6.351340999999999,8.295882999999995,63.13153200000001
STRAFFORD COUNTY CORRECTIONS,2025-03-31,22.983428,0,51.36927199999991,47.39041700000001,47.30068999999997,57.06290200000006,6.355011000000006,11.024512999999988,6.482610999999971,5.562178000000001,11.382706,98.31562199999995
STRAFFORD COUNTY CORRECTIONS,2025-04-14,30.431962000000002,2.3692339999999996,46.48547400000007,43.14973900000002,48.949824000000135,60.92051599999987,5.350198999999991,7.215869000000014,-10.161042999999998,6.2814540000000045,11.450826000000006,114.865158
STRAFFORD COUNTY CORRECTIONS,2025-04-28,31.776000000000003,7.9656910000000005,44.693169999999945,44.943065999999945,50.02353099999995,65.92639500000008,5.1358000000000015,8.29221499999999,17.922738000000013,10.731784999999993,10.658374999999994,90.06504300000013
STRAFFORD COUNTY CORRECTIONS,2025-05-12,24.943137999999994,2.9386109999999985,47.20703199999999,34.17892599999998,41.62596300000002,51.056706999999925,4.993209999999992,11.591843000000008,-36.605686000000006,-1.1807249999999871,7.786473000000001,139.26764500000004
STRAFFORD COUNTY CORRECTIONS,2025-05-27,33.91309706666666,2.0049183333333342,59.57872180000013,31.223236933333343,40.11215099999996,66.71534140000003,6.065176000000005,13.827290800000007,-6.693219466666657,-6.589230200000005,10.478594999999995,129.52382880000005
STRAFFORD COUNTY CORRECTIONS,2025-06-09,36.26369907692309,2.5449859230769243,68.69189730769219,15.746105692307678,28.241755615384626,75.13594207692306,5.689489230769228,14.17950107692307,4.731690461538479,10.170656999999997,14.642513769230792,93.70182676923062
SWEETWATER COUNTY JAIL,2025-02-18,0.178571,0.428571,0.428571,0.078571,0.835714,0.171429,0,0.107143,0.1,0.114286,0.021429,0.878571
SWEETWATER COUNTY JAIL,2025-03-03,0.6956674615384617,0.3069109999999995,1.2360166923076927,-0.0005139230769231062,1.6979126153846151,0.5408513076923074,0,-0.0007043846153846217,0.8510343076923074,-0.9298576923076922,0.23213653846153848,2.0847582307692303
SWEETWATER COUNTY JAIL,2025-03-17,0.35795399999999944,1.6501850000000005,1.8652840000000006,-0.00042900000000007613,2.4376689999999996,1.220346,0,0.21497899999999998,0.5738710000000002,-0.00016000000000003314,-0.215808,3.5150919999999997
SWEETWATER COUNTY JAIL,2025-03-31,0.2141760000000004,0.7871720000000002,0.5712189999999993,-0.00036699999999991107,0.7125140000000008,0.4293590000000006,0.359112,0.07122799999999987,-2.37126,0.35898800000000003,-9.30000000000256e-05,3.584579000000001
SWEETWATER COUNTY JAIL,2025-04-28,0.10654650000000007,0.7868884999999999,0.6071424999999999,-0.00028450000000005256,0.5693225000000004,0.8956954999999996,-0.03601349999999998,0.07126700000000012,0,-0.1796635,0.10757250000000003,1.5723635000000005
SWEETWATER COUNTY JAIL,2025-06-09,0.142567,0.21284899999999954,0.11709599999999992,-0.0002099999999999589,0.16353699999999974,0.14191999999999996,0.191159,-0.02430400000000001,0,0.023825000000000006,-0.047924000000000015,0.49640599999999935
T DON HUTTO DETENTION CENTER,2025-01-06,203.680412,41.505155,116.773196,68.814433,237.618557,193.154639,0,0,63.608247,59.350515,107.670103,200.14433
T DON HUTTO DETENTION CENTER,2025-01-21,189.9365082666666,33.54125399999997,113.11805279999996,65.14997106666675,232.23556093333318,169.5102251999997,0,0,60.1711862666667,50.683302000000005,90.68919373333338,200.2021106666667
T DON HUTTO DETENTION CENTER,2025-02-18,192.36583889285717,40.925672750000004,108.90276746428572,64.84184549999996,223.03564285714296,184.00048175000003,0,0,56.19983889285709,61.18545846428567,88.57369603571429,201.07713121428566
T DON HUTTO DETENTION CENTER,2025-03-03,202.09068223076918,44.87428469230767,103.309857923077,68.07981446153855,216.03622384615358,202.31840361538454,0,0,53.02009469230772,39.644899769230854,92.01159223076921,233.67805261538467
T DON HUTTO DETENTION CENTER,2025-03-17,198.13083499999993,37.62330500000007,116.44401299999974,85.3193230000001,261.7447829999998,175.7726920000002,0,0,79.39500800000003,64.32827900000004,100.28011400000001,193.51406300000028
T DON HUTTO DETENTION CENTER,2025-03-31,200.50285499999987,36.76444899999998,119.17091600000016,88.03234899999981,234.1378650000006,210.33271600000003,0,0,76.28971700000004,38.17804899999997,107.39146100000004,222.6113409999998
T DON HUTTO DETENTION CENTER,2025-04-14,207.32297300000002,36.69570099999997,123.83353799999999,74.23283500000005,230.11805299999938,211.96699400000008,0,0,72.40195100000008,46.37812699999995,101.78654100000001,221.51844100000017
T DON HUTTO DETENTION CENTER,2025-04-28,206.09788000000012,38.06183799999995,140.11900000000009,71.50309000000003,242.39410900000024,213.38768400000012,0,0,73.68781399999989,61.169574000000075,102.71945199999989,218.20495299999988
T DON HUTTO DETENTION CENTER,2025-05-12,186.07661200000024,32.681864000000004,130.56147399999983,68.41748999999994,239.95000500000035,177.7874339999996,0,0,73.53867000000004,73.79402199999991,94.75467800000011,175.65006899999986
T DON HUTTO DETENTION CENTER,2025-05-27,197.85775806666643,35.24892900000013,133.064473,64.97585913333326,215.91829006666666,215.1617922,0,0.06695186666666667,44.91421786666663,19.442661066666673,80.24535106666663,286.54482006666706
T DON HUTTO DETENTION CENTER,2025-06-09,203.93929546153902,37.91789115384605,124.33034684615407,65.90530161538453,199.86365207692253,231.5341520769227,0,0.6950503076923078,63.227180923076816,27.430294153846123,53.43076323076933,288.0045977692302
"TORRANCE/ESTANCIA, NM",2025-01-06,315.072165,44.247423,9.175258,5.742268,47.690722,326.546392,0,0,2.608247,1.793814,18.886598,350.948454
"TORRANCE/ESTANCIA, NM",2025-01-21,329.4746553333331,43.04643640000007,4.781381066666677,0.27104906666666767,47.00728293333335,330.5662389333333,0,0,11.88745293333333,-9.489718133333332,0.1542263999999856,375.0215671999996
"TORRANCE/ESTANCIA, NM",2025-02-18,335.1212026428574,53.212714285714256,8.344529892857139,3.4247142857142876,57.491583071428586,342.61158307142847,0,0,5.257196035714287,2.941910321428572,20.14081560714286,371.7632441785715
"TORRANCE/ESTANCIA, NM",2025-03-03,329.82925600000004,74.33851661538469,5.286550692307698,1.9049236923076829,58.67453507692307,352.68468923076915,0,0,-2.9691219230769197,-0.7022114615384615,35.039291769230765,379.99127776923035
"TORRANCE/ESTANCIA, NM",2025-03-17,347.0097849999999,92.69280599999995,0.6690579999999987,0.6199840000000043,65.51896099999996,375.47267100000005,0,0,-12.092952000000006,8.618606000000002,40.91823900000002,403.54772800000035
"TORRANCE/ESTANCIA, NM",2025-03-31,430.22926300000006,116.20995100000007,4.195386000000001,2.8500310000000013,97.75359900000005,455.37191900000005,0.359112,0,-8.990175999999996,17.301914,23.085581999999995,522.0873100000006
"TORRANCE/ESTANCIA, NM",2025-04-14,539.4168609999995,141.5028669999999,1.2545039999999972,-0.5950930000000036,119.47103699999987,562.4672270000004,-0.359112,0,6.741751999999997,21.166258000000003,72.26304999999999,581.4080919999999
"TORRANCE/ESTANCIA, NM",2025-04-28,521.4758380000005,120.27282700000004,1.6175430000000037,0.9870059999999999,108.58974000000009,535.7634889999993,0,0,3.723710000000003,20.507621999999994,41.58185900000002,578.5400379999992
"TORRANCE/ESTANCIA, NM",2025-05-12,432.4743979999995,102.80358700000008,1.1184830000000017,0.9886520000000019,94.56950400000005,442.8156170000002,0,0,2.287550000000002,-0.022477999999994478,6.48638099999997,528.633652000001
"TORRANCE/ESTANCIA, NM",2025-05-27,333.74487720000036,81.05021806666664,1.3796743333333326,0.3205653333333354,77.58611186666664,338.8422721999998,0,0.06695186666666667,6.017227733333327,7.612181266666661,11.010875533333396,391.8550503999994
"TORRANCE/ESTANCIA, NM",2025-06-09,293.192354,67.14330069230765,2.138796692307691,0.7596304615384585,67.46830353846151,295.7657837692319,0,-2.3846153846156343e-05,6.015302769230778,-7.819629461538468,-21.795149000000073,386.8335769230773
TULSA COUNTY JAIL (DAVID L. MOSS JUSTICE CTR),2025-01-06,1.814433,2.113402,1.381443,0.556701,3.701031,1.917526,0.061856,0.185567,0.247423,0.216495,0.113402,5.28866
TULSA COUNTY JAIL (DAVID L. MOSS JUSTICE CTR),2025-01-21,0.8017043999999999,1.319373600000002,2.1841724,0.7020867999999998,2.6385974666666696,1.8156301333333318,-0.04252586666666662,0.5956289333333331,0.1312364,-0.510434,-0.4395597333333333,5.826088000000004
TULSA COUNTY JAIL (DAVID L. MOSS JUSTICE CTR),2025-02-18,2.8597973571428574,1.8598039642857154,1.224702642857142,0.3731312142857145,3.3657674642857125,2.6032441785714298,0.0221013214285714,0.32632725,0.5744285714285713,0.5947973571428572,0.12632724999999995,5.021887035714282
TULSA COUNTY JAIL (DAVID L. MOSS JUSTICE CTR),2025-03-03,13.769288923076925,6.723121461538456,4.249045230769235,2.4741238461538466,13.061942230769231,13.458746692307692,-0.00027484615384610635,0.6951545384615383,1.3917059999999997,1.392255692307692,5.6517142307692305,18.77989269230769
TULSA COUNTY JAIL (DAVID L. MOSS JUSTICE CTR),2025-03-17,38.353792999999996,18.955813000000006,11.702551,7.756294000000001,25.051937000000002,37.34725999999999,3.879996,10.489257999999998,5.243157000000001,0.1418369999999999,-0.8654440000000007,72.248913
TULSA COUNTY JAIL (DAVID L. MOSS JUSTICE CTR),2025-03-31,47.299081,13.410157999999992,25.986137000000006,8.396201999999999,26.325676000000012,56.348797000000005,2.0090719999999997,10.408046,1.8630049999999991,3.1585690000000013,0.6441190000000004,89.42587300000001
TULSA COUNTY JAIL (DAVID L. MOSS JUSTICE CTR),2025-04-14,69.52278900000002,17.279484,20.152234999999987,9.826489999999998,28.032749999999982,69.44743700000001,1.433399999999999,17.867398,-6.1070709999999995,-2.371887000000001,-2.084259,127.34421499999998
TULSA COUNTY JAIL (DAVID L. MOSS JUSTICE CTR),2025-04-28,80.82116899999995,22.079349999999994,24.16054400000001,11.399983000000004,36.272375,90.79417499999997,1.504531000000002,9.889949999999999,11.194352,2.725766,4.376792,120.16412100000005
TULSA COUNTY JAIL (DAVID L. MOSS JUSTICE CTR),2025-05-12,30.628381000000054,6.930380000000014,6.857876,7.37665699999999,17.45791900000001,30.048723000000013,0.5712249999999983,3.715426000000004,-9.188786000000002,-2.0828440000000006,-4.450788,67.5157269999999
TULSA COUNTY JAIL (DAVID L. MOSS JUSTICE CTR),2025-05-27,67.40392566666664,26.21559773333332,16.23989699999999,8.622353800000004,34.09540086666666,82.19433040000004,0.13131506666666912,2.060758733333334,2.8767960000000006,1.4045695333333337,1.2710852666666672,112.9293393333334
TULSA COUNTY JAIL (DAVID L. MOSS JUSTICE CTR),2025-06-09,45.86502115384617,19.816988769230786,5.608654538461538,2.765872076923083,20.801261769230784,46.70657169230771,1.9283958461538453,4.620269461538459,-2.4737821538461544,-0.4649097692307698,0.4622551538461535,76.53293553846154
TWO BRIDGES REGIONAL JAIL,2025-03-17,0,0,1.095808,0.844311,0.814371,1.125749,0,0,0.467066,0.101796,0.245509,1.125749
TWO BRIDGES REGIONAL JAIL,2025-03-31,0,0,12.275717000000002,11.415235,11.630865,12.060074999999998,0,0,6.174209,1.0049709999999998,3.015224000000001,13.496536000000003
TWO BRIDGES REGIONAL JAIL,2025-04-14,0,0,11.333561,10.688928999999998,10.832578999999997,11.189910999999999,0,0,7.0312589999999995,1.0042430000000002,-0.21774800000000027,14.204735999999993
TWO BRIDGES REGIONAL JAIL,2025-04-28,0,0,9.174040999999997,12.764104000000003,11.831089000000008,10.107056,0,0,8.390694999999997,1.2189989999999997,-1.4373690000000008,13.765820000000003
TWO BRIDGES REGIONAL JAIL,2025-05-12,0,0,8.237385000000009,13.475343999999998,11.466646999999991,10.246082000000001,0,0,4.296805000000002,2.007627,1.0032090000000002,14.405088000000003
TWO BRIDGES REGIONAL JAIL,2025-05-27,0,0,8.019397933333327,11.834213133333332,9.826594933333338,10.027016133333337,0,0,7.021133733333337,-3.8845988,1.0028076,15.714268533333325
TWO BRIDGES REGIONAL JAIL,2025-06-09,0,0,10.02518453846154,11.181672846153857,9.174890769230773,12.031966615384599,0,0,7.0187779999999975,1.0034469230769234,1.0024961538461536,12.1821556923077
WALTON COUNTY JAIL,2025-05-12,1.269058,0.174888,0.076233,0.09417,0.390135,1.219731,0.004484,0,0.017937,0,0.035874,1.560538
WALTON COUNTY JAIL,2025-05-27,10.103629266666664,1.9407156,2.7444927333333333,0.7360283999999996,5.554940933333332,9.969951199999999,-9.1999999999981e-06,0,-0.06701953333333334,0,-0.06708719999999999,15.658988666666664
WALTON COUNTY JAIL,2025-06-09,7.2523262307692296,2.161291846153845,2.16145576923077,1.3895884615384615,5.094298000000003,7.870351384615385,-2.3846153846156343e-05,0,0.4633360769230769,0.1544566153846154,0.926628923076923,11.420241692307696
WASHINGTON COUNTY DETENTION CENTER,2025-01-06,0.752577,0.865979,1.020619,0.309278,1.041237,1.793814,0.051546,0.061856,0.010309,0,0,2.938144
WASHINGTON COUNTY DETENTION CENTER,2025-01-21,0.4468969333333329,1.2729372000000003,1.1666225333333349,0.14898373333333315,1.2729849333333343,1.539081866666667,0.08509946666666668,0.1382741333333333,0.11344786666666667,0.06026666666666667,0.24106666666666668,2.6206592
WASHINGTON COUNTY DETENTION CENTER,2025-02-18,1.0112674642857142,0.9991312142857142,1.3061727499999998,0.5642441785714288,1.5367259285714279,2.033368785714287,0.0257857142857143,0.28494021428571426,0.11895846428571426,0.11158967857142857,-0.02123253571428572,3.6714999999999987
WASHINGTON COUNTY DETENTION CENTER,2025-03-03,1.5434665384615387,1.7746823076923088,1.4639496153846143,0.7720194615384611,1.7731783076923084,3.1626033846153803,0.3093715384615384,0.30895384615384625,-0.07770130769230764,0.15467330769230772,-0.23242223076923077,5.709579999999999
WASHINGTON COUNTY DETENTION CENTER,2025-03-17,1.8632609999999983,2.365224,2.077103,0.6444409999999999,3.0825379999999996,3.8686850000000033,-0.00042900000000007613,-0.00078899999999977,0.646504,-0.07209599999999997,0.143712,6.231886000000003
WASHINGTON COUNTY DETENTION CENTER,2025-03-31,3.2987640000000016,1.789402999999999,3.5845040000000017,1.290593,3.8708840000000015,5.734318000000002,0.28693300000000005,0.07116599999999984,-0.6468720000000001,-0.287455,0.071763,10.825853000000004
WASHINGTON COUNTY DETENTION CENTER,2025-04-14,1.2866500000000005,1.645268999999999,2.2185360000000003,0.7155369999999996,2.7919799999999992,2.644257999999996,0.3585470000000001,0.07120800000000013,0.14344600000000002,0.789707,0.14349900000000004,4.789313000000001
WASHINGTON COUNTY DETENTION CENTER,2025-04-28,0.8558839999999991,1.5731830000000002,1.0696389999999991,0.06944400000000021,0.6380319999999975,2.4287440000000027,-0.0004860000000001768,0.5018459999999997,-0.43078299999999997,-0.789757,-0.14366400000000001,4.932382999999992
WASHINGTON COUNTY DETENTION CENTER,2025-05-12,0.21031799999999887,0.7119689999999983,2.2895809999999983,0.06969799999999944,1.2126280000000034,1.7829999999999993,0.2865579999999999,-0.0006199999999998747,0.502209,0.215217,0.28693,2.277195000000006
WASHINGTON COUNTY DETENTION CENTER,2025-05-27,0.26339266666666766,1.7355848000000038,2.13610726666667,0.06511753333333369,1.0645970666666662,2.734923266666662,0.33429060000000016,0.06639133333333333,-0.33487873333333334,0.20077200000000003,-0.46875733333333336,4.803066333333322
WASHINGTON COUNTY DETENTION CENTER,2025-06-09,0.3821779999999994,0.8446209230769193,1.0751673076923067,0.38451023076923063,0.3800593846153876,1.8440466923077041,-0.00048730769230769075,0.46287707692307695,-0.15450976923076926,-0.4635000000000001,0,3.304486230769245
WASHOE COUNTY JAIL,2025-01-06,0.041237,1.14433,3.43299,3.072165,6.917526,0.597938,0.14433,0.030928,2.360825,0.237113,0.309278,4.783505
WASHOE COUNTY JAIL,2025-01-21,0.3935182666666666,0.05704400000000002,2.943398666666667,7.048521999999999,7.056696800000001,3.084405066666667,-0.09922266666666672,0.4006037333333334,1.1492766666666663,0.1383284000000001,0.26951706666666647,8.88536733333334
WASHOE COUNTY JAIL,2025-02-18,1.227511642857143,2.1150531785714293,5.8671545,4.21148175,10.783285714285714,2.0099584642857145,0.5911129642857141,0.036838892857142876,4.825767464285714,1.0023753928571426,1.0751843928571432,6.517868785714285
WASHOE COUNTY JAIL,2025-03-03,2.5529958461538467,4.018151923076923,1.910381384615378,3.459830384615377,9.008502461538455,2.2378799230769197,0.6954770000000003,-0.00047715384615392835,-0.250072076923083,-1.4735633076923071,-0.5449705384615391,14.209988153846151
WASHOE COUNTY JAIL,2025-03-17,4.236503999999998,8.254747999999998,0.6245620000000096,3.7143820000000085,9.222689999999991,7.321946000000003,0.2859380000000001,-0.000388999999999941,1.4223400000000035,-0.0013260000000003508,1.5786090000000002,13.830573999999997
WASHOE COUNTY JAIL,2025-03-31,0.8573880000000003,4.513685999999999,2.925726999999995,4.073477999999999,7.856748000000006,3.796995999999999,0.7168450000000003,-0.00032300000000010494,2.8597620000000012,-0.0011309999999998663,-0.7926650000000005,10.304287999999994
WASHOE COUNTY JAIL,2025-04-14,0.06760199999999982,1.5681239999999994,7.377411000000003,1.7757500000000002,6.349108000000001,2.9338499999999987,1.2908270000000002,0.21510100000000001,0.2747679999999986,-0.0009590000000001859,0.5006270000000005,10.01445000000001
WASHOE COUNTY JAIL,2025-04-28,0.35518800000000034,2.7168959999999993,5.795758999999999,2.423013999999999,7.929146000000011,2.287198999999999,1.0030739999999991,0.0714520000000001,-2.379268,0.2144690000000001,1.2182550000000003,12.237399999999996
WASHOE COUNTY JAIL,2025-05-12,0.8576900000000011,3.721038000000001,10.027686999999998,1.8497220000000019,8.216053999999986,6.017967000000007,1.0026820000000012,1.2194179999999997,-0.5827740000000006,-0.21603900000000006,0.643775,16.611174000000005
WASHOE COUNTY JAIL,2025-05-27,1.1349687999999996,1.5970709999999977,3.8651916666666692,1.6593408666666618,4.117756000000009,2.534536399999994,-0.001843533333334335,1.6061383999999999,0.05940133333333506,0.26715413333333327,1.0692481999999994,6.8607995333333145
WASHOE COUNTY JAIL,2025-06-09,5.248537538461538,3.0029596153846203,5.2349093076923054,2.921579000000004,8.851080615384612,4.7792007692307745,0.38451023076923063,2.393193846153847,3.005213846153844,0.2310575384615386,-1.2376463846153838,14.409342076923098
WEBB COUNTY DETENTION CENTER (CCA),2025-01-06,184.783505,2.268041,24.309278,57.649485,32.917526,189.659794,4.969072,41.463918,16.927835,10.072165,8.57732,233.43299
WEBB COUNTY DETENTION CENTER (CCA),2025-01-21,348.77283400000016,4.9495987999999995,29.151117066666664,64.02656466666673,26.909496799999943,338.00774586666665,10.204196266666663,71.77866906666668,8.672544666666665,14.71145533333334,5.795109333333334,417.72099866666684
WEBB COUNTY DETENTION CENTER (CCA),2025-02-18,251.14397010714285,2.143446821428571,25.661315607142846,39.20058307142852,36.263672750000005,255.77841032142845,3.651154500000002,22.456083071428534,14.807589678571437,10.208887035714286,5.14628571428571,287.9865531785712
WEBB COUNTY DETENTION CENTER (CCA),2025-03-03,317.199449,14.152408076923079,31.425739769230788,37.73622692307708,25.490062538461572,376.25468253846145,0.12043723076923331,-1.3513812307692206,15.925009153846112,-0.843490999999998,10.170532461538468,375.2617731538468
WEBB COUNTY DETENTION CENTER (CCA),2025-03-17,349.4610799999999,13.416103999999994,50.79265100000004,49.62134999999983,38.68075699999996,413.6533970000003,3.204617000000001,7.752425000000065,16.50506700000002,-0.27322100000000255,13.318464999999994,433.7408739999997
WEBB COUNTY DETENTION CENTER (CCA),2025-03-31,335.986429,10.174942000000012,40.78605399999996,55.29870200000005,47.86826800000004,373.9114349999997,6.007207999999999,14.459216000000001,11.04572099999999,21.85744999999999,14.893502000000012,394.4494670000001
WEBB COUNTY DETENTION CENTER (CCA),2025-04-14,352.8499330000003,7.801109999999994,36.03728199999997,50.84555799999998,52.02050600000003,383.0010770000008,3.2779660000000086,9.23431999999996,16.362225000000016,7.918939999999988,12.806239999999987,410.4464649999999
WEBB COUNTY DETENTION CENTER (CCA),2025-04-28,337.48724799999974,6.650719999999994,53.61602200000003,54.076776000000145,65.21394899999996,366.7664829999994,6.293363999999989,13.556984000000025,22.390271999999964,20.26472000000001,22.636025,386.5397490000001
WEBB COUNTY DETENTION CENTER (CCA),2025-05-12,316.8431180000002,7.438960000000001,59.197870000000094,54.650099999999966,65.91352899999993,351.06486099999995,5.5031699999999955,15.648488000000011,18.798642000000036,19.110422000000003,26.789341000000018,373.4316430000004
WEBB COUNTY DETENTION CENTER (CCA),2025-05-27,314.4955572666668,8.145433666666683,64.73426239999996,60.36360306666659,87.26832966666673,340.32978533333323,3.5278571333333426,16.612884266666637,46.39350126666668,18.498362133333345,27.40184759999999,355.44514539999943
WEBB COUNTY DETENTION CENTER (CCA),2025-06-09,302.92678161538396,7.701291923076917,59.63757446153837,59.09880200000001,75.67168453846156,335.21359446153826,5.464345461538467,13.014844923076943,31.206330846153833,17.02230738461535,35.477556769230745,345.6582549999999
WINN CORRECTIONAL CENTER,2025-01-06,979.618557,208.865979,191,94.278351,296.536082,1177.175258,0,0.051546,70.443299,60.247423,58.092784,1284.979381
WINN CORRECTIONAL CENTER,2025-01-21,1091.7555609333338,220.7236038666667,148.45173333333344,82.11690680000005,215.59733093333296,1325.6176477333336,1.8682666666666667,-0.03543386666666664,4.727779866666666,16.19683640000003,8.577811199999996,1513.5453774666667
WINN CORRECTIONAL CENTER,2025-02-18,1037.1435531785708,213.72760132142852,181.49320264285703,92.0899285714285,273.3868753928573,1250.3952558214285,0.6537325357142857,0.018416928571428563,48.23867274999998,23.43035714285715,19.514440214285678,1433.2708156071426
WINN CORRECTIONAL CENTER,2025-03-03,1095.9886136153857,225.86515299999994,185.31241630769253,92.46096430769242,277.5006186923073,1321.1223725384602,1.0043940769230768,-0.00022723076923076164,56.05754330769238,41.3397475384615,14.802842461538534,1487.4270257692306
WINN CORRECTIONAL CENTER,2025-03-17,1037.2286050000007,241.53090100000009,212.9542069999999,117.00273199999992,321.01295700000054,1286.7000190000024,1.0036810000000003,-0.00019999999999997797,66.11502600000001,58.27743900000002,33.08621899999999,1451.2377500000002
WINN CORRECTIONAL CENTER,2025-03-31,966.2429580000005,230.65871499999983,238.7844939999998,157.77580100000017,369.81757599999975,1222.6414409999998,1.003107,-0.00016800000000007285,69.69943399999998,-1.5610469999999492,38.05078499999997,1487.2728089999998
WINN CORRECTIONAL CENTER,2025-04-14,974.3209039999991,219.87695500000024,243.41031199999998,158.5156749999998,395.5258300000002,1198.6621629999968,1.0026670000000004,0.9332000000000001,14.911825999999953,48.44771299999996,55.858879000000016,1476.9054289999997
WINN CORRECTIONAL CENTER,2025-04-28,998.6750289999992,241.26185500000014,265.47975300000013,160.1260230000002,441.24486099999973,1222.2911480000018,1.0022989999999996,1.0043380000000002,124.53608900000005,71.55518800000002,96.39930500000004,1373.052064000001
WINN CORRECTIONAL CENTER,2025-05-12,946.159780999999,236.1527429999998,280.28945699999997,170.28060499999992,440.01230900000104,1191.2949600000013,1.002014999999999,0.5733019999999998,120.76473900000006,66.66037799999997,39.68550699999988,1405.7719939999972
WINN CORRECTIONAL CENTER,2025-05-27,912.422666533334,216.0540301999999,292.0998528000001,179.75285739999987,482.1559145333323,1117.2394067999985,0.4662087333333337,0.46787686666666656,87.89508166666661,91.98409806666665,59.79215646666671,1360.6580249333367
WINN CORRECTIONAL CENTER,2025-06-09,905.3287619999991,219.92719869230774,306.84584861538485,174.61862576923102,470.1805287692315,1129.3606223076931,-0.002278076923075262,7.181562076923076,128.39909623076935,76.641233,39.278597307692294,1362.4015269230765
WOODBURY COUNTY JAIL,2025-03-31,0.342541,0.093923,0.348066,0.458564,0.939227,0.281768,0,0.022099,0.353591,0.154696,0.049724,0.685083
WOODBURY COUNTY JAIL,2025-04-14,1.577733,1.866183,8.757194,10.838667999999998,21.390049,1.5062499999999999,0,0.143479,9.259732999999999,3.8043419999999992,3.0869259999999996,6.8887909999999986
WOODBURY COUNTY JAIL,2025-04-28,1.4333540000000002,2.152048,10.330393,9.68325,23.026799999999998,0.5723910000000002,0,-0.00014599999999997948,7.315829,-0.4326099999999999,4.233162000000001,12.482635
WOODBURY COUNTY JAIL,2025-05-12,1.6479920000000001,3.6576340000000007,9.607283000000004,5.373246000000003,17.13104000000001,2.365991,0.789232,-0.000124000000000013,0.7111629999999991,1.505108,2.7240760000000006,15.345806999999999
WOODBURY COUNTY JAIL,2025-05-27,2.340736,5.4872932,10.43497119999999,5.6151632666666655,16.315654799999994,4.818046999999998,1.0040045333333334,1.7405041333333329,2.7390790666666667,-0.6043291999999999,0.5327754666666654,21.21068513333334
WOODBURY COUNTY JAIL,2025-06-09,21.158192,8.87794415384615,18.447511076923085,10.108238692307692,25.850592153846144,26.177709153846152,1.0035338461538457,5.559994615384616,8.798360769230774,7.258133692307691,8.106477230769231,34.42887746153846
WYATT DETENTION CENTER,2025-01-06,27.927835,7.020619,34.845361,41.773196,50.670103,56.515464,1.969072,2.412371,25.381443,4.515464,5.835052,75.835052
WYATT DETENTION CENTER,2025-01-21,-19.19945533333333,-4.826444133333333,52.704174800000054,78.9788528,89.01399373333334,17.496835199999985,0.8159296000000003,0.330376133333336,36.248705733333345,1.7773685333333333,0.9907269333333336,68.6403269333332
WYATT DETENTION CENTER,2025-02-18,9.979071428571435,2.508583071428571,44.724970107142845,54.78065450000002,63.69484550000003,46.44272592857143,0.8361960357142857,1.0195116428571427,23.861559785714284,1.264375392857145,-1.6738388928571422,88.54117275000006
WYATT DETENTION CENTER,2025-03-03,-0.1264747692308237,-0.03180046153845349,60.448874846153835,52.02408676923075,61.643354615384574,50.15246492307688,0.2216756153846164,0.29719123076923254,-21.076450307692294,-3.3526965384615437,-9.85809607692308,146.60196284615378
WYATT DETENTION CENTER,2025-03-17,-0.10601799999998159,-0.026652000000012777,61.984767999999995,55.46929899999999,66.91198600000007,47.62666500000004,0.42213999999999885,2.360605999999998,24.010533999999975,0.125788,2.9300990000000007,90.25497699999998
WYATT DETENTION CENTER,2025-03-31,-0.08962099999998177,-0.022524999999997623,66.27443099999995,50.57901099999994,58.643826999999874,49.640229000000026,2.5778179999999997,5.879422000000001,-13.195521999999983,-3.534558,9.609414999999997,123.8619490000001
WYATT DETENTION CENTER,2025-04-14,-0.07675100000002592,-0.019291000000001595,65.89655500000006,49.50101500000009,60.51035500000008,52.799572999999974,2.433328000000001,-0.4417420000000009,32.063325999999996,6.737082000000003,5.798837,70.70226900000009
WYATT DETENTION CENTER,2025-04-28,-0.06648199999998335,-0.01671699999999581,64.01568199999994,54.09417399999997,64.31280099999991,49.92691299999998,2.0020559999999983,1.7849160000000015,18.49024200000005,1.064153999999998,-5.327318999999997,103.79959399999981
WYATT DETENTION CENTER,2025-05-12,0.15713000000001948,-0.014602999999997987,54.17514400000008,43.328971999999986,50.53360100000009,43.97195700000001,2.575798,0.5652719999999972,-9.060102000000045,-6.181561999999998,-7.976809000000003,120.86510000000011
WYATT DETENTION CENTER,2025-05-27,40.050026333333335,0.25494673333332685,42.17817313333338,29.78525759999999,35.503882866666636,70.95491986666676,3.005623400000002,2.8039617333333355,-11.793672933333346,2.8705443999999942,-11.724718466666669,132.91628166666658
WYATT DETENTION CENTER,2025-06-09,41.88021761538459,2.3054325384615506,40.82136823076913,27.147944923076956,33.831003769230776,72.46908476923062,3.5456133076923098,2.3092604615384595,-33.73843184615383,2.926735230769234,6.327716076923082,136.63892546153846
