Date,Name,Address,City,State,Zip,AOR,Type Detailed,Male/Female,FY25 ALOS,Level A,Level B,Level C,Level D,Male Crim,Male Non-Crim,Female Crim,Female Non-Crim,ICE Threat Level 1,ICE Threat Level 2,ICE Threat Level 3,No ICE Threat Level,Mandatory,Guaranteed Minimum,Last Inspection Type,Last Inspection End Date,Pending FY25 Inspection,Last Inspection Standard,Last Final Rating
2025-07-07,ADAMS COUNTY DET CENTER,20 HOBO FORK RD.,NATCHEZ,MS,39120,NOL,DIGSA,Female/Male,51.742589,1864.236559,254.000000,14.150538,5.064516,32.107527,2105.315412,0.000000,0.028674,4.440860,5.236559,9.627240,2118.146953,770.913978,"1,100",ODO,7/11/2025,,PBNDS 2011 - 2016 Revised,Pending Final Report
2025-07-07,ADELANTO ICE PROCESSING CENTER,10250 RANCHO ROAD,ADELANTO,CA,92301,LOS,CDF,Female/Male,21.753744,44.225806,21.892473,82.039427,103.207885,168.569892,74.541219,1.512545,6.741935,90.211470,31.186380,17.670251,112.297491,153.200717,640,ODO,2/8/2024,Scheduled,PBNDS 2011 - 2016 Revised,Pass
2025-07-07,ALAMANCE COUNTY DETENTION FACILITY,109 SOUTH MAPLE STREET,GRAHAM,NC,27253,ATL,IGSA,Female/Male,2.533389,5.534050,3.064516,5.329749,5.304659,11.935484,6.691756,0.143369,0.462366,0.634409,0.204301,0.143369,18.250896,15.691756,40,ODO,9/19/2024,,NDS 2019,Pass
2025-07-07,ALLEGANY COUNTY JAIL,4884 STATE ROUTE 19,BELMONT,NY,14813,BUF,IGSA,Female/Male,9.841584,2.845878,0.236559,0.046595,0.000000,0.000000,0.258065,0.383513,2.487455,0.336918,0.000000,0.000000,2.792115,1.860215,,,,,,
2025-07-07,ANCHORAGE CORRECTIONAL COMPLEX,1400 E. 4TH AVE,ANCHORAGE,AK,99501,SEA,USMS IGA,Female/Male,12.987179,1.616487,0.308244,0.838710,0.741935,1.677419,1.827957,0.000000,0.000000,0.000000,0.000000,0.000000,3.505376,2.494624,,ORSA,3/29/2024,Scheduled,ORSA NDS 2019,Pass
2025-07-07,ALLEN PARISH PUBLIC SAFETY COMPLEX,7340 HIGHWAY 26 WEST,OBERLIN,LA,70655,NOL,IGSA,Male,66.544093,95.007168,27.731183,31.265233,13.451613,51.043011,116.412186,0.000000,0.000000,13.240143,10.315412,3.347670,140.551971,119.770609,170,ODO,12/12/2024,,PBNDS 2011 - 2016 Revised,Pass
2025-07-07,BAKER COUNTY SHERIFF DEPT.,1 SHERIFF OFFICE DRIVE,MACCLENNY,FL,32063,MIA,IGSA,Female/Male,35.153956,28.594982,33.060932,91.770609,82.845878,141.136201,51.430108,22.928315,20.777778,25.544803,12.290323,13.125448,185.311828,185.480287,192,ODO,10/24/2024,,NDS 2019,Pass
2025-07-07,SOUTH LOUISIANA ICE PROCESSING CENTER,3843 STAGG AVENUE,BASILE,LA,70515,NOL,DIGSA,Female/Male,37.581839,589.770609,102.745520,119.799283,43.125448,3.878136,4.716846,127.781362,719.064516,54.240143,27.197133,25.770609,748.232975,584.534050,700,ODO,3/6/2025,,PBNDS 2011 - 2016 Revised,Pass
2025-07-07,BLUEBONNET DETENTION FACILITY,400 2ND STREET,ANSON,TX,79501,DAL,DIGSA,Male,30.155836,367.476703,167.953405,245.709677,107.408602,335.250896,485.025090,13.652330,54.620072,71.043011,45.293907,64.698925,707.512545,609.430108,750,ODO,12/12/2024,,PBNDS 2011 - 2016 Revised,Pass
2025-07-07,BOONE COUNTY JAIL,3020 CONRAD LANE,BURLINGTON,KY,41005,CHI,USMS IGA,Female/Male,38.886940,33.799283,25.885305,37.444444,51.691756,107.810036,36.569892,3.659498,0.781362,33.043011,13.681004,9.526882,92.569892,109.491039,,ODO,11/21/2024,,NDS 2019,Pass
2025-07-07,ATLANTA US PEN,"601 MCDONOUGH BOULEVARD, SE",ATLANTA,GA,30315,ATL,BOP,Female/Male,17.898210,22.906810,19.150538,11.390681,4.275986,23.498208,34.225806,0.000000,0.000000,0.677419,1.465950,0.508961,55.071685,47.046595,,,,,,
2025-07-07,BERLIN FED. CORR. INST.,1 SUCCESS LOOP DR.,BERLIN,NH,03570,BOS,BOP,,35.541667,51.856631,6.501792,15.096774,18.562724,23.322581,68.541219,0.039427,0.114695,8.573477,2.759857,5.379928,75.304659,49.892473,,,,,,
2025-07-07,BROOKLYN MDC,100 29TH STREET,BROOKLYN,NY,11232,NYC,BOP,Female/Male,7.222222,3.573477,0.243728,0.010753,0.046595,0.637993,3.236559,0.000000,0.000000,0.107527,0.014337,0.415771,3.336918,2.749104,,,,,,
2025-07-07,HONOLULU FEDERAL DETENTION CENTER,351 ELLIOTT ST.,HONOLULU,HI,96819,SFR,BOP,Female/Male,43.194805,4.530466,10.365591,15.910394,3.817204,19.010753,11.268817,0.577061,3.767025,10.641577,4.544803,2.326165,17.111111,27.426523,,,,,,
2025-07-07,LEAVENWORTH US PENITENTIARY,1300 METROPOLITAN AVE.,LEAVENWORTH,KS,66048,CHI,BOP,Female/Male,25.301802,12.247312,4.146953,7.218638,10.129032,21.480287,12.261649,0.000000,0.000000,7.810036,1.577061,2.243728,22.111111,33.634409,,,,,,
2025-07-07,MIAMI FEDERAL DETENTION,33 NE 4 STREET,MIAMI,FL,33132,MIA,BOP,Female/Male,33.471816,12.989247,9.336918,96.326165,60.569892,98.010753,80.867384,0.344086,0.000000,26.304659,9.372760,7.577061,135.967742,98.491039,,,,,,
2025-07-07,FDC PHILADELPHIA,700 ARCH ST.,PHILADELPHIA,PA,19106,PHI,BOP,,8.573034,21.634409,6.899642,7.329749,9.759857,20.523297,25.100358,0.000000,0.000000,5.161290,1.992832,0.659498,37.810036,32.311828,,,,,,
2025-07-07,BOURBON CO DET CENTER,"BOURBON CO COURTHOUSE, MAIN STREET",PARIS,KY,40361,CHI,USMS IGA,,4.261905,0.817204,0.121864,0.114695,0.265233,0.412186,0.709677,0.014337,0.182796,0.078853,0.039427,0.078853,1.121864,0.960573,,,,,,
2025-07-07,BROWARD COUNTY JAIL,555 SE 1ST AVENUE,FT.LAUDERDALE,FL,33301,MIA,IGSA,Female/Male,1.069409,0.354839,0.204301,0.566308,0.258065,0.365591,0.831541,0.050179,0.136201,0.000000,0.000000,0.000000,1.383513,0.792115,,,,,,
2025-07-07,BROOME COUNTY JAIL,897 FRONT STREET,BINGHAMPTON,NY,13905,BUF,IGSA,Female/Male,4.886364,2.422939,0.121864,0.071685,0.021505,0.279570,2.308244,0.000000,0.050179,0.000000,0.121864,0.000000,2.516129,2.017921,,,,,,
2025-07-07,BUFFALO SERVICE PROCESSING CENTER,4250 FEDERAL DRIVE,BATAVIA,NY,14020,BUF,SPC,Male,49.193012,242.401434,50.802867,127.752688,137.544803,249.150538,309.304659,0.000000,0.046595,89.777778,17.050179,15.749104,435.924731,433.985663,400,ODO,10/31/2024,,PBNDS 2011 - 2016 Revised,Pass
2025-07-07,BURLEIGH COUNTY,P.O. BOX 1416,BISMARCK,ND,58502,SPM,USMS IGA,Female/Male,11.157895,0.555556,1.258065,0.154122,0.000000,0.659498,0.985663,0.000000,0.322581,0.000000,0.172043,0.336918,1.458781,1.695341,,,,,,
2025-07-07,BUTLER COUNTY JAIL,705 HANOVER STREET,HAMILTON,OH,45011,DET,USMS IGA,Female/Male,25.058915,49.261649,13.967742,17.265233,5.483871,23.465950,53.863799,1.487455,7.161290,5.154122,3.566308,6.584229,70.673835,63.727599,,ODO,,,NDS 2019,Pass
2025-07-07,MESA VERDE ICE PROCESSING CENTER,425 GOLDEN STATE AVE,BAKERSFIELD,CA,93301,SFR,CDF,Female/Male,94.573171,13.491039,4.967742,15.827957,36.501792,55.627240,9.774194,0.767025,4.620072,32.068100,2.996416,1.096774,34.627240,54.939068,320,ODO,4/17/2025,,PBNDS 2011 - 2016 Revised,Pass
2025-07-07,DESERT VIEW ANNEX,10450 RANCHO ROAD,ADELANTO,CA,92301,LOS,CDF,Male,41.715211,219.645161,41.150538,62.050179,76.293907,136.189964,262.781362,0.093190,0.075269,13.684588,6.598566,8.161290,370.695341,246.648746,480,ODO,2/27/2025,,PBNDS 2011 - 2016 Revised,Pass
2025-07-07,CALHOUN COUNTY CORRECTIONAL CENTER,185 EAST MICHIGAN AVENUE,BATTLE CREEK,MI,49014,DET,IGSA,Female/Male,38.960259,63.939068,31.318996,30.286738,13.982079,46.121864,78.444444,3.448029,11.512545,10.232975,5.663082,10.964158,112.666667,118.354839,75,ODO,8/22/2024,,NDS 2019,Pass
2025-07-07,CAROLINE DETENTION FACILITY,11093 S.W. LEWIS MEMORIAL DRIVE,BOWLING GREEN,VA,22427,WAS,DIGSA,Female/Male,50.132682,105.150538,41.365591,67.261649,72.376344,127.344086,145.064516,7.874552,5.870968,34.584229,12.451613,14.329749,224.788530,186.566308,224,ODO,4/17/2025,,PBNDS 2011 - 2016 Revised,Pass
2025-07-07,CASS COUNTY JAIL,336 MAIN STREET,PLATTSMOUTH,NE,68048,SPM,USMS IGA,Female/Male,9.440678,0.982079,0.942652,1.193548,0.641577,2.684588,0.777778,0.014337,0.283154,0.405018,0.874552,0.369176,2.111111,3.261649,,,,,,
2025-07-07,COASTAL BEND DETENTION FACILITY,4909 FM 2826,ROBSTOWN,TX,78380,HLG,USMS IGA,Male,3.087137,8.853047,4.634409,3.419355,1.329749,5.111111,11.197133,0.229391,1.698925,1.132616,0.716846,1.164875,15.222222,16.853047,,ODO,2/6/2025,,NDS 2019,Pass
2025-07-07,"CCA, FLORENCE CORRECTIONAL CENTER",1100 BOWLING ROAD,FLORENCE,AZ,85232,PHO,USMS IGA,Male,59.582816,68.835125,43.093190,153.064516,145.390681,262.211470,148.172043,0.000000,0.000000,46.885305,19.476703,25.290323,318.731183,282.480287,,ODO,12/12/2024,,NDS 2019,Pass
2025-07-07,T DON HUTTO DETENTION CENTER,1001 WELCH STREET,TAYLOR,TX,76574,SNA,DIGSA,Male,52.295918,180.677419,37.028674,112.218638,69.086022,226.498208,172.508961,0.000000,0.003584,65.480287,50.186380,91.118280,192.225806,305.964158,461,ODO,12/19/2024,,PBNDS 2011 - 2016 Revised,Pass
2025-07-07,NORTHEAST OHIO CORRECTIONAL CENTER,2240 HUBBARD ROAD,YOUNGSTOWN,OH,44505,DET,USMS IGA,Male,23.421721,42.573477,17.003584,12.476703,10.265233,27.544803,54.759857,0.000000,0.014337,6.179211,3.455197,3.992832,68.691756,57.910394,,,,,,
2025-07-07,OTAY MESA DETENTION CENTER,7488 CALZADA DE LA FUENTE,SAN DIEGO,CA,92154,SND,CDF,Female/Male,30.238894,733.157706,415.369176,61.698925,60.286738,180.222222,852.315412,17.150538,220.824373,68.741935,30.405018,29.577061,1141.788530,527.985663,750,ODO,11/7/2024,,PBNDS 2011 - 2016 Revised,Pass
2025-07-07,CHASE COUNTY JAIL,301 SOUTH WALNUT STREET,COTTONWOOD FALL,KS,66845,CHI,IGSA,Female/Male,21.746008,26.688172,19.702509,32.250896,17.254480,49.681004,38.430108,3.888889,3.896057,9.698925,4.215054,4.827957,77.154122,84.136201,,ODO,3/13/2025,,NDS 2019,Pass
2025-07-07,CHIPPEWA COUNTY SSM,325 COURT STREET,SAULT STE MARIE,MI,49783,DET,IGSA,Female/Male,46.031447,11.756272,5.035842,6.827957,5.093190,10.602151,18.111111,0.000000,0.000000,3.605735,0.655914,0.788530,23.663082,23.584229,,ODO,4/3/2025,,NDS 2019,Pass
2025-07-07,CIBOLA COUNTY CORRECTIONAL CENTER,2000 CIBOLA LOOP,MILAN,NM,87021,ELP,IGSA,Male,38.952351,143.623656,51.788530,18.050179,9.727599,34.677419,188.448029,0.064516,0.000000,5.419355,2.827957,4.229391,210.713262,182.505376,,ODO,2/27/2025,,PBNDS 2011 - 2016 Revised,Pass
2025-07-07,CLARK COUNTY JAIL (IN),501 EAST COURT AVE.,JEFFERSONVILLE,IN,47130,CHI,USMS IGA,,26.311321,10.225806,4.853047,3.043011,2.806452,1.899642,3.211470,5.770609,10.046595,2.827957,1.412186,1.788530,14.899642,13.372760,,,,,,
2025-07-07,CLAY COUNTY JUSTICE CENTER,611 EAST JACKSON STREET,BRAZIL,IN,47834,CHI,USMS IGA,Female/Male,17.755217,64.956989,28.103943,85.946237,60.842294,129.716846,96.218638,8.064516,5.849462,27.286738,8.229391,10.154122,194.179211,173.129032,,ODO,6/27/2024,,NDS 2019,Pass
2025-07-07,CLINTON COUNTY JAIL,25 MCCARTHY DRIVE,PLATTSBURGH,NY,12901,BUF,USMS IGA,Female/Male,9.696721,2.132616,0.677419,1.784946,0.157706,0.387097,0.487455,1.315412,2.562724,0.000000,0.000000,0.931900,3.820789,2.838710,,ODO,6/6/2024,Scheduled,NDS 2019,Pass
2025-07-07,CLINTON COUNTY JAIL,301 E WALNUT STREET,FRANKFORT,IN,46041,CHI,USMS IGA,Female/Male,7.238095,1.093190,0.637993,0.774194,0.659498,1.491039,1.111111,0.136201,0.426523,0.688172,0.501792,0.229391,1.745520,1.835125,,,,,,
2025-07-07,CLINTON COUNTY CORRECTIONAL FACILITY,58 PINE MOUNTAIN RD.,MCELHATTAN,PA,17748,PHI,USMS IGA,Male,53.810474,5.677419,24.698925,31.870968,17.695341,67.218638,7.422939,3.354839,1.946237,23.652330,6.566308,1.326165,48.397849,65.860215,,ODO,1/16/2025,,NDS 2019,Pass
2025-07-07,COLLIER COUNTY NAPLES JAIL CENTER,3347 TAMIAMI TRAIL E,NAPLES,FL,34112,MIA,IGSA,Female/Male,2.298121,5.634409,1.688172,2.806452,1.637993,6.139785,5.086022,0.240143,0.301075,0.247312,0.254480,0.390681,10.874552,8.659498,,ODO,12/5/2024,,NDS 2019,Pass
2025-07-07,CAMPBELL CO DET CTR,601 CENTRAL AVE,NEWPORT,KY,41071,CHI,USMS IGA,,23.008130,8.921147,4.025090,6.612903,2.168459,8.727599,11.236559,0.225806,1.537634,1.892473,2.086022,2.881720,14.867384,13.261649,,,,,,
2025-07-07,NORTHWEST ICE PROCESSSING CENTER,1623 E. J STREET,TACOMA,WA,98421,SEA,CDF,Female/Male,67.983617,530.408602,110.892473,205.741935,204.677419,377.146953,558.623656,43.268817,72.681004,150.738351,37.290323,26.756272,836.935484,807.200717,"1,181",ODO,1/30/2025,,PBNDS 2011 - 2016 Revised,Pass
2025-07-07,CUMBERLAND COUNTY JAIL,50 COUNTY WAY,PORTLAND,ME,04102,BOS,USMS IGA,Female/Male,38.741935,8.154122,1.566308,25.598566,18.408602,21.627240,20.146953,3.989247,7.964158,8.014337,1.075269,4.132616,40.505376,40.476703,,ODO,9/12/2024,Scheduled,NDS 2019,Pass
2025-07-07,DAKOTA COUNTY JAIL,1601 BROADWAY,DAKOTA CITY,NE,68731,SPM,USMS IGA,Female/Male,15.200669,3.164875,5.000000,6.326165,2.204301,10.605735,4.354839,0.240143,1.494624,0.792115,0.444444,0.577061,14.881720,13.136201,,ORSA,12/7/2024,,ORSA NDS 2019,Pass
2025-07-07,DALLAS COUNTY JAIL - LEW STERRETT JUSTICE CENTER,111 WEST COMMERCE STREET,DALLAS,TX,75202,DAL,USMS IGA,Female/Male,1.266708,6.892473,0.010753,0.007168,0.007168,2.609319,3.863799,0.139785,0.304659,0.003584,0.014337,0.014337,6.885305,3.971326,,ODO,7/18/2024,Scheduled,NDS 2019,Pass
2025-07-07,DENVER CONTRACT DETENTION FACILITY,3130 OAKLAND ST,AURORA,CO,80010,DEN,CDF,Female/Male,68.583408,542.501792,205.175627,203.763441,153.655914,302.150538,734.706093,19.695341,48.544803,102.315412,49.225806,46.781362,906.774194,714.057348,600,ODO,2/13/2025,,PBNDS 2011 - 2016 Revised,Pass
2025-07-07,DELANEY HALL DETENTION FACILITY,451 DOREMUS AVENUE,NEWARK,NJ,07105,NEW,CDF,Female/Male,15.525308,51.774194,15.559140,14.648746,6.838710,17.480287,64.311828,1.032258,5.996416,0.225806,0.863799,2.835125,84.896057,46.279570,700,,,,,
2025-07-07,DODGE COUNTY JAIL,215 WEST CENTRAL STREET,JUNEAU,WI,53039,CHI,USMS IGA,Female/Male,36.960964,11.741935,13.845878,42.491039,39.480287,80.476703,25.817204,0.448029,0.817204,16.114695,9.175627,4.476703,77.792115,88.598566,,ODO,4/3/2025,,NDS 2019,Pass
2025-07-07,ELOY FEDERAL CONTRACT FACILITY,1705 EAST HANNA RD.,ELOY,AZ,85131,PHO,DIGSA,Female/Male,40.025556,978.193548,59.519713,133.143369,145.537634,177.559140,515.939068,88.207885,534.688172,105.673835,49.978495,70.311828,1090.430108,788.193548,900,ODO,10/31/2024,,PBNDS 2011 - 2016 Revised,Pass
2025-07-07,EDEN DETENTION CTR,702 E BROADWAY ST,EDEN,TX,76837,DAL,USMS IGA,Male,25.905983,89.935484,12.523297,2.114695,0.781362,11.960573,93.394265,0.000000,0.000000,1.039427,0.379928,2.050179,101.885305,61.534050,,ODO,2/27/2025,,NDS 2019,Pass
2025-07-07,EAST HIDALGO DETENTION CENTER,1330 HIGHWAY 107,LA VILLA,TX,78562,HLG,USMS IGA,Female/Male,3.914286,5.240143,1.835125,2.229391,1.293907,4.946237,4.827957,0.164875,0.659498,2.383513,0.756272,0.978495,6.480287,10.333333,,ORSA,5/22/2025,,ORSA NDS 2019,Pass
2025-07-07,EL VALLE DETENTION FACILITY,1800 INDUSTRIAL DRIVE,RAYMONDVILLE,TX,78580,HLG,DIGSA,Female/Male,32.023531,623.254480,50.057348,66.587814,46.107527,136.376344,263.781362,22.634409,363.215054,36.383513,19.498208,22.885305,707.240143,511.437276,600,ODO,3/6/2025,,PBNDS 2011 - 2016 Revised,Pass
2025-07-07,ELIZABETH CONTRACT DETENTION FACILITY,625 EVANS STREET,ELIZABETH,NJ,07201,NEW,CDF,Female/Male,16.839630,102.000000,146.670251,20.379928,8.132616,61.010753,198.612903,1.960573,15.598566,5.139785,8.279570,13.308244,250.455197,177.218638,285,ODO,12/5/2024,,PBNDS 2011 - 2016 Revised,Pass
2025-07-07,EL PASO SERVICE PROCESSING CENTER,8915 MONTANA AVE.,EL PASO,TX,79925,ELP,SPC,Female/Male,21.580597,311.021505,167.161290,156.630824,85.745520,271.121864,253.888889,56.602151,138.946237,79.168459,58.448029,78.813620,504.129032,580.874552,450,ODO,2/13/2025,,PBNDS 2011 - 2016 Revised,Pass
2025-07-07,EL PASO SOFT SIDED FACILITY,12501 GATEWAY BLVD S,EL PASO,TX,79934,ELP,STAGING,,3.916963,59.767025,21.118280,19.189964,9.910394,32.609319,69.268817,1.397849,6.709677,8.028674,8.207885,9.516129,84.232975,91.164875,,,,,,
2025-07-07,ERIE COUNTY JAIL,DEPARTMENT OF CORRECTIONS 1618 ASH STREET,ERIE,PA,16503,PHI,USMS IGA,Female/Male,7.379710,4.168459,1.942652,1.293907,0.709677,1.831541,6.107527,0.000000,0.175627,0.000000,0.046595,0.025090,8.043011,4.648746,,ORSA,3/20/2024,,ORSA NDS 2019,Pass
2025-07-07,ETOWAH COUNTY JAIL (ALABAMA),827 FORREST AVENUE,GADSDEN,AL,35901,NOL,USMS IGA,Male,4.600486,9.347670,4.616487,5.609319,2.358423,8.609319,10.422939,1.010753,1.888889,0.268817,0.186380,0.172043,21.304659,16.964158,,ODO,,,NDS 2000,Pass
2025-07-07,FAYETTE COUNTY DETENTION CENTER,600 OLD FRANKFORD CR,LEXINGTON,KY,40510,CHI,USMS IGA,Female/Male,1.551181,0.132616,0.200717,0.344086,0.483871,0.709677,0.408602,0.010753,0.032258,0.039427,0.003584,0.003584,1.114695,0.899642,,ODO,9/12/2024,,NDS 2019,Pass
2025-07-07,FOLKSTON ANNEX IPC,3424 HIGHWAY 252 EAST,FOLKSTON,GA,31537,ATL,DIGSA,Male,42.772515,172.405018,36.293907,38.426523,13.473118,64.168459,196.290323,0.000000,0.139785,8.068100,5.129032,7.168459,240.232975,192.688172,338,ODO,1/30/2025,,PBNDS 2011 - 2016 Revised,Pass
2025-07-07,FOLKSTON MAIN IPC,3026 HWY 252 EAST,FOLKSTON,GA,31537,ATL,DIGSA,Male,41.644839,316.874552,145.358423,91.992832,44.286738,169.301075,428.860215,0.200717,0.150538,14.107527,11.362007,19.186380,553.856631,445.594982,544,ODO,1/30/2025,,PBNDS 2011 - 2016 Revised,Pass
2025-07-07,FLORENCE SERVICE PROCESSING CENTER,3250 NORTH PINAL PARKWAY,FLORENCE,AZ,85132,PHO,SPC,Male,13.308209,282.139785,71.301075,3.232975,2.200717,84.648746,273.888889,0.078853,0.258065,1.584229,4.906810,26.010753,326.372760,219.258065,392,ODO,2/13/2025,,PBNDS 2011 - 2016 Revised,Pass
2025-07-07,FLOYD COUNTY JAIL,2526 NEW CALHOUN HWY,ROME,GA,30161,ATL,USMS IGA,Female/Male,2.143791,0.286738,0.870968,0.157706,0.078853,0.462366,0.677419,0.053763,0.200717,0.000000,0.000000,0.078853,1.315412,0.727599,,,,,,
2025-07-07,FREEBORN COUNTY ADULT DETENTION CENTER,411 SOUTH BROADWAY AVENUE,ALBERT LEA,MN,56007,SPM,IGSA,Male,42.889109,13.706093,12.724014,37.906810,11.713262,43.290323,32.759857,0.000000,0.000000,10.275986,3.283154,3.114695,59.376344,63.376344,,ODO,3/6/2025,,NDS 2019,Pass
2025-07-07,PRINCE EDWARD COUNTY (FARMVILLE),508 WATERWORKS ROAD,FARMVILLE,VA,23901,WAS,DIGSA,Male,45.568059,161.103943,86.250896,144.673835,134.143369,284.774194,240.878136,0.261649,0.258065,65.501792,24.154122,30.261649,406.254480,362.250896,459,ODO,12/19/2024,,PBNDS 2011 - 2016 Revised,Pass
2025-07-07,FLORENCE STAGING FACILITY,3250 NORTH PINAL PARKWAY,FLORENCE,AZ,85232,PHO,STAGING,Male,2.035992,86.544803,35.057348,29.620072,13.956989,60.218638,98.724014,2.462366,3.774194,3.974910,2.885305,3.121864,155.197133,127.064516,,ODO,6/13/2024,,PBNDS 2011 - 2016 Revised,Pass
2025-07-07,GEAUGA COUNTY JAIL,12450 MERRITT DR,CHARDON,OH,44024,DET,USMS IGA,Female/Male,46.582781,21.903226,9.881720,5.827957,2.243728,14.268817,17.720430,1.060932,6.806452,1.946237,2.258065,2.003584,33.648746,32.605735,,ODO,1/30/2025,,NDS 2019,Pass
2025-07-07,GRAND FORKS COUNTY CORRECTIONAL FACILITY,1701 NORTH WASHINGTON ST,GRAND FORKS,ND,58203,SPM,USMS IGA,Female/Male,5.501931,0.480287,0.813620,2.967742,0.103943,1.978495,2.301075,0.039427,0.046595,0.064516,0.057348,0.050179,4.193548,3.258065,,ODO,7/11/2024,Scheduled,NDS 2019,Pass
2025-07-07,GLADES COUNTY DETENTION CENTER,1297 EAST SR 78,MOORE HAVEN,FL,33471,MIA,IGSA,Female/Male,16.756036,16.645161,5.258065,19.899642,20.648746,34.548387,27.637993,0.265233,0.000000,7.250896,3.440860,3.089606,48.670251,44.458781,500,ODO,,,NDS 2019,Pass
2025-07-07,GOLDEN STATE ANNEX,611 FRONTAGE RD,MCFARLAND,CA,93250,SFR,CDF,Female/Male,83.026070,205.838710,66.824373,129.971326,172.605735,292.415771,282.681004,0.000000,0.143369,129.648746,22.014337,13.982079,409.594982,353.430108,560,ODO,1/30/2025,,PBNDS 2011 - 2016 Revised,Pass
2025-07-07,GRAYSON COUNTY JAIL,320 SHAW STATION ROAD,LEITCHFIELD,KY,42754,CHI,USMS IGA,Female/Male,13.222222,22.745520,5.505376,13.143369,4.913978,4.580645,1.878136,15.379928,24.469534,5.655914,3.422939,3.853047,33.376344,33.784946,,ODO,8/22/2024,,NDS 2019,Pass
2025-07-07,GREENE COUNTY JAIL,1199 N HASELTINE RD,SPRINGFIELD,MO,65802,CHI,USMS IGA,Female/Male,20.869456,41.150538,12.939068,29.695341,19.831541,47.544803,46.688172,2.724014,6.659498,10.333333,4.107527,3.584229,85.591398,87.426523,,,,,,
2025-07-07,JTF CAMP SIX,AVENUE C PSC 1005 BOX 55,FPO,FL,34009,MIA,DOD,,9.922190,0.774194,0.544803,5.512545,7.297491,7.899642,6.229391,0.000000,0.000000,4.157706,1.569892,1.136201,7.265233,14.129032,,,,,,
2025-07-07,MIGRANT OPS CENTER MAIN A,AVENUE C PSC 1005 BOX 55,FPO,FL,34009,MIA,MOC,,12.084615,10.236559,1.211470,0.107527,0.025090,1.247312,10.333333,0.000000,0.000000,0.003584,0.218638,0.845878,10.512545,11.580645,,,,,,
2025-07-07,DEPARTMENT OF CORRECTIONS HAGATNA,203 ASPINAL AVE. PO BOX 3236,HAGATNA,GU,96910,SFR,USMS IGA,Female/Male,41.804878,0.000000,2.555556,2.849462,0.501792,4.448029,1.455197,0.003584,0.000000,3.179211,0.666667,0.508961,1.551971,5.569892,,ORSA,3/24/2024,Scheduled,ORSA NDS 2019,Pending Final Report
2025-07-07,HARDIN COUNTY JAIL,1116 14TH AVENUE,ELDORA,IA,50627,SPM,IGSA,Female/Male,17.370968,0.921147,1.465950,2.630824,0.394265,2.942652,1.838710,0.096774,0.534050,0.670251,0.498208,0.501792,3.741935,4.211470,,,,,,
2025-07-07,HANCOCK COUNTY PUBLIC SAFETY COMPLEX,8450 HIGHWAY 90,BAY ST. LOUIS,MS,39520,NOL,IGSA,Female/Male,1.967975,8.512545,5.046595,3.677419,1.064516,4.795699,11.415771,0.318996,1.770609,0.068100,0.154122,0.064516,18.014337,13.652330,,ODO,5/8/2025,,NDS 2019,Pass
2025-07-07,HENDERSON DETENTION,18 E BASIC ROAD,HENDERSON,NV,89015,SLC,USMS IGA,Female/Male,22.951923,13.534050,21.394265,21.594982,9.111111,34.301075,16.888889,8.598566,5.845878,11.082437,6.738351,5.505376,42.308244,54.107527,,ODO,3/21/2024,Scheduled,NDS 2019,Pass
2025-07-07,HOUSTON CONTRACT DETENTION FACILITY,15850 EXPORT PLAZA DRIVE,HOUSTON,TX,77032,HOU,CDF,Female/Male,49.881761,684.279570,81.806452,30.953405,10.541219,46.666667,435.971326,24.297491,300.645161,20.767025,17.792115,20.620072,748.401434,514.401434,750,ODO,1/30/2025,,PBNDS 2011 - 2016 Revised,Pass
2025-07-07,HOPKINS COUNTY JAIL,2250 LAFOON TRAIL,MADISONVILLE,KY,42431,CHI,USMS IGA,,12.859504,7.795699,2.465950,6.000000,1.469534,7.046595,8.530466,0.179211,1.974910,2.648746,0.967742,2.100358,12.014337,9.451613,,,,,,
2025-07-07,IMPERIAL REGIONAL DETENTION FACILITY,1572 GATEWAY,CALEXICO,CA,92231,SND,CDF,Female/Male,60.807003,551.318996,33.960573,29.562724,37.412186,87.770609,505.967742,1.275986,57.240143,31.559140,13.501792,11.792115,595.401434,259.921147,640,ODO,1/16/2025,,PBNDS 2011 - 2016 Revised,Pass
2025-07-07,JOE CORLEY PROCESSING CTR,500 HILBIG RD,CONROE,TX,77301,HOU,IGSA,Female/Male,44.424223,638.584229,99.767025,25.799283,13.917563,86.365591,691.677419,0.000000,0.025090,27.458781,16.691756,26.627240,707.290323,652.240143,,ODO,12/19/2024,,NDS 2019,Pass
2025-07-07,JEFFERSON COUNTY JAIL,219 EAST FREMONT AVENUE,RIGBY,ID,83442,SLC,IGSA,Female/Male,2.641079,0.767025,1.465950,1.290323,0.652330,3.168459,0.960573,0.035842,0.010753,0.132616,0.172043,0.107527,3.763441,3.627240,,ODO,7/18/2024,Scheduled,NDS 2019,Pass
2025-07-07,CENTRAL LOUISIANA ICE PROCESSING CENTER (CLIPC),830 PINEHILL ROAD,JENA,LA,71342,NOL,DIGSA,Female/Male,52.413849,370.602151,212.071685,320.691756,196.709677,474.949821,624.863799,0.218638,0.043011,95.039427,50.010753,54.878136,900.146953,891.315412,"1,170",ODO,1/9/2025,,PBNDS 2011 - 2016 Revised,Pass
2025-07-07,ALEXANDRIA STAGING FACILI,96 GEORGE THOMPSON DR.,ALEXANDRIA,LA,71303,NOL,STAGING,Male,2.562127,138.146953,48.082437,73.003584,50.430108,138.659498,170.827957,0.089606,0.086022,50.709677,29.078853,36.376344,193.498208,304.261649,,ODO,2/27/2025,,PBNDS 2011 - 2016 Revised,Pass
2025-07-07,JACKSON PARISH CORRECTIONAL CENTER,327 INDUSTRIAL DRIVE,JONESBORO,LA,71251,NOL,DIGSA,Female/Male,34.899613,907.394265,109.856631,3.727599,1.279570,40.946237,976.028674,0.960573,4.322581,4.290323,4.243728,16.523297,997.200717,510.978495,500,ODO,12/12/2024,,PBNDS 2011 - 2016 Revised,Pass
2025-07-07,KANDIYOHI COUNTY JAIL,2201 23RD ST NE,WILLMAR,MN,56201,SPM,IGSA,Female/Male,47.218204,26.508961,19.551971,67.397849,23.010753,70.218638,54.508961,7.544803,4.197133,21.749104,11.738351,7.304659,95.677419,109.688172,,ODO,3/13/2025,,NDS 2019,Pass
2025-07-07,KAY CO JUSTICE FACILITY,1101 WEST DRY ROAD,NEWKIRK,OK,74647,CHI,IGSA,Female/Male,23.684346,37.397849,26.025090,22.032258,14.189964,47.121864,52.523297,0.000000,0.000000,9.412186,6.770609,6.731183,76.731183,87.150538,,ODO,3/6/2025,,NDS 2019,Pass
2025-07-07,KENTON COUNTY JAIL,303 COURT STREET,COVINGTON,KY,41011,CHI,IGSA,Female/Male,14.588235,2.641577,0.971326,2.569892,0.430108,2.702509,3.731183,0.179211,0.000000,0.537634,0.480287,1.390681,4.204301,3.573477,,,,,,
2025-07-07,KNOX COUNTY DETENTION FACILITY,5001 MALONEYVILLE RD,KNOXVILLE,TN,37918,NOL,USMS IGA,Female/Male,3.105467,5.713262,5.530466,4.483871,1.903226,8.856631,7.419355,0.530466,0.824373,0.118280,0.143369,0.197133,17.172043,14.630824,,ODO,9/26/2024,,NDS 2019,Pass
2025-07-07,KARNES COUNTY IMMIGRATION PROCESSING CENTER,409 FM 1144,KARNES CITY,TX,78118,SNA,DIGSA,Female/Male,30.594214,742.720430,43.154122,1.258065,0.222222,35.179211,515.351254,8.659498,228.164875,1.505376,5.236559,23.279570,757.333333,468.573477,928,ODO,6/5/2025,,PBNDS 2011 - 2016 Revised,Pending Final Rating
2025-07-07,KROME NORTH SERVICE PROCESSING CENTER,18201 SW 12TH ST,MIAMI,FL,33194,MIA,SPC,Male,16.557038,185.000000,61.405018,284.103943,277.813620,439.265233,368.096774,0.609319,0.351254,81.225806,29.827957,26.028674,671.240143,560.283154,450,ODO,5/1/2025,,PBNDS 2011 - 2016 Revised,Pass
2025-07-07,LAKE COUNTY JAIL,551 W. MAIN ST.,TAVARES,FL,32778,MIA,IGSA,,1.573034,0.175627,0.129032,0.666667,0.032258,0.132616,0.853047,0.007168,0.010753,0.007168,0.000000,0.000000,0.996416,0.802867,,,,,,
2025-07-07,LAUREL COUNTY SHERIFFS JAIL,203 SOUTH BROAD ST.,LONDON,KY,40741,CHI,USMS IGA,Female/Male,3.119816,1.050179,0.376344,0.430108,0.236559,0.602151,0.491039,0.229391,0.770609,0.000000,0.010753,0.010753,2.071685,1.634409,,,,,,
2025-07-07,WINN CORRECTIONAL CENTER,560 GUM SPRING ROAD,WINNFIELD,LA,71483,NOL,DIGSA,Male,66.883343,946.035842,206.716846,210.408602,122.003584,330.544803,1154.071685,0.530466,0.017921,76.731183,51.354839,46.716846,1310.362007,1082.939068,946,ODO,1/16/2025,,PBNDS 2011 - 2016 Revised,Pass
2025-07-07,LEXINGTON COUNTY JAIL,521 GIBSON ROAD,LEXINGTON,SC,29072,ATL,USMS IGA,Female/Male,1.533333,1.096774,1.899642,0.663082,0.275986,1.777778,1.566308,0.100358,0.491039,0.014337,0.003584,0.017921,3.899642,3.186380,,ODO,8/8/2024,,NDS 2019,Pass
2025-07-07,LIMESTONE COUNTY DETENTION CENTER,910 NORTH TYUS STREET,GROESBECK,TX,76642,HOU,USMS IGA,Male,11.295031,19.537634,4.039427,5.587814,4.218638,9.491039,23.892473,0.000000,0.000000,0.519713,0.068100,0.673835,32.121864,23.917563,,ODO,3/27/2025,,NDS 2019,Pass
2025-07-07,LINCOLN COUNTY JAIL,3020 N JEFFERS,NORTH PLATTE,NE,69101,SPM,USMS IGA,Female/Male,5.691176,1.344086,0.827957,1.437276,0.720430,1.935484,1.731183,0.039427,0.623656,0.602151,0.146953,0.290323,3.290323,2.849462,,ORSA,12/23/2024,,ORSA NDS 2019,
2025-07-07,LINN COUNTY JAIL,53 3RD AVENUE BRIDGE,CEDAR RAPIDS,IA,52401,SPM,USMS IGA,Female/Male,7.969697,1.240143,0.745520,0.874552,0.362007,1.627240,1.275986,0.057348,0.261649,0.286738,0.232975,0.480287,2.222222,2.111111,,ODO,,,NDS 2019,Pass
2025-07-07,LAREDO PROCESSING CENTER,4702 EAST SAUNDERS STREET,LAREDO,TX,78041,HLG,DIGSA,Female/Male,31.338256,322.465950,9.476703,7.874552,8.648746,0.476703,4.225806,20.369176,323.394265,5.225806,4.784946,8.931900,329.523297,199.856631,,ODO,3/20/2025,,NDS 2019,Pass
2025-07-07,LA SALLE COUNTY REGIONAL DETENTION CENTER,832 EAST TEXAS STATE HIGHWAY 44,ENCINAL,TX,78019,SNA,USMS IGA,Male,24.025862,58.182796,3.419355,0.136201,0.326165,5.612903,56.451613,0.000000,0.000000,0.193548,0.261649,2.390681,59.218638,32.949821,,ORSA,2/7/2025,,ORSA NDS 2019,Pending Final Rating
2025-07-07,LUBBOCK COUNTY DETENTION CENTER,811 MAIN STREET,LUBBOCK,TX,79401,DAL,USMS IGA,Female/Male,1.587342,0.584229,0.827957,0.286738,0.039427,0.759857,0.899642,0.010753,0.068100,0.078853,0.161290,0.129032,1.369176,1.229391,,ORSA,3/26/2024,,ORSA NDS 2019,Pass
2025-07-07,MADISON COUNTY JAIL,2935 HIGHWAY 51,CANTON,MS,39046,NOL,USMS IGA,Female/Male,2.084375,1.333333,1.189964,0.838710,0.577061,1.548387,2.075269,0.035842,0.279570,0.014337,0.021505,0.014337,3.888889,3.225806,,ODO,9/26/2024,,NDS 2019,Pass
2025-07-07,MAHONING COUNTY JAIL,110 FIFTH AVENUE,YOUNGSTOWN,OH,44503,DET,USMS IGA,Female/Male,18.248252,15.892473,2.311828,1.279570,1.111111,3.422939,13.584229,0.648746,2.939068,0.842294,0.795699,0.397849,18.559140,14.071685,,,,,,
2025-07-07,MARION COUNTY JAIL,40 SOUTH ALABAMA STREET,INDIANAPOLIS,IN,46204,CHI,USMS IGA,Female/Male,14.415842,13.788530,6.311828,10.193548,6.250896,18.362007,17.982079,0.175627,0.025090,2.075269,1.724014,3.229391,29.516129,25.068100,,ORSA,,,ORSA NDS 2019,Pass
2025-07-07,MILLER COUNTY JAIL,2300 EAST STREET,TEXARKANA,AR,71854,NOL,USMS IGA,Female/Male,2.406250,0.268817,0.329749,0.555556,0.172043,0.767025,0.537634,0.010753,0.010753,0.028674,0.000000,0.025090,1.272401,1.007168,,ORSA,3/11/2024,,ORSA NDS 2019,Pass
2025-07-07,MONROE COUNTY DETENTION-DORM,7000 EAST DUNBAR ROAD,MONROE,MI,48161,DET,IGSA,Male,39.013699,69.225806,20.555556,3.863799,2.362007,14.283154,81.448029,0.000000,0.275986,2.086022,2.243728,4.820789,86.856631,69.275986,,ODO,3/13/2025,,NDS 2019,Pass
2025-07-07,SAIPAN DEPARTMENT OF CORRECTIONS (SUSUPE),"VICENTE T. SEMAN BLDG, CIVIC CENTER",SAIPAN,MP,96950,SFR,USMS IGA,Female/Male,43.555556,3.086022,2.204301,0.354839,0.000000,2.741935,2.060932,0.000000,0.842294,1.716846,0.448029,0.000000,3.480287,5.336918,,ORSA,3/8/2024,Scheduled,ORSA NDS 2019,Pending Final Report
2025-07-07,MOSHANNON VALLEY PROCESSING CENTER,555 GEO DRIVE,PHILIPSBURG,PA,16866,PHI,DIGSA,Female/Male,62.201584,270.211470,101.032258,531.458781,397.000000,694.878136,556.781362,25.967742,22.075269,206.795699,65.849462,76.501792,950.555556,910.473118,800,ODO,3/6/2025,,PBNDS 2011 - 2016 Revised,Pass
2025-07-07,MONTGOMERY ICE PROCESSING CENTER,806 HILBIG RD,CONROE,TX,77301,HOU,CDF,Female/Male,29.635494,139.720430,538.530466,312.301075,131.655914,586.870968,430.218638,43.605735,61.512545,207.795699,129.627240,143.706093,641.078853,866.168459,750,ODO,12/5/2024,,PBNDS 2011 - 2016 Revised,Pass
2025-07-07,MUSCATINE COUNTY JAIL,400 WALNUT STREET,MUSCATINE,IA,52761,SPM,USMS IGA,Female/Male,16.956044,1.534050,2.992832,0.448029,1.232975,3.462366,1.939068,0.017921,0.788530,0.867384,0.315412,0.254480,4.770609,5.154122,,,,,,
2025-07-07,NASSAU COUNTY CORRECTIONAL CENTER,100 CARMAN AVENUE,EAST MEADOW,NY,11554,NYC,USMS IGA,Female/Male,2.285714,7.043011,0.931900,1.254480,0.842294,2.716846,7.333333,0.010753,0.010753,0.032258,0.039427,0.025090,9.974910,7.827957,,,,,,
2025-07-07,NORTH LAKE CORRECTIONAL F,1805 W 32ND ST,BALDWIN,MI,49304,DET,CDF,,8.763158,5.982079,1.118280,0.835125,0.863799,1.982079,6.817204,0.000000,0.000000,0.670251,0.494624,0.756272,6.878136,4.856631,,,,,,
2025-07-07,NEVADA SOUTHERN DETENTION CENTER,2190 EAST MESQUITE AVENUE,PAHRUMP,NV,89060,SLC,USMS CDF,Female/Male,30.151060,97.415771,101.878136,61.483871,42.512545,194.681004,108.229391,0.379928,0.000000,49.336918,25.433692,23.340502,205.179211,239.028674,,ODO,3/27/2025,,NDS 2019,Pass
2025-07-07,NEW HANOVER COUNTY JAIL,3950 JUVENILE RD,CASTLE HAYNE,NC,28429,ATL,USMS IGA,Female/Male,2.358974,0.308244,0.225806,0.329749,0.480287,0.888889,0.430108,0.010753,0.014337,0.003584,0.010753,0.000000,1.329749,1.060932,,ODO,8/22/2024,,NDS 2019,Pass
2025-07-07,CORR. CTR OF NORTHWEST OHIO,"3151 ROAD 24.25, ROUTE 1",STRYKER,OH,43557,DET,USMS IGA,Male,26.925287,11.996416,2.648746,4.860215,1.580645,6.874552,9.559140,0.896057,3.756272,2.602151,1.200717,1.272401,16.010753,16.387097,,,,,,
2025-07-07,CIMMARRON CORR FACILITY,3700 S. KINGS HWY,CUSHING,OK,74023,DAL,USMS IGA,,18.574074,69.870968,20.383513,6.222222,6.000000,27.817204,74.512545,0.000000,0.146953,5.641577,1.369176,2.189964,93.275986,76.007168,,,,,,
2025-07-07,OLDHAM COUNTY JAIL,100 W MAIN STREET,LA GRANGE,KY,40031,CHI,USMS IGA,Female/Male,11.042647,15.415771,4.351254,8.451613,7.526882,19.634409,14.953405,0.125448,1.032258,3.336918,2.896057,3.207885,26.304659,24.082437,,ODO,6/26/2025,,NDS 2019,Pass
2025-07-07,ORANGE COUNTY JAIL (FL),3855 SOUTH JOHN YOUNG PARKWAY,ORLANDO,FL,32839,MIA,USMS IGA,Female/Male,2.020208,3.551971,2.086022,3.250896,1.594982,3.473118,5.186380,0.508961,1.315412,0.222222,0.082437,0.071685,10.107527,6.741935,,ODO,8/15/2024,,NDS 2019,Pass
2025-07-07,ORANGE COUNTY JAIL (NY),110 WELLS FARM ROAD,GOSHEN,NY,10924,NYC,IGSA,Female/Male,41.828904,32.738351,23.096774,29.634409,26.777778,71.802867,40.444444,0.000000,0.000000,12.566308,12.752688,12.738351,74.189964,74.584229,,ODO,12/12/2024,,NDS 2019,Pass
2025-07-07,OTERO COUNTY PROCESSING CENTER,26 MCGREGOR RANGE ROAD,CHAPARRAL,NM,88081,ELP,DIGSA,Female/Male,31.736678,619.448029,100.465950,51.989247,24.709677,154.379928,497.476703,6.921147,137.835125,25.469534,22.014337,42.982079,706.146953,669.724014,500,ODO,11/7/2024,,PBNDS 2011 - 2016 Revised,Pass
2025-07-07,OZARK COUNTY SHERIFF'S OFFICE,1818 COUNTY ROAD 806,GAINESVILLE,MO,65655,CHI,IGSA,,1.352778,0.598566,0.336918,0.440860,0.286738,0.770609,0.874552,0.014337,0.003584,0.071685,0.035842,0.053763,1.501792,1.512545,,,,,,
2025-07-07,PICKENS COUNTY DET CTR,188 CEMETERY ST,CARROLLTON,AL,35447,NOL,IGSA,Female/Male,3.110594,10.157706,10.050179,9.885305,4.347670,13.602151,16.451613,2.372760,2.014337,0.372760,0.681004,0.702509,32.684588,29.903226,,ODO,8/8/2024,,NDS 2019,Pass
2025-07-07,PENNINGTON COUNTY JAIL (SOUTH DAKOTA),300 KANSAS CITY STREET NONE,RAPID CITY,SD,57701,SPM,USMS IGA,Female/Male,5.756098,0.304659,0.551971,0.591398,0.107527,0.559140,0.982079,0.000000,0.014337,0.035842,0.089606,0.028674,1.401434,1.304659,,ORSA,,,ORSA NDS 2019,Pass
2025-07-07,PHELPS COUNTY JAIL (MO),301 W. 2ND,ROLLA,MO,65401,CHI,USMS IGA,,12.764228,3.763441,2.913978,3.430108,1.003584,4.329749,5.491039,0.232975,1.057348,0.100358,0.071685,1.071685,9.867384,8.931900,,,2/6/2025,,NDS 2019,Pass
2025-07-07,PHELPS COUNTY JAIL (NE),715 5TH AVENUE,HOLDREGE,NE,68949,SPM,USMS IGA,Female/Male,38.181818,2.078853,5.964158,10.476703,9.752688,22.512545,4.526882,0.971326,0.261649,1.860215,0.982079,1.788530,23.641577,25.713262,,ODO,2/6/2025,,NDS 2019,Pass
2025-07-07,PORT ISABEL SPC,27991 BUENA VISTA BOULEVARD,LOS FRESNOS,TX,78566,HLG,SPC,Female/Male,14.161683,923.487455,32.817204,5.874552,8.268817,137.043011,831.845878,0.505376,1.053763,29.376344,34.093190,53.788530,853.189964,631.964158,650,ODO,3/27/2025,,PBNDS 2011 - 2016 Revised,Pass
2025-07-07,PIKE COUNTY JAIL,175 PIKE COUNTY BOULEVARD,LORDS VALLEY,PA,18428,PHI,IGSA,Male,41.852119,97.200717,25.824373,32.584229,26.247312,70.953405,110.903226,0.000000,0.000000,13.000000,9.491039,11.329749,148.035842,141.813620,100,ODO,2/27/2025,,PBNDS 2011 - 2016 Revised,Pass
2025-07-07,PINELLAS COUNTY JAIL,14400 49TH STREET NORTH,CLEARWATER,FL,33762,MIA,USMS IGA,Female/Male,1.582596,2.835125,2.569892,2.853047,0.953405,4.111111,4.405018,0.193548,0.501792,0.007168,0.039427,0.060932,9.103943,6.598566,,ODO,5/15/2025,,FY 2025 OASIP NDS 2019,Pass
2025-07-07,PINE PRAIRIE ICE PROCESSING CENTER,1133 HAMPTON DUPRE ROAD,PINE PRAIRIE,LA,70576,NOL,DIGSA,Male,11.491905,324.698925,137.774194,158.426523,99.810036,277.379928,442.483871,0.118280,0.727599,43.982079,31.519713,30.856631,614.351254,662.749104,,ODO,4/10/2025,,PBNDS 2011 - 2016 Revised,Pass
2025-07-07,PLATTE COUNTY JAIL,850 MAPLE STREET,WHEATLAND,WY,82201,DEN,USMS IGA,Female/Male,1.955556,0.465950,0.455197,0.433692,0.179211,0.917563,0.594982,0.010753,0.010753,0.111111,0.050179,0.028674,1.344086,1.261649,,ODO,6/12/2025,,FY 2025 OASIP NDS 2019,Pass
2025-07-07,PLYMOUTH COUNTY CORRECTIONAL FACILITY,26 LONG POND ROAD,PLYMOUTH,MA,02360,BOS,IGSA,Male,37.019762,149.401434,25.365591,135.243728,104.903226,141.799283,271.784946,0.362007,0.967742,35.322581,11.197133,12.903226,355.491039,269.996416,,ODO,11/21/2024,,NDS 2019,Pass
2025-07-07,IAH SECURE ADULT DETENTION FACILITY (POLK),3400 FM 350 SOUTH,LIVINGSTON,TX,77351,HOU,DIGSA,Male,37.826871,584.189964,121.749104,43.924731,16.824373,100.594982,666.093190,0.000000,0.000000,22.928315,17.541219,40.125448,686.093190,473.860215,350,ODO,2/13/2025,,NDS 2019,Pass
2025-07-07,POLK COUNTY JAIL,1985 NE 51ST PLACE,DES MOINES,IA,50313,SPM,USMS IGA,Female/Male,30.382716,6.379928,11.286738,9.627240,9.078853,28.559140,7.086022,0.290323,0.437276,2.594982,0.759857,1.989247,31.028674,33.089606,,ODO,2/16/2025,,NDS 2019,Fail
2025-07-07,POTTAWATTAMIE COUNTY JAIL,1400 BIG LAKE ROAD,COUNCIL BLUFFS,IA,51501,SPM,USMS IGA,Female/Male,22.272727,2.967742,5.035842,11.835125,14.799283,28.598566,4.580645,0.670251,0.788530,7.089606,1.483871,1.419355,24.645161,29.917563,,ODO,10/24/2024,,NDS 2019,Pass
2025-07-07,PRAIRIELAND DETENTION CENTER,1209 SUNFLOWER LN,ALVARADO,TX,76009,DAL,DIGSA,Female/Male,21.003372,317.842294,96.211470,213.329749,128.774194,273.939068,417.387097,24.351254,40.480287,72.623656,42.974910,38.007168,602.551971,522.272401,525,ODO,12/19/2024,,PBNDS 2011 - 2016 Revised,Pass
2025-07-07,PUTNAM COUNTY SHERIFF,421 E SPRING ST.,COOKEVILLE,TN,38501,NOL,USMS IGA,,1.825065,0.688172,0.788530,0.397849,0.139785,1.172043,0.842294,0.000000,0.000000,0.017921,0.032258,0.010753,1.953405,1.623656,,,,,,
2025-07-07,ROBERT A DEYTON DETENTION FACILITY,11866 HASTINGS BRIDGE ROAD P.O. BOX 429,LOVEJOY,GA,30250,ATL,USMS CDF,Female/Male,2.327072,2.211470,1.827957,2.620072,0.630824,3.487455,3.802867,0.000000,0.000000,0.021505,0.035842,0.000000,7.232975,6.247312,,ODO,,,NDS 2019,Pass
2025-07-07,RIO GRANDE DETENTION CENTER,1001 SAN RIO BOULEVARD,LAREDO,TX,78046,HLG,USMS CDF,Male,36.383721,582.541219,15.164875,0.903226,0.745520,34.057348,565.129032,0.000000,0.168459,2.577061,8.856631,20.143369,567.777778,375.003584,275,ODO,1/9/2025,,NDS 2019,Pass
2025-07-07,RIVER CORRECTIONAL CENTER,26362 HIGHWAY 15,FERRIDAY,LA,71334,NOL,DIGSA,Male,79.761399,444.820789,70.103943,4.050179,0.928315,24.039427,495.724014,0.000000,0.139785,2.200717,4.516129,8.519713,504.666667,355.218638,361,ODO,11/21/2024,,PBNDS 2011 - 2016 Revised,Pass
2025-07-07,RICHWOOD CORRECTIONAL CENTER,180 PINE BAYOU CIRCLE,MONROE,LA,71202,NOL,DIGSA,Male,44.027248,765.974910,54.426523,27.172043,19.186380,48.824373,72.039427,20.193548,725.702509,21.637993,12.114695,19.792115,813.215054,451.967742,677,ODO,11/7/2024,,PBNDS 2011 - 2016 Revised,Pass
2025-07-07,SARPY COUNTY JAIL,1208 GOLDEN GATE DRIVE,PAPILLION,NE,68046,SPM,USMS IGA,Female/Male,11.800000,0.519713,0.720430,0.612903,0.469534,2.118280,0.182796,0.010753,0.010753,0.501792,0.724014,0.186380,0.910394,1.792115,,,,,,
2025-07-07,SEBASTIAN COUNTY DETENTION CENTER,801 SOUTH A STREET,FORT SMITH,AR,72901,NOL,USMS IGA,Female/Male,1.789916,0.501792,0.232975,0.258065,0.154122,0.612903,0.473118,0.028674,0.032258,0.003584,0.007168,0.021505,1.114695,1.010753,,ODO,6/12/2025,,FY 2025 OASIP NDS 2019,Pending Final Report
2025-07-07,SENECA COUNTY JAIL,3040 SOUTH STATE HIGHWAY 100,TIFFIN,OH,44883,DET,IGSA,Female/Male,40.051173,19.634409,10.544803,11.892473,12.369176,31.863799,19.050179,2.046595,1.480287,7.397849,3.039427,4.777778,39.225806,45.283154,,ODO,10/31/2024,,NDS 2019,Pass
2025-07-07,SHERBURNE COUNTY JAIL,13880 BUSINESS CENTER DRIVE,ELK RIVER,MN,55330,SPM,IGSA,Female/Male,23.146552,7.333333,11.046595,21.982079,5.505376,25.892473,17.688172,0.949821,1.336918,8.462366,3.670251,2.225806,31.508961,39.268817,,ODO,5/2/2024,Scheduled,NDS 2019,Pass
2025-07-07,SAN JUAN STAGING,"651 FEDERAL DRIVE, SUITE 104",GUAYNABO,PR,00965,MIA,STAGING,Female/Male,3.037457,4.426523,0.598566,1.247312,0.487455,1.953405,4.236559,0.089606,0.480287,0.175627,0.100358,0.093190,6.390681,5.114695,,ORSA,5/13/2025,,NDS 2019,Pending Final Report
2025-07-07,SAN LUIS REGIONAL DETENTION CENTER,406 NORTH AVENUE D,SAN LUIS,AZ,85349,SND,IGSA,Female/Male,12.856867,106.960573,35.039427,5.795699,12.100358,22.043011,106.003584,1.645161,30.204301,9.433692,2.491039,1.505376,146.465950,121.849462,100,ODO,4/25/2024,Scheduled,NDS 2019,Pass
2025-07-07,SALT LAKE COUNTY METRO JAIL,3415 SOUTH 900 WEST,SALT LAKE CITY,UT,84119,SLC,USMS IGA,Female/Male,2.000000,1.000000,4.000000,0.000000,0.000000,4.000000,1.000000,0.000000,0.000000,1.000000,0.000000,0.000000,5.000000,5.000000,,ODO,9/26/2024,Scheduled,NDS 2019,Fail
2025-07-07,SOUTH TEXAS ICE PROCESSING CENTER,566 VETERANS DRIVE,PEARSALL,TX,78061,SNA,CDF,Female/Male,54.868615,1148.336918,134.057348,205.967742,87.430108,383.476703,1141.734767,27.329749,23.250896,94.562724,81.021505,177.974910,1222.232975,1055.928315,"1,350",ODO,2/6/2025,,PBNDS 2011 - 2016 Revised,Pass
2025-07-07,ST. CLAIR COUNTY JAIL,1170 MICHIGAN ROAD,PORT HURON,MI,48060,DET,IGSA,Male,43.376940,39.362007,12.465950,9.035842,5.562724,20.286738,46.139785,0.000000,0.000000,4.906810,3.967742,3.258065,54.293907,56.111111,,ODO,9/19/2024,,NDS 2019,Pass
2025-07-07,DILLEY IMMIGRATION PROCESSING CENTER,300 EL RANCHO WAY,DILLEY,TX,78017,SNA,DIGSA,Female/Male,15.735140,59.835125,0.838710,0.311828,0.168459,0.344086,26.258065,0.150538,34.401434,0.007168,0.111111,0.279570,60.756272,41.139785,"1,440",ODO,,,FRS,Pass
2025-07-07,STE. GENEVIEVE COUNTY SHERIFF/JAIL,5 BASLER DR.,STE. GENEVIEVE,MO,63670,CHI,USMS IGA,,14.491892,3.892473,6.422939,5.254480,1.591398,6.322581,9.448029,0.222222,1.168459,0.802867,0.462366,1.250896,14.645161,12.767025,,,,,,
2025-07-07,STRAFFORD COUNTY CORRECTIONS,266 COUNTY FARM ROAD,DOVER,NH,03820,BOS,IGSA,Female/Male,63.321212,9.068100,1.068100,50.555556,38.838710,44.118280,40.770609,6.146953,8.494624,12.362007,5.261649,7.394265,74.512545,65.974910,,ODO,3/27/2025,,NDS 2019,Pass
2025-07-07,STEWART DETENTION CENTER,146 CCA ROAD,LUMPKIN,GA,31815,ATL,DIGSA,Female/Male,51.595740,745.111111,280.670251,412.820789,309.713262,710.344086,824.365591,48.172043,165.433692,187.827957,114.594982,86.390681,1359.501792,1230.157706,"1,600",ODO,3/20/2025,,PBNDS 2011 - 2016 Revised,Pass
2025-07-07,SWEETWATER COUNTY JAIL,50140 UNITED STATES HIGHWAY 191 SOUTH,ROCK SPRINGS,WY,82935,DEN,USMS IGA,Female/Male,3.293103,0.419355,0.695341,0.544803,0.161290,1.175627,0.544803,0.028674,0.071685,0.279570,0.100358,0.039427,1.401434,1.376344,,ODO,5/8/2025,,NDS 2019,Pass
2025-07-07,TWO BRIDGES REGIONAL JAIL,522 BATH RD,WISCASSET,ME,04578,BOS,USMS IGA,Male,36.080000,0.000000,0.000000,4.268817,5.258065,4.519713,5.007168,0.000000,0.000000,2.634409,0.021505,0.465950,6.405018,6.537634,,,,,,
2025-07-07,"TORRANCE/ESTANCIA, NM",209 COUNTY ROAD 49,ESTANCIA,NM,87016,ELP,IGSA,Male,38.682540,349.612903,71.430108,5.232975,2.770609,64.913978,364.121864,0.000000,0.010753,2.025090,4.025090,17.885305,405.111111,313.831541,505,ODO,10/24/2024,,PBNDS 2011 - 2016 Revised,Pass
2025-07-07,TULSA COUNTY JAIL (DAVID L. MOSS JUSTICE CTR),300 NORTH DENVER AVENUE,TULSA,OK,74103,DAL,IGSA,Female/Male,4.817551,17.534050,6.835125,6.333333,3.412186,12.118280,18.835125,0.691756,2.469534,0.483871,0.326165,0.243728,33.060932,21.293907,,ODO,9/19/2024,Scheduled,NDS 2019,Pass
2025-07-07,UINTA COUNTY JAIL,77 COUNTY ROAD 109,EVANSTON,WY,82930,DEN,USMS IGA,Female/Male,2.844262,0.347670,0.430108,0.157706,0.093190,0.440860,0.534050,0.010753,0.043011,0.000000,0.000000,0.000000,1.028674,0.659498,,,,,,
2025-07-07,CHITTENDEN REGIONAL CORRECTIONAL FACILITY,7 FARRELL STREET,SOUTH BURLINGTON,VT,05403,BOS,USMS IGA,Female/Male,3.828194,2.673835,0.060932,0.014337,0.000000,0.000000,0.017921,0.182796,2.548387,0.000000,0.000000,0.010753,2.738351,1.688172,,ORSA,4/24/2025,,NDS 2019,Pass
2025-07-07,NORTHWEST STATE CORRECTIONAL CENTER,3649 LOWER NEWTON ROAD,SWANTON,VT,05488,BOS,USMS IGA,Female/Male,5.487912,6.068100,0.146953,0.369176,0.146953,0.415771,6.297491,0.000000,0.017921,0.028674,0.003584,0.007168,6.691756,4.193548,,ODO,6/27/2024,,NDS 2019,Pass
2025-07-07,WASHINGTON COUNTY DETENTION CENTER,1155 WEST CLYDESDALE DRIVE,FAYETTEVILLE,AR,72701,NOL,USMS IGA,Female/Male,1.621697,0.784946,1.043011,1.243728,0.408602,1.426523,1.842294,0.093190,0.118280,0.017921,0.028674,0.014337,3.419355,3.050179,,ODO,4/24/2025,,NDS 2019,Pass
2025-07-07,WASHOE COUNTY JAIL,911 PARR BLVD 775 328 3308,RENO,NV,89506,SLC,USMS IGA,Female/Male,7.755102,0.910394,2.050179,3.985663,3.197133,7.329749,2.107527,0.430108,0.275986,1.788530,0.179211,0.372760,7.802867,9.129032,,ODO,11/7/2024,,NDS 2019,Pass
2025-07-07,WAUKESHA COUNTY JAIL,515 WEST MORELAND,WAUKESHA,WI,53186,CHI,USMS IGA,Female/Male,1.960976,0.559140,0.136201,0.315412,0.218638,0.523297,0.526882,0.039427,0.139785,0.003584,0.000000,0.014337,1.211470,0.942652,,ODO,7/10/2025,,FY 2025 OASIP NDS 2019,Pending Final Report
2025-07-07,BROWARD TRANSITIONAL CENTER,3900 NORTH POWERLINE ROAD,POMPANO BEACH,FL,33073,MIA,CDF,Female/Male,25.655405,435.146953,140.469534,6.817204,1.243728,110.870968,385.738351,15.064516,72.003584,9.333333,14.598566,20.028674,539.716846,434.949821,700,ODO,12/19/2024,,PBNDS 2011 - 2016 Revised,Pass
2025-07-07,WEBB COUNTY DETENTION CENTER (CCA),9998 SOUTH HIGHWAY 83,LAREDO,TX,78041,HLG,DIGSA,Female/Male,31.064649,264.250896,6.179211,36.637993,52.974910,48.534050,280.157706,5.207885,26.143369,20.186380,13.075269,14.376344,312.405018,210.863799,250,ODO,2/6/2025,,PBNDS 2011 - 2016 Revised,Pass
2025-07-07,WALTON COUNTY JAIL,40 SHERIFF CIR,DEFUNIAK SPRINGS,FL,32433,MIA,USMS IGA,,1.987179,1.734767,0.387097,0.422939,0.272401,1.014337,1.802867,0.000000,0.000000,0.053763,0.017921,0.114695,2.630824,1.594982,,,,,,
2025-07-07,WOODBURY COUNTY JAIL,407 7TH STREET,SIOUX CITY,IA,51101,SPM,USMS IGA,Female/Male,13.972067,3.175627,1.587814,4.537634,3.207885,7.623656,3.784946,0.272401,0.827957,1.698925,0.548387,1.469534,8.792115,9.810036,,ORSA,6/26/2025,Scheduled,ORSA NDS 2019,Pass
2025-07-07,NORTHERN REGIONAL JAIL,"RD. 2, BOX 1",MOUNDSVILLE,WV,26041,PHI,IGSA,Female/Male,3.285714,0.849462,0.326165,0.293907,0.046595,0.440860,0.985663,0.017921,0.071685,0.017921,0.000000,0.057348,1.440860,0.788530,,,,,,
2025-07-07,SOUTH CENTRAL REGIONAL JAIL,1001 CENTER WAY,CHARLESTON,WV,25309,PHI,IGSA,Female/Male,7.995763,3.290323,2.043011,2.928315,0.899642,4.605735,4.530466,0.000000,0.025090,0.695341,0.573477,0.763441,7.129032,8.028674,,ODO,9/26/2024,,NDS 2019,Pass
2025-07-07,WYATT DETENTION CENTER,950 HIGH STREET,CENTRAL FALLS,RI,02863,BOS,USMS IGA,Male,42.152291,15.014337,3.114695,45.096774,44.584229,53.017921,51.107527,1.867384,1.817204,12.845878,2.286738,1.931900,90.745520,78.939068,,ODO,9/19/2024,,NDS 2019,Pass
2025-06-23,ALAMANCE COUNTY DETENTION FACILITY,109 SOUTH MAPLE STREET,GRAHAM,NC,27253,ATL,IGSA,Female/Male,2.503989,6.441509,3.215094,5.716981,5.539623,12.532075,7.694340,0.162264,0.524528,0.588679,0.218868,0.124528,19.981132,16.233962,40,ODO,9/17/2024,,NDS 2019,Pass
2025-06-23,ATLANTA US PEN,"601 MCDONOUGH BOULEVARD, SE",ATLANTA,GA,30315,ATL,BOP,Female/Male,18.253237,24.392453,16.796226,12.901887,4.498113,23.139623,35.241509,0.207547,0.000000,0.709434,1.373585,0.803774,55.701887,46.426415,,,,,FPBDS,
2025-06-23,FLOYD COUNTY JAIL,2526 NEW CALHOUN HWY,ROME,GA,30161,ATL,USMS IGA,Female/Male,2.145695,0.271698,0.818868,0.150943,0.060377,0.388679,0.667925,0.056604,0.188679,0.000000,0.000000,0.018868,1.283019,0.701887,,,,,FPBDS,
2025-06-23,FOLKSTON ANNEX IPC,3424 HIGHWAY 252 EAST,FOLKSTON,GA,31537,ATL,DIGSA,Male,42.556159,183.694340,42.577358,40.064151,14.049057,68.550943,211.686792,0.000000,0.147170,8.637736,5.652830,8.845283,257.249057,201.279245,338,ODO,1/30/2025,,PBNDS 2011 - 2016 Revised,Pass
2025-06-23,FOLKSTON MAIN IPC,3026 HWY 252 EAST,FOLKSTON,GA,31537,ATL,DIGSA,Male,41.745004,335.849057,158.483019,98.656604,45.901887,178.879245,459.294340,0.426415,0.290566,12.864151,12.803774,21.166038,592.056604,464.584906,544,ODO,1/30/2025,,PBNDS 2011 - 2016 Revised,Pass
2025-06-23,STEWART DETENTION CENTER,146 CCA ROAD,LUMPKIN,GA,31815,ATL,DIGSA,Female/Male,51.463776,799.147170,305.467925,432.603774,320.052830,740.271698,896.381132,49.890566,170.728302,195.128302,121.479245,100.909434,1439.754717,1263.241509,"1,600",ODO,3/20/2025,,FPBDS,Pass
2025-06-23,DORCHESTER CO DET CTR,220 HODGE ROAD,SUMMERVILLE,SC,29483,ATL,USMS IGA,Female/Male,1.482353,,,,,,,,,,,,,0.324528,,ORSA,8/15/2024,,FPBDS,Pass
2025-06-23,GASTON COUNTY JAIL,"425 DR M.L.K. JR. WAY,",GASTONIA,NC,28052,ATL,IGSA,Female/Male,1.694915,,,,,,,,,,,,,0.252830,,,,,NDS 2019,
2025-06-23,LEXINGTON COUNTY JAIL,521 GIBSON ROAD,LEXINGTON,SC,29072,ATL,USMS IGA,Female/Male,1.519380,780.848606,53.876494,25.195219,17.721116,46.533865,72.199203,19.231076,739.677291,19.103586,11.306773,20.139442,827.091633,3.305660,,ODO,8/8/2024,,NDS 2019,Pass
2025-06-23,NEW HANOVER COUNTY JAIL,3950 JUVENILE RD,CASTLE HAYNE,NC,28429,ATL,USMS IGA,Female/Male,2.381720,200.063745,39.155378,118.916335,70.151394,232.450199,195.796813,0.000000,0.039841,64.083665,53.282869,97.553785,213.366534,1.181132,,ODO,8/22/2024,,NDS 2019,Pass
2025-06-23,ROBERT A DEYTON DETENTION FACILITY,11866 HASTINGS BRIDGE ROAD P.O. BOX 429,LOVEJOY,GA,30250,ATL,USMS CDF,Female/Male,2.403913,3.577689,2.952191,2.840637,0.804781,3.876494,5.541833,0.207171,0.549801,0.007968,0.035857,0.051793,10.079681,6.535849,,ODO,,Scheduled,NDS 2019,Pass
2025-06-23,BERLIN FED. CORR. INST.,1 SUCCESS LOOP DR.,BERLIN,NH,03570,BOS,BOP,,32.159722,55.747170,6.694340,14.513208,18.388679,23.615094,71.554717,0.041509,0.132075,8.875472,2.369811,5.969811,78.128302,48.173585,,,,,FPBDS,
2025-06-23,CHITTENDEN REGIONAL CORRECTIONAL FACILITY,7 FARRELL STREET,SOUTH BURLINGTON,VT,05403,BOS,USMS IGA,Female/Male,3.772727,3.067925,0.237736,0.030189,0.000000,0.000000,0.018868,0.200000,3.116981,0.000000,0.000000,0.011321,3.324528,1.852830,,ORSA,4/24/2025,,NDS 2019,Pass
2025-06-23,CUMBERLAND COUNTY JAIL,50 COUNTY WAY,PORTLAND,ME,04102,BOS,USMS IGA,Female/Male,38.218978,8.309434,1.649057,26.218868,18.724528,22.226415,20.490566,3.841509,8.343396,7.871698,1.067925,4.611321,41.350943,39.479245,,ODO,9/12/2024,,NDS 2019,Pass
2025-06-23,NORTHWEST STATE CORRECTIONAL CENTER,3649 LOWER NEWTON ROAD,SWANTON,VT,05488,BOS,USMS IGA,Female/Male,5.321995,8.075472,0.377358,0.354717,0.109434,0.592453,8.294340,0.000000,0.030189,0.000000,0.003774,0.000000,8.913208,5.015094,,ODO,6/27/2024,,FPBDS,Pass
2025-06-23,PLYMOUTH COUNTY CORRECTIONAL FACILITY,26 LONG POND ROAD,PLYMOUTH,MA,02360,BOS,IGSA,Male,37.535211,164.637736,25.939623,137.279245,106.196226,144.143396,288.384906,0.381132,1.143396,34.920755,11.211321,12.603774,375.316981,274.400000,,ODO,11/21/2024,,NDS 2019,Pass
2025-06-23,STRAFFORD COUNTY CORRECTIONS,266 COUNTY FARM ROAD,DOVER,NH,03820,BOS,IGSA,Female/Male,60.978448,11.332075,1.147170,51.343396,39.400000,44.218868,44.313208,6.328302,8.362264,12.954717,6.373585,8.626415,75.267925,66.343396,,ODO,3/27/2025,,NDS 2019,Pass
2025-06-23,TWO BRIDGES REGIONAL JAIL,522 BATH RD,WISCASSET,ME,04578,BOS,USMS IGA,Male,31.150000,0.000000,0.000000,4.343396,4.890566,4.358491,4.875472,0.000000,0.000000,2.754717,0.000000,0.441509,6.037736,6.011321,,,,,FPBDS,
2025-06-23,WYATT DETENTION CENTER,950 HIGH STREET,CENTRAL FALLS,RI,02863,BOS,USMS IGA,Male,42.279661,17.007547,2.890566,46.581132,45.773585,54.803774,53.652830,1.909434,1.886792,13.241509,2.154717,1.886792,94.969811,80.358491,,ODO,9/19/2024,,NDS 2019,Pass
2025-06-23,ROCKINGHAM COUNTY JAIL,101 NORTH ROAD,BRENTWOOD,NH,03833,BOS,USMS IGA,Female/Male,0.000000,,,,,,,,,,,,,0.000000,,,,,FPBDS,
2025-06-23,ALLEGANY COUNTY JAIL,4884 STATE ROUTE 19,BELMONT,NY,14813,BUF,IGSA,Female/Male,9.884211,3.532075,0.200000,0.049057,0.000000,0.000000,0.173585,0.354717,3.252830,0.305660,0.000000,0.000000,3.475472,1.958491,,,,,NDS 2019,
2025-06-23,BROOME COUNTY JAIL,897 FRONT STREET,BINGHAMPTON,NY,13905,BUF,IGSA,Female/Male,4.886364,2.973585,0.143396,0.030189,0.022642,0.279245,2.837736,0.000000,0.052830,0.000000,0.056604,0.000000,3.113208,1.886792,,,,,NDS 2019,
2025-06-23,BUFFALO SERVICE PROCESSING CENTER,4250 FEDERAL DRIVE,BATAVIA,NY,14020,BUF,SPC,Male,49.538664,276.690566,52.524528,131.630189,140.026415,254.826415,345.950943,0.000000,0.094340,89.430189,18.875472,18.622642,473.943396,454.618868,400,ODO,10/31/2024,,PBNDS 2011 - 2016 Revised,Pass
2025-06-23,CLINTON COUNTY JAIL,25 MCCARTHY DRIVE,PLATTSBURGH,NY,12901,BUF,USMS IGA,Female/Male,9.760331,2.607547,0.879245,1.830189,0.166038,0.441509,0.716981,1.415094,2.909434,0.000000,0.000000,0.916981,4.566038,3.354717,,ODO,1/16/2025,,NDS 2019,Pass
2025-06-23,NIAGARA COUNTY JAIL,5526 NIAGARA STREET EXTENTION,LOCKPORT,NY,14094,BUF,USMS IGA,Female/Male,5.105263,0.966038,0.037736,0.041509,0.000000,0.000000,0.026415,0.045283,0.973585,0.000000,0.000000,0.000000,1.045283,0.483019,,,,,FPBDS,
2025-06-23,MONTGOMERY COUNTY JAIL,PARK STREET,FONDA,NY,12068,BUF,IGSA,Female/Male,2.000000,,,,,,,,,,,,,0.456604,,,,,NDS 2019,
2025-06-23,BOONE COUNTY JAIL,3020 CONRAD LANE,BURLINGTON,KY,41005,CHI,USMS IGA,Female/Male,38.461774,37.739623,28.207547,38.588679,52.762264,112.339623,40.166038,3.962264,0.830189,34.022642,14.381132,11.641509,97.252830,109.173585,,ODO,11/21/2024,,NDS 2019,Pass
2025-06-23,CAMPBELL CO DET CTR,601 CENTRAL AVE,NEWPORT,KY,41071,CHI,USMS IGA,,19.757895,10.052830,4.086792,6.516981,2.260377,9.305660,10.441509,0.335849,2.833962,1.932075,3.041509,3.090566,14.852830,10.033962,,,,,FPBDS,
2025-06-23,CHASE COUNTY JAIL,301 SOUTH WALNUT STREET,COTTONWOOD FALL,KS,66845,CHI,IGSA,Female/Male,22.068571,28.101887,22.128302,34.211321,17.509434,51.724528,41.875472,4.030189,4.320755,10.286792,4.350943,4.830189,82.483019,89.626415,,ODO,3/13/2025,,NDS 2019,Pass
2025-06-23,CLARK COUNTY JAIL (IN),501 EAST COURT AVE.,JEFFERSONVILLE,IN,47130,CHI,USMS IGA,,22.082353,11.105660,5.686792,2.977358,2.464151,2.241509,4.784906,5.381132,9.826415,2.407547,1.366038,2.109434,16.350943,12.067925,,,,,FPBDS,
2025-06-23,CLAY COUNTY JUSTICE CENTER,611 EAST JACKSON STREET,BRAZIL,IN,47834,CHI,USMS IGA,Female/Male,17.900448,71.973585,30.947170,90.475472,62.592453,137.109434,104.411321,8.049057,6.418868,30.030189,10.241509,13.939623,201.777358,177.698113,,ODO,6/27/2024,,NDS 2019,Pass
2025-06-23,CLINTON COUNTY JAIL,301 E WALNUT STREET,FRANKFORT,IN,46041,CHI,USMS IGA,Female/Male,6.787879,1.211321,0.577358,0.667925,0.573585,1.369811,1.169811,0.094340,0.396226,0.494340,0.498113,0.203774,1.833962,1.528302,,ODO,6/6/2024,,NDS 2019,
2025-06-23,DODGE COUNTY JAIL,215 WEST CENTRAL STREET,JUNEAU,WI,53039,CHI,USMS IGA,Female/Male,37.328883,12.796226,14.981132,44.015094,40.067925,83.143396,27.350943,0.422642,0.943396,15.947170,9.577358,5.060377,81.275472,88.784906,,ODO,4/3/2025,,NDS 2019,Pass
2025-06-23,GRAYSON COUNTY JAIL,320 SHAW STATION ROAD,LEITCHFIELD,KY,42754,CHI,USMS IGA,Female/Male,12.338174,22.335849,5.894340,13.233962,4.750943,5.154717,2.732075,15.098113,23.230189,5.607547,3.377358,4.433962,32.796226,33.158491,,ODO,8/22/2024,,NDS 2019,Pass
2025-06-23,GREENE COUNTY JAIL,1199 N HASELTINE RD,SPRINGFIELD,MO,65802,CHI,USMS IGA,Female/Male,19.886476,45.464151,15.328302,30.947170,19.403774,48.509434,53.373585,2.577358,6.683019,11.256604,5.490566,5.075472,89.320755,91.192453,,,,,NDS 2019,
2025-06-23,HOPKINS COUNTY JAIL,2250 LAFOON TRAIL,MADISONVILLE,KY,42431,CHI,USMS IGA,,10.064516,7.275472,2.660377,5.132075,1.286792,6.316981,8.150943,0.150943,1.735849,2.071698,0.845283,2.086792,11.350943,7.139623,,,,,FPBDS,
2025-06-23,KAY CO JUSTICE FACILITY,1101 WEST DRY ROAD,NEWKIRK,OK,74647,CHI,IGSA,Female/Male,24.396617,39.550943,29.894340,23.222642,14.290566,49.803774,57.086792,0.000000,0.067925,10.003774,7.037736,7.649057,82.267925,90.977358,,ODO,3/6/2025,,NDS 2019,Pass
2025-06-23,KENTON COUNTY JAIL,303 COURT STREET,COVINGTON,KY,41011,CHI,IGSA,Female/Male,10.418605,3.992453,0.773585,1.954717,0.415094,2.222642,4.773585,0.139623,0.000000,0.792453,0.245283,1.150943,4.947170,2.705660,,,,,,
2025-06-23,LAUREL COUNTY SHERIFFS JAIL,203 SOUTH BROAD ST.,LONDON,KY,40741,CHI,USMS IGA,Female/Male,3.153846,1.181132,0.592453,0.407547,0.245283,0.618868,0.690566,0.252830,0.864151,0.000000,0.000000,0.000000,2.426415,1.750943,,,,,FPBDS,
2025-06-23,LEAVENWORTH US PENITENTIARY,1300 METROPOLITAN AVE.,LEAVENWORTH,KS,66048,CHI,BOP,Female/Male,24.248804,11.916981,3.913208,6.830189,9.562264,20.124528,12.098113,0.000000,0.000000,7.241509,1.894340,2.162264,20.924528,31.928302,,,,,FPBDS,
2025-06-23,MARION COUNTY JAIL,40 SOUTH ALABAMA STREET,INDIANAPOLIS,IN,46204,CHI,USMS IGA,Female/Male,13.293073,14.800000,7.003774,10.856604,6.935849,19.430189,20.015094,0.124528,0.026415,2.464151,2.584906,3.290566,31.256604,23.867925,,ORSA,,,ORSA NDS 2019,Pass
2025-06-23,OLDHAM COUNTY JAIL,100 W MAIN STREET,LA GRANGE,KY,40031,CHI,USMS IGA,Female/Male,10.198098,17.290566,4.418868,9.075472,7.418868,19.815094,17.011321,0.132075,1.245283,3.218868,3.362264,3.618868,28.003774,23.667925,,ODO,6/26/2025,,NDS 2019,Pending
2025-06-23,OZARK COUNTY SHERIFF'S OFFICE,1818 COUNTY ROAD 806,GAINESVILLE,MO,65655,CHI,IGSA,,1.302395,0.683019,0.392453,0.452830,0.241509,0.686792,1.060377,0.015094,0.007547,0.026415,0.000000,0.026415,1.716981,1.720755,,,,,NDS 2019,
2025-06-23,PHELPS COUNTY JAIL (MO),301 W. 2ND,ROLLA,MO,65401,CHI,USMS IGA,,12.042654,4.430189,3.203774,4.218868,1.113208,4.637736,7.124528,0.196226,1.007547,0.033962,0.392453,0.988679,11.550943,10.283019,,,2/6/2025,,FPBDS,Pass
2025-06-23,STE. GENEVIEVE COUNTY SHERIFF/JAIL,5 BASLER DR.,STE. GENEVIEVE,MO,63670,CHI,USMS IGA,,14.285223,4.788679,8.883019,6.298113,1.664151,6.675472,13.301887,0.271698,1.384906,1.079245,0.641509,1.290566,18.622642,15.286792,,,,,FPBDS,
2025-06-23,WAUKESHA COUNTY JAIL,515 WEST MORELAND,WAUKESHA,WI,53186,CHI,USMS IGA,Female/Male,1.761905,0.562264,0.124528,0.301887,0.218868,0.539623,0.471698,0.041509,0.154717,0.026415,0.000000,0.090566,1.090566,0.939623,,ORSA,6/10/2024,,ORSA NDS 2019,Pass
2025-06-23,BOURBON CO DET CENTER,"BOURBON CO COURTHOUSE, MAIN STREET",PARIS,KY,40361,CHI,USMS IGA,Female/Male,2.948276,,,,,,,,,,,,,0.649057,,,,,FPBDS,
2025-06-23,BROWN COUNTY JAIL,3030 CURRY LN,GREEN BAY,WI,54311,CHI,USMS IGA,Female/Male,3.000000,,,,,,,,,,,,,0.256604,,,,,PBNDS 2011 - 2016 Revised,
2025-06-23,FAYETTE COUNTY DETENTION CENTER,600 OLD FRANKFORD CR,LEXINGTON,KY,40510,CHI,USMS IGA,Female/Male,1.518987,22.972112,8.406375,7.215139,3.569721,13.143426,24.916335,0.653386,3.450199,0.450199,0.338645,0.290837,41.083665,0.924528,,ODO,9/12/2024,,NDS 2019,Pass
2025-06-23,FINNEY COUNTY JAIL,304 N. 9TH STREET,GARDEN CITY,KS,67846,CHI,IGSA,Female/Male,1.823171,1.000000,2.294821,4.247012,3.278884,7.673307,2.394422,0.410359,0.342629,1.756972,0.163347,0.402390,8.498008,0.890566,,ORSA,1/26/2024,,ORSA NDS 2019,Pass
2025-06-23,SAUK COUNTY SHERIFF,1300 LANGE CT.,BARABOO,WI,53913,CHI,USMS IGA,Female/Male,2.372093,,,,,,,,,,,,,0.320755,,,,,FPBDS,
2025-06-23,SCOTT COUNTY DET. FACILITY,416 W 4TH ST,DAVENPORT,IA,52801,CHI,USMS IGA,Female/Male,2.041667,,,,,,,,,,,,,0.528302,,,,,FPBDS,
2025-06-23,BLUEBONNET DETENTION FACILITY,400 2ND STREET,ANSON,TX,79501,DAL,DIGSA,Male,31.000917,389.237736,176.362264,254.535849,109.815094,343.245283,513.920755,14.350943,58.433962,74.800000,47.086792,68.018868,740.045283,620.309434,750,ODO,12/12/2024,,PBNDS 2011 - 2016 Revised,Pass
2025-06-23,CIMMARRON CORR FACILITY,3700 S. KINGS HWY,CUSHING,OK,74023,DAL,USMS IGA,,18.370795,77.532075,21.954717,5.260377,4.369811,26.279245,82.679245,0.000000,0.158491,4.833962,1.713208,2.218868,100.350943,74.377358,,,,,FPBDS,
2025-06-23,DALLAS COUNTY JAIL - LEW STERRETT JUSTICE CENTER,111 WEST COMMERCE STREET,DALLAS,TX,75202,DAL,USMS IGA,Female/Male,1.264331,7.675472,0.000000,0.007547,0.007547,2.758491,4.384906,0.158491,0.388679,0.003774,0.022642,0.015094,7.649057,4.135849,,ODO,7/18/2024,,NDS 2019,Pass
2025-06-23,EDEN DETENTION CTR,702 E BROADWAY ST,EDEN,TX,76837,DAL,USMS IGA,Male,26.321973,94.849057,12.758491,2.011321,0.818868,11.690566,98.671698,0.000000,0.075472,0.913208,0.332075,1.913208,107.279245,61.245283,,ODO,2/27/2025,,NDS 2019,Pass
2025-06-23,LUBBOCK COUNTY DETENTION CENTER,811 MAIN STREET,LUBBOCK,TX,79401,DAL,USMS IGA,Female/Male,1.600529,0.909434,0.905660,0.305660,0.037736,0.732075,1.339623,0.011321,0.075472,0.064151,0.169811,0.071698,1.852830,1.275472,,ORSA,3/26/2024,,ORSA NDS 2019,Pass
2025-06-23,PRAIRIELAND DETENTION CENTER,1209 SUNFLOWER LN,ALVARADO,TX,76009,DAL,DIGSA,Female/Male,21.075595,323.003774,97.735849,220.977358,131.830189,279.230189,425.841509,24.894340,43.581132,73.132075,44.200000,37.332075,618.883019,514.384906,525,ODO,12/19/2024,,PBNDS 2011 - 2016 Revised,Pass
2025-06-23,TULSA COUNTY JAIL (DAVID L. MOSS JUSTICE CTR),300 NORTH DENVER AVENUE,TULSA,OK,74103,DAL,IGSA,Female/Male,4.800773,22.845283,8.267925,7.079245,3.494340,13.079245,24.566038,0.754717,3.286792,0.403774,0.256604,0.203774,40.822642,22.807547,,ODO,9/19/2024,,NDS 2019,Pass
2025-06-23,GARVIN COUNTY DETENTION CENTER,201 WEST GRANT AVENUE,PAULS VALLEY,OK,73075,DAL,IGSA,Female/Male,1.576923,,,,,,,,,,,,,0.226415,,ORSA,2/14/2024,,ORSA NDS 2019,Pass
2025-06-23,WICHITA COUNTY JAIL,2815 CENTRAL FWY,WICHITA FALLS,TX,76302,DAL,USMS IGA,Female/Male,0.000000,,,,,,,,,,,,,0.000000,,,,,FPBDS,
2025-06-23,DENVER CONTRACT DETENTION FACILITY,3130 OAKLAND ST,AURORA,CO,80010,DEN,CDF,Female/Male,69.615108,573.358491,218.196226,212.316981,155.233962,311.366038,775.200000,20.584906,51.954717,112.709434,54.520755,51.260377,940.615094,742.358491,600,ODO,2/13/2025,,PBNDS 2011 - 2016 Revised,Pass
2025-06-23,PLATTE COUNTY JAIL,850 MAPLE STREET,WHEATLAND,WY,82201,DEN,USMS IGA,Female/Male,1.964143,0.686792,0.535849,0.449057,0.173585,0.973585,0.845283,0.003774,0.022642,0.109434,0.045283,0.030189,1.660377,1.479245,,ODO,6/12/2025,,ODO Assisted Self Inspection,Pass
2025-06-23,SWEETWATER COUNTY JAIL,50140 UNITED STATES HIGHWAY 191 SOUTH,ROCK SPRINGS,WY,82935,DEN,USMS IGA,Female/Male,3.317308,0.192453,0.486792,0.513208,0.041509,0.800000,0.309434,0.049057,0.075472,0.000000,0.015094,0.011321,1.207547,1.147170,,ODO,5/8/2025,,NDS 2019,Pass
2025-06-23,NATRONA COUNTY JAIL,1100 BRUCE LANE,CASPER,WY,82601,DEN,USMS IGA,Female/Male,1.474074,,,,,,,,,,,,,0.584906,,ORSA,6/12/2024,,ORSA NDS 2019,Pass
2025-06-23,BUTLER COUNTY JAIL,705 HANOVER STREET,HAMILTON,OH,45011,DET,USMS IGA,Female/Male,24.107422,57.894340,13.954717,18.033962,6.143396,25.267925,62.396226,1.358491,7.003774,4.924528,3.781132,8.633962,78.686792,65.856604,,ODO,,,NDS 2019,Pass
2025-06-23,CALHOUN COUNTY CORRECTIONAL CENTER,185 EAST MICHIGAN AVENUE,BATTLE CREEK,MI,49014,DET,IGSA,Female/Male,39.190945,71.045283,33.200000,32.467925,14.143396,48.147170,87.747170,3.249057,11.713208,10.218868,5.354717,11.509434,123.773585,126.550943,75,ODO,8/22/2024,,NDS 2019,Pass
2025-06-23,CHIPPEWA COUNTY SSM,325 COURT STREET,SAULT STE MARIE,MI,49783,DET,IGSA,Female/Male,46.298013,13.418868,5.411321,6.947170,5.215094,10.890566,20.101887,0.000000,0.000000,3.724528,0.641509,1.411321,25.215094,25.264151,,ODO,4/3/2025,,NDS 2019,Pass
2025-06-23,CORR. CTR OF NORTHWEST OHIO,"3151 ROAD 24.25, ROUTE 1",STRYKER,OH,43557,DET,USMS IGA,Male,25.974522,17.098113,2.554717,4.796226,1.566038,6.173585,14.184906,0.898113,4.758491,2.460377,1.011321,0.841509,21.701887,18.264151,,,,,NDS 2019,
2025-06-23,GEAUGA COUNTY JAIL,12450 MERRITT DR,CHARDON,OH,44024,DET,USMS IGA,Female/Male,45.339041,23.633962,10.513208,6.132075,2.350943,14.916981,19.256604,1.101887,7.354717,2.222642,2.377358,2.056604,35.973585,32.475472,,ODO,1/30/2025,,NDS 2019,Pass
2025-06-23,MAHONING COUNTY JAIL,110 FIFTH AVENUE,YOUNGSTOWN,OH,44503,DET,USMS IGA,Female/Male,18.495098,19.830189,2.656604,1.135849,0.958491,3.445283,16.800000,0.445283,3.890566,0.743396,0.766038,0.879245,22.192453,15.211321,,,,,FPBDS,
2025-06-23,MONROE COUNTY DETENTION-DORM,7000 EAST DUNBAR ROAD,MONROE,MI,48161,DET,IGSA,Male,39.377495,74.966038,20.943396,3.686792,2.290566,14.147170,87.449057,0.000000,0.290566,1.950943,2.067925,4.788679,93.079245,72.328302,,ODO,3/13/2025,,NDS 2019,Pass
2025-06-23,NORTHEAST OHIO CORRECTIONAL CENTER,2240 HUBBARD ROAD,YOUNGSTOWN,OH,44505,DET,USMS IGA,Male,22.504688,46.596226,17.550943,11.950943,10.124528,26.377358,59.830189,0.000000,0.015094,6.909434,3.049057,4.358491,71.905660,59.343396,,,,,NDS 2019,
2025-06-23,SENECA COUNTY JAIL,3040 SOUTH STATE HIGHWAY 100,TIFFIN,OH,44883,DET,IGSA,Female/Male,40.147505,23.735849,11.283019,12.343396,12.916981,33.018868,22.950943,2.332075,1.977358,7.584906,3.328302,4.649057,44.716981,49.290566,,ODO,10/31/2024,,NDS 2019,Pass
2025-06-23,ST. CLAIR COUNTY JAIL,1170 MICHIGAN ROAD,PORT HURON,MI,48060,DET,IGSA,Male,43.889655,41.143396,12.913208,9.430189,5.596226,20.577358,48.505660,0.000000,0.000000,4.766038,4.464151,3.313208,56.539623,57.532075,,ODO,9/19/2024,,NDS 2019,Pass
2025-06-23,CIBOLA COUNTY CORRECTIONAL CENTER,2000 CIBOLA LOOP,MILAN,NM,87021,ELP,IGSA,Male,39.433056,149.637736,52.350943,16.524528,8.883019,33.732075,193.596226,0.067925,0.000000,6.822642,2.943396,4.747170,212.883019,189.943396,,ODO,2/27/2025,,PBNDS 2011 - 2016 Revised,Pass
2025-06-23,EL PASO SERVICE PROCESSING CENTER,8915 MONTANA AVE.,EL PASO,TX,79925,ELP,SPC,Female/Male,22.158188,344.037736,193.422642,161.581132,88.052830,288.094340,283.622642,64.184906,151.192453,79.241509,60.200000,89.403774,558.249057,619.467925,450,ODO,2/13/2025,,PBNDS 2011 - 2016 Revised,Pass
2025-06-23,EL PASO SOFT SIDED FACILITY,12501 GATEWAY BLVD S,EL PASO,TX,79934,ELP,STAGING,,3.425749,62.166038,26.339623,16.377358,7.569811,34.750943,68.494340,2.381132,6.826415,6.339623,6.807547,15.113208,84.192453,89.532075,,,,,FPBDS,
2025-06-23,OTERO COUNTY PROCESSING CENTER,26 MCGREGOR RANGE ROAD,CHAPARRAL,NM,88081,ELP,DIGSA,Female/Male,31.542711,658.105660,108.535849,52.218868,23.803774,161.143396,527.939623,7.777358,145.803774,24.101887,22.569811,48.464151,747.528302,697.566038,500,ODO,11/7/2024,,PBNDS 2011 - 2016 Revised,Pass
2025-06-23,"TORRANCE/ESTANCIA, NM",209 COUNTY ROAD 49,ESTANCIA,NM,87016,ELP,IGSA,Male,37.602282,355.713208,70.758491,5.498113,2.924528,65.611321,369.279245,0.000000,0.003774,2.222642,4.075472,19.071698,409.524528,315.075472,505,ODO,10/24/2024,,PBNDS 2011 - 2016 Revised,Pass
2025-06-23,CHAVEZ DETENTION CENTER,3701 S. ATKINSON,ROSWELL,NM,88201,ELP,USMS IGA,Female/Male,0.990244,,,,,,,,,,,,,0.471698,,ORSA,12/4/2024,,ORSA NDS 2019,Pass
2025-06-23,MIDLAND COUNTY DETENTION CENTER,400 S MAIN STREET,MIDLAND,TX,79701,ELP,USMS IGA,Female/Male,1.584615,,,,,,,,,,,,,0.603774,,ORSA,2/16/2024,,ORSA NDS 2019,Pass
2025-06-23,COASTAL BEND DETENTION FACILITY,4909 FM 2826,ROBSTOWN,TX,78380,HLG,USMS IGA,Male,2.996770,7.966038,5.079245,3.324528,1.211321,5.071698,10.633962,0.275472,1.600000,1.083019,0.649057,1.290566,14.558491,16.600000,,ODO,2/6/2025,,NDS 2019,Pass
2025-06-23,EAST HIDALGO DETENTION CENTER,1330 HIGHWAY 107,LA VILLA,TX,78562,HLG,USMS IGA,Female/Male,3.934353,5.781132,1.996226,2.441509,1.320755,5.177358,5.460377,0.188679,0.713208,2.505660,0.758491,1.041509,7.233962,11.181132,,ORSA,5/20/2025,,ODO Assisted Self Inspection,Pass
2025-06-23,EL VALLE DETENTION FACILITY,1800 INDUSTRIAL DRIVE,RAYMONDVILLE,TX,78580,HLG,DIGSA,Female/Male,31.719416,667.592453,53.377358,69.728302,45.901887,138.241509,279.011321,23.090566,396.256604,36.630189,19.867925,23.901887,756.200000,533.637736,600,ODO,3/6/2025,,PBNDS 2011 - 2016 Revised,Pass
2025-06-23,LAREDO PROCESSING CENTER,4702 EAST SAUNDERS STREET,LAREDO,TX,78041,HLG,DIGSA,Female/Male,31.057978,331.758491,10.818868,8.728302,8.581132,0.132075,4.245283,20.762264,334.747170,5.003774,4.490566,9.094340,341.298113,200.222642,,ODO,3/20/2025,,NDS 2019,Pass
2025-06-23,PORT ISABEL SPC,27991 BUENA VISTA BOULEVARD,LOS FRESNOS,TX,78566,HLG,SPC,Female/Male,13.785817,998.079245,34.615094,5.860377,8.184906,143.920755,900.977358,0.543396,1.298113,29.728302,34.928302,60.547170,921.535849,650.196226,650,ODO,3/27/2025,,PBNDS 2011 - 2016 Revised,Pass
2025-06-23,RIO GRANDE DETENTION CENTER,1001 SAN RIO BOULEVARD,LAREDO,TX,78046,HLG,USMS CDF,Male,36.298984,612.260377,16.471698,0.932075,0.784906,36.384906,593.852830,0.000000,0.211321,2.860377,8.056604,22.652830,596.879245,380.113208,275,ODO,1/9/2025,,NDS 2019,Pass
2025-06-23,WEBB COUNTY DETENTION CENTER (CCA),9998 SOUTH HIGHWAY 83,LAREDO,TX,78041,HLG,DIGSA,Female/Male,30.298745,268.226415,5.969811,37.596226,54.437736,49.256604,284.566038,5.392453,27.015094,21.105660,13.196226,14.641509,317.286792,210.105660,250,ODO,2/6/2025,,PBNDS 2011 - 2016 Revised,Pass
2025-06-23,HOUSTON CONTRACT DETENTION FACILITY,15850 EXPORT PLAZA DRIVE,HOUSTON,TX,77032,HOU,CDF,Female/Male,48.620159,705.720755,84.532075,31.871698,10.339623,47.494340,449.581132,24.694340,310.694340,20.592453,18.777358,21.720755,771.373585,516.249057,750,ODO,1/30/2025,,PBNDS 2011 - 2016 Revised,Pass
2025-06-23,IAH SECURE ADULT DETENTION FACILITY (POLK),3400 FM 350 SOUTH,LIVINGSTON,TX,77351,HOU,DIGSA,Male,36.718195,611.607547,130.803774,45.860377,16.513208,103.479245,701.158491,0.000000,0.147170,22.486792,18.611321,41.758491,721.928302,477.773585,350,ODO,2/13/2025,,NDS 2019,Pass
2025-06-23,JOE CORLEY PROCESSING CTR,500 HILBIG RD,CONROE,TX,77301,HOU,IGSA,Female/Male,44.171547,678.041509,108.871698,26.747170,13.773585,89.290566,737.984906,0.000000,0.158491,26.879245,17.433962,30.920755,752.200000,680.603774,,ODO,12/19/2024,,NDS 2019,Pass
2025-06-23,LIMESTONE COUNTY DETENTION CENTER,910 NORTH TYUS STREET,GROESBECK,TX,76642,HOU,USMS IGA,Male,10.843434,18.120755,3.128302,5.811321,4.347170,9.192453,22.215094,0.000000,0.000000,1.067925,0.105660,0.362264,29.871698,23.781132,,ODO,3/27/2025,,NDS 2019,Pass
2025-06-23,MONTGOMERY ICE PROCESSING CENTER,806 HILBIG RD,CONROE,TX,77301,HOU,CDF,Female/Male,30.315750,148.988679,585.611321,334.196226,136.954717,615.094340,479.618868,45.664151,65.373585,214.067925,137.558491,152.396226,701.728302,901.735849,750,ODO,12/5/2024,,PBNDS 2011 - 2016 Revised,Pass
2025-06-23,BELL COUNTY JAIL,111 W. CENTRAL,BELTON,TX,76513,HOU,USMS IGA,Female/Male,1.155172,,,,,,,,,,,,,0.158491,,ORSA,8/15/2024,,ORSA NDS 2019,Pass
2025-06-23,MCLENNAN COUNTY JAIL,3201 MARLIN HWY,WACO,TX,76705,HOU,USMS IGA,Female/Male,1.272727,,,,,,,,,,,,,0.090566,,ODO,5/9/2024,,NDS 2019,Pass
2025-06-23,VICTORIA COUNTY JAIL,101 NORTH GLASS STREET,VICTORIA,TX,77901,HOU,IGSA,Female/Male,1.304348,,,,,,,,,,,,,0.011321,,,4/18/2025,,ORSA NDS 2019,Pass
2025-06-23,ADELANTO ICE PROCESSING CENTER,10250 RANCHO ROAD,ADELANTO,CA,92301,LOS,CDF,Female/Male,22.196911,34.290566,17.135849,71.283019,90.154717,146.132075,63.479245,0.750943,2.501887,77.543396,27.471698,15.550943,92.298113,126.113208,640,ODO,2/8/2024,Scheduled,PBNDS 2011 - 2016 Revised,Pass
2025-06-23,DESERT VIEW ANNEX,10450 RANCHO ROAD,ADELANTO,CA,92301,LOS,CDF,Male,42.497328,222.720755,41.362264,66.392453,81.501887,144.656604,267.075472,0.098113,0.147170,14.924528,6.713208,9.535849,380.803774,251.335849,480,ODO,2/27/2025,,PBNDS 2011 - 2016 Revised,Pass
2025-06-23,BAKER COUNTY SHERIFF DEPT.,1 SHERIFF OFFICE DRIVE,MACCLENNY,FL,32063,MIA,IGSA,Female/Male,36.185987,34.924528,35.003774,96.267925,84.871698,146.264151,58.562264,23.083019,23.158491,26.588679,12.320755,13.694340,198.464151,192.226415,192,ODO,10/24/2024,,NDS 2019,Pass
2025-06-23,BROWARD COUNTY JAIL,555 SE 1ST AVENUE,FT.LAUDERDALE,FL,33301,MIA,IGSA,Female/Male,1.058047,0.411321,0.226415,1.230189,0.279245,0.362264,1.584906,0.049057,0.150943,0.000000,0.000000,0.000000,2.147170,1.433962,,,,,PBNDS 2011 – 2016 Revisions,
2025-06-23,BROWARD TRANSITIONAL CENTER,3900 NORTH POWERLINE ROAD,POMPANO BEACH,FL,33073,MIA,CDF,Female/Male,26.271176,479.954717,150.501887,7.207547,1.256604,116.332075,427.569811,15.637736,79.381132,9.735849,15.479245,22.132075,591.573585,446.701887,700,ODO,12/19/2024,,PBNDS 2011 - 2016 Revised,Pass
2025-06-23,COLLIER COUNTY NAPLES JAIL CENTER,3347 TAMIAMI TRAIL E,NAPLES,FL,34112,MIA,IGSA,Female/Male,2.275469,6.758491,1.818868,2.535849,1.460377,6.207547,5.807547,0.207547,0.350943,0.101887,0.094340,0.267925,12.109434,8.864151,,ODO,12/5/2024,,NDS 2019,Pass
2025-06-23,GLADES COUNTY DETENTION CENTER,1297 EAST SR 78,MOORE HAVEN,FL,33471,MIA,IGSA,Female/Male,16.073134,19.781132,6.969811,21.037736,20.237736,34.203774,33.543396,0.279245,0.000000,6.739623,3.716981,3.456604,54.113208,44.569811,500,ODO,,,NDS 2019,Pass
2025-06-23,JTF CAMP SIX,AVENUE C PSC 1005 BOX 55,FPO,FL,34009,MIA,DOD,,9.843931,0.815094,0.573585,5.196226,6.467925,6.554717,6.498113,0.000000,0.000000,2.811321,1.509434,1.143396,7.588679,13.052830,,,,,,
2025-06-23,KROME NORTH SERVICE PROCESSING CENTER,18201 SW 12TH ST,MIAMI,FL,33194,MIA,SPC,Male,16.705472,221.652830,65.320755,300.686792,283.475472,449.486792,420.384906,0.769811,0.494340,83.558491,30.132075,28.954717,728.490566,584.558491,450,ODO,5/1/2025,,PBNDS 2011 - 2016 Revised,Pass
2025-06-23,LAKE COUNTY JAIL,551 W. MAIN ST.,TAVARES,FL,32778,MIA,IGSA,,1.578313,0.233962,0.139623,0.649057,0.033962,0.150943,0.886792,0.007547,0.011321,0.007547,0.003774,0.000000,1.045283,0.807547,,,,,,
2025-06-23,MIAMI FEDERAL DETENTION,33 NE 4 STREET,MIAMI,FL,33132,MIA,BOP,Female/Male,34.000000,,,,,,,,,,,,,,,,,,FPBDS,
2025-06-23,MIGRANT OPS CENTER MAIN A,AVENUE C PSC 1005 BOX 55,FPO,FL,34009,MIA,MOC,,12.019305,10.456604,1.275472,0.083019,0.026415,1.249057,10.592453,0.000000,0.000000,0.003774,0.230189,0.826415,10.781132,11.841509,,,,,,
2025-06-23,ORANGE COUNTY JAIL (FL),3855 SOUTH JOHN YOUNG PARKWAY,ORLANDO,FL,32839,MIA,USMS IGA,Female/Male,1.849682,3.581132,2.124528,3.271698,1.207547,2.826415,5.377358,0.562264,1.418868,0.045283,0.041509,0.113208,9.984906,5.966038,,ODO,8/15/2024,,NDS 2019,Pass
2025-06-23,PINELLAS COUNTY JAIL,14400 49TH STREET NORTH,CLEARWATER,FL,33762,MIA,USMS IGA,Female/Male,1.496477,3.550943,2.905660,2.894340,0.796226,3.875472,5.532075,0.188679,0.550943,0.007547,0.018868,0.018868,10.101887,6.762264,,ODO,5/15/2025,,NDS 2019,Pass
2025-06-23,SAN JUAN STAGING,"651 FEDERAL DRIVE, SUITE 104",GUAYNABO,PR,00965,MIA,STAGING,Female/Male,2.985564,5.750943,0.683019,1.271698,0.532075,1.841509,5.543396,0.135849,0.716981,0.150943,0.101887,0.090566,7.894340,5.513208,,,,,NDS 2019,
2025-06-23,WALTON COUNTY JAIL,40 SHERIFF CIR,DEFUNIAK SPRINGS,FL,32433,MIA,USMS IGA,,1.652252,2.203774,0.426415,0.396226,0.207547,1.037736,2.192453,0.003774,0.000000,0.026415,0.007547,0.075472,3.124528,1.618868,,,,,NDS 2019,
2025-06-23,GUAYNABO MDC (SAN JUAN),HWY 28 INTSECT OF ROAD 165,SAN JUAN,PR,00939,MIA,BOP,Female/Male,8.841667,1.171315,4.262948,0.446215,0.131474,3.840637,1.693227,0.215139,0.262948,0.621514,0.195219,0.191235,5.003984,2.898113,,,,,FPBDS,
2025-06-23,DELANEY HALL DETENTION FACILITY,451 DOREMUS AVENUE,NEWARK,NJ,07105,NEW,CDF,Female/Male,14.077125,52.452830,15.947170,18.316981,9.113208,18.407547,70.441509,0.932075,6.049057,0.098113,0.701887,3.562264,91.467925,42.524528,700,,,,PBNDS 2011 - 2016 Revised,
2025-06-23,ELIZABETH CONTRACT DETENTION FACILITY,625 EVANS STREET,ELIZABETH,NJ,07201,NEW,CDF,Female/Male,16.764084,106.520755,155.116981,20.215094,7.788679,62.181132,208.354717,2.060377,17.045283,5.735849,9.535849,13.388679,260.981132,177.113208,285,ODO,12/5/2024,,PBNDS 2011 - 2016 Revised,Pass
2025-06-23,ADAMS COUNTY DET CENTER,20 HOBO FORK RD.,NATCHEZ,MS,39120,NOL,DIGSA,Female/Male,50.766778,1899.901887,259.630189,14.622642,4.916981,33.705660,2145.366038,0.000000,0.000000,3.962264,6.252830,10.554717,2158.301887,711.147170,"1,100",ODO,1/16/2025,,PBNDS 2011 - 2016 Revised,Pass
2025-06-23,ALEXANDRIA STAGING FACILITY,96 GEORGE THOMPSON DRIVE,ALEXANDRIA,LA,71303,NOL,STAGING,Male,2.596911,144.475472,50.362264,75.124528,51.000000,141.894340,178.890566,0.060377,0.116981,50.860377,30.158491,37.935849,202.007547,314.894340,,ODO,2/27/2025,,PBNDS 2011 - 2016 Revised,Pass
2025-06-23,ALLEN PARISH PUBLIC SAFETY COMPLEX,7340 HIGHWAY 26 WEST,OBERLIN,LA,70655,NOL,IGSA,Male,65.036842,98.377358,29.841509,31.622642,13.875472,51.784906,121.932075,0.000000,0.000000,13.920755,10.150943,4.132075,145.513208,121.524528,170,ODO,12/12/2024,,PBNDS 2011 - 2016 Revised,Pass
2025-06-23,CENTRAL LOUISIANA ICE PROCESSING CENTER (CLIPC),830 PINEHILL ROAD,JENA,LA,71342,NOL,DIGSA,Female/Male,53.041073,407.400000,226.430189,336.403774,206.569811,492.581132,683.030189,0.837736,0.354717,95.452830,50.947170,60.460377,969.943396,931.860377,"1,170",ODO,1/9/2025,,PBNDS 2011 - 2016 Revised,Pass
2025-06-23,ETOWAH COUNTY JAIL (ALABAMA),827 FORREST AVENUE,GADSDEN,AL,35901,NOL,USMS IGA,Male,4.336393,10.924528,4.535849,6.498113,2.347170,9.128302,11.886792,1.218868,2.071698,0.098113,0.079245,0.283019,23.845283,17.203774,,ODO,,,NDS 2000,Pass
2025-06-23,HANCOCK COUNTY PUBLIC SAFETY COMPLEX,8450 HIGHWAY 90,BAY ST. LOUIS,MS,39520,NOL,IGSA,Female/Male,2.003357,10.592453,5.792453,4.071698,1.083019,5.192453,13.992453,0.328302,2.026415,0.083019,0.158491,0.075472,21.222642,15.056604,,ODO,5/8/2025,,NDS 2019,Pass
2025-06-23,JACKSON PARISH CORRECTIONAL CENTER,327 INDUSTRIAL DRIVE,JONESBORO,LA,71251,NOL,DIGSA,Female/Male,32.902578,924.245283,115.335849,3.920755,1.388679,44.252830,994.981132,1.011321,4.645283,4.022642,5.539623,17.667925,1017.660377,499.747170,500,ODO,12/12/2024,,PBNDS 2011 - 2016 Revised,Pass
2025-06-23,KNOX COUNTY DETENTION FACILITY,5001 MALONEYVILLE RD,KNOXVILLE,TN,37918,NOL,USMS IGA,Female/Male,3.047337,7.003774,5.988679,4.984906,2.037736,9.766038,8.750943,0.603774,0.894340,0.162264,0.079245,0.067925,19.705660,15.800000,,ODO,9/26/2024,,NDS 2019,Pass
2025-06-23,MADISON COUNTY JAIL,2935 HIGHWAY 51,CANTON,MS,39046,NOL,USMS IGA,Female/Male,2.137221,1.656604,1.377358,0.916981,0.577358,1.566038,2.581132,0.037736,0.343396,0.015094,0.018868,0.000000,4.494340,3.498113,,ODO,9/26/2024,,NDS 2019,Pass
2025-06-23,MILLER COUNTY JAIL,2300 EAST STREET,TEXARKANA,AR,71854,NOL,USMS IGA,Female/Male,2.409357,0.396226,0.377358,0.622642,0.154717,0.856604,0.664151,0.015094,0.015094,0.026415,0.000000,0.026415,1.498113,1.128302,,ORSA,3/11/2024,,ORSA NDS 2019,Pass
2025-06-23,PICKENS COUNTY DET CTR,188 CEMETERY ST,CARROLLTON,AL,35447,NOL,IGSA,Female/Male,3.054087,11.664151,10.701887,10.467925,4.520755,14.150943,18.694340,2.426415,2.083019,0.426415,0.675472,0.792453,35.460377,31.543396,,ODO,,,NDS 2019,Pass
2025-06-23,PINE PRAIRIE ICE PROCESSING CENTER,1133 HAMPTON DUPRE ROAD,PINE PRAIRIE,LA,70576,NOL,DIGSA,Male,11.375000,340.732075,142.516981,161.773585,100.196226,283.158491,460.950943,0.290566,0.818868,41.188679,31.494340,31.754717,640.781132,679.807547,,ODO,4/10/2025,,PBNDS 2011 - 2016 Revised,Pass
2025-06-23,PUTNAM COUNTY SHERIFF,421 E SPRING ST.,COOKEVILLE,TN,38501,NOL,USMS IGA,,1.838356,0.830189,0.909434,0.452830,0.166038,1.298113,1.060377,0.000000,0.000000,0.007547,0.000000,0.011321,2.339623,1.784906,,,,,FPBDS,
2025-06-23,RICHWOOD CORRECTIONAL CENTER,180 PINE BAYOU CIRCLE,MONROE,LA,71202,NOL,DIGSA,Male,43.003478,789.569811,57.113208,28.033962,19.354717,51.060377,80.584906,20.683019,741.743396,21.784906,12.698113,21.483019,838.105660,435.275472,677,ODO,11/7/2024,,PBNDS 2011 - 2016 Revised,Pass
2025-06-23,RIVER CORRECTIONAL CENTER,26362 HIGHWAY 15,FERRIDAY,LA,71334,NOL,DIGSA,Male,81.643338,474.290566,75.856604,4.694340,0.943396,25.758491,529.494340,0.067925,0.464151,2.362264,4.132075,10.581132,538.709434,365.162264,361,ODO,11/21/2024,,PBNDS 2011 - 2016 Revised,Pass
2025-06-23,SEBASTIAN COUNTY DETENTION CENTER,801 SOUTH A STREET,FORT SMITH,AR,72901,NOL,USMS IGA,Female/Male,1.799107,0.660377,0.320755,0.298113,0.162264,0.630189,0.716981,0.060377,0.033962,0.003774,0.000000,0.000000,1.437736,1.222642,,,,,,
2025-06-23,SOUTH LOUISIANA ICE PROCESSING CENTER,3843 STAGG AVENUE,BASILE,LA,70515,NOL,DIGSA,Female/Male,37.851205,603.113208,107.101887,124.645283,44.381132,3.898113,4.464151,133.022642,737.856604,56.966038,30.637736,27.464151,764.173585,579.388679,700,ODO,3/6/2025,,PBNDS 2011 - 2016 Revised,Pass
2025-06-23,WASHINGTON COUNTY DETENTION CENTER,1155 WEST CLYDESDALE DRIVE,FAYETTEVILLE,AR,72701,NOL,USMS IGA,Female/Male,1.633968,0.924528,1.200000,1.471698,0.422642,1.475472,2.290566,0.113208,0.139623,0.041509,0.018868,0.003774,3.954717,3.494340,,ODO,4/24/2025,,NDS 2019,Pass
2025-06-23,WINN CORRECTIONAL CENTER,560 GUM SPRING ROAD,WINNFIELD,LA,71483,NOL,DIGSA,Male,69.220942,990.132075,218.267925,220.539623,122.562264,342.520755,1208.256604,0.539623,0.184906,76.947170,53.233962,49.683019,1371.637736,1094.494340,946,ODO,1/16/2025,,PBNDS 2011 - 2016 Revised,Pass
2025-06-23,BALDWIN COUNTY CORRECTIONAL CENTER,200 HAND AVE.,BAY MINETTE,AL,36507,NOL,USMS IGA,Female/Male,1.718919,0.964143,1.211155,1.494024,0.410359,1.470120,2.350598,0.115538,0.143426,0.003984,0.003984,0.000000,4.071713,1.064151,,ODO,9/26/2024,,NDS 2019,Fail
2025-06-23,NASSAU COUNTY CORRECTIONAL CENTER,100 CARMAN AVENUE,EAST MEADOW,NY,11554,NYC,USMS IGA,Female/Male,2.257872,7.237736,0.901887,1.158491,0.777358,2.622642,7.433962,0.011321,0.007547,0.049057,0.030189,0.007547,9.988679,7.864151,,,,,FPBDS,
2025-06-23,ORANGE COUNTY JAIL (NY),110 WELLS FARM ROAD,GOSHEN,NY,10924,NYC,IGSA,Female/Male,39.582456,34.611321,24.105660,30.139623,25.992453,72.633962,42.215094,0.000000,0.000000,13.105660,12.513208,13.064151,76.166038,74.883019,,ODO,12/12/2024,,NDS 2019,Pass
2025-06-23,CLINTON COUNTY CORRECTIONAL FACILITY,58 PINE MOUNTAIN RD.,MCELHATTAN,PA,17748,PHI,USMS IGA,Male,55.191099,6.366038,25.381132,32.584906,17.626415,69.003774,7.743396,3.230189,1.981132,23.384906,6.864151,1.501887,50.207547,66.037736,,ODO,1/16/2025,,NDS 2019,Pass
2025-06-23,ERIE COUNTY JAIL,DEPARTMENT OF CORRECTIONS 1618 ASH STREET,ERIE,PA,16503,PHI,USMS IGA,Female/Male,7.439394,5.211321,2.449057,1.415094,0.750943,1.815094,7.818868,0.000000,0.192453,0.018868,0.003774,0.033962,9.769811,5.573585,,ORSA,3/20/2024,,ORSA NDS 2019,Pass
2025-06-23,FDC PHILADELPHIA,700 ARCH ST.,PHILADELPHIA,PA,19106,PHI,BOP,,8.653430,22.947170,6.875472,7.849057,9.879245,21.818868,25.705660,0.000000,0.026415,4.950943,1.901887,1.143396,39.554717,32.747170,,,,,FPBDS,
2025-06-23,MOSHANNON VALLEY PROCESSING CENTER,555 GEO DRIVE,PHILIPSBURG,PA,16866,PHI,DIGSA,Female/Male,63.184063,288.000000,103.105660,546.177358,402.954717,710.475472,581.218868,25.962264,22.581132,212.271698,69.852830,81.830189,976.283019,920.532075,800,ODO,3/6/2025,,PBNDS 2011 - 2016 Revised,Pass
2025-06-23,NORTHERN REGIONAL JAIL,"RD. 2, BOX 1",MOUNDSVILLE,WV,26041,PHI,IGSA,Female/Male,2.355769,0.471698,0.222642,0.286792,0.030189,0.305660,0.630189,0.018868,0.056604,0.000000,0.000000,0.011321,1.000000,0.588679,,,,,NDS 2019,
2025-06-23,PIKE COUNTY JAIL,175 PIKE COUNTY BOULEVARD,LORDS VALLEY,PA,18428,PHI,IGSA,Male,42.177840,100.626415,26.226415,33.550943,26.569811,71.377358,115.539623,0.000000,0.056604,12.807547,8.916981,10.498113,154.750943,146.988679,100,ODO,2/27/2025,,PBNDS 2011 - 2016 Revised,Pass
2025-06-23,SOUTH CENTRAL REGIONAL JAIL,1001 CENTER WAY,CHARLESTON,WV,25309,PHI,IGSA,Female/Male,8.026667,3.467925,2.339623,3.230189,0.924528,4.690566,5.237736,0.000000,0.033962,0.660377,0.554717,0.728302,8.018868,8.286792,,ODO,9/26/2024,,NDS 2019,Pass
2025-06-23,FRANKLIN COUNTY JAIL,625 FRANKLIN FARM LN,CHAMBERSBURG,PA,17201,PHI,USMS IGA,Female/Male,1.000000,,,,,,,,,,,,,0.000000,,,,,FPBDS,
2025-06-23,"CCA, FLORENCE CORRECTIONAL CENTER",1100 BOWLING ROAD,FLORENCE,AZ,85232,PHO,USMS IGA,Male,62.771028,71.015094,45.479245,159.445283,147.177358,264.864151,158.252830,0.000000,0.000000,51.860377,20.905660,25.441509,324.909434,284.705660,,ODO,12/12/2024,,NDS 2019,Pass
2025-06-23,ELOY FEDERAL CONTRACT FACILITY,1705 EAST HANNA RD.,ELOY,AZ,85131,PHO,DIGSA,Female/Male,39.447277,1025.732075,69.800000,138.679245,145.358491,181.377358,550.143396,91.124528,556.924528,104.943396,51.501887,75.147170,1147.977358,816.966038,900,ODO,10/31/2024,,PBNDS 2011 - 2016 Revised,Pass
2025-06-23,FLORENCE SERVICE PROCESSING CENTER,3250 NORTH PINAL PARKWAY,FLORENCE,AZ,85132,PHO,SPC,Male,13.227013,304.075472,80.313208,3.373585,2.207547,89.630189,299.883019,0.177358,0.279245,2.033962,4.833962,30.743396,352.358491,231.830189,392,ODO,2/13/2025,,PBNDS 2011 - 2016 Revised,Pass
2025-06-23,FLORENCE STAGING FACILITY,3250 NORTH PINAL PARKWAY,FLORENCE,AZ,85232,PHO,STAGING,Male,2.088444,96.426415,42.166038,33.018868,14.550943,66.479245,111.864151,3.207547,4.611321,4.188679,3.139623,4.588679,174.245283,140.064151,,ODO,6/13/2024,,PBNDS 2011 - 2016 Revised,Pass
2025-06-23,LA PAZ COUNTY ADULT DETENTION FACILITY,1109 ARIZONA AVE.,PARKER,AZ,85344,PHO,USMS IGA,Female/Male,1.900662,992.219124,218.940239,214.996016,118.689243,335.111554,1208.633466,0.541833,0.557769,69.784861,52.079681,46.235060,1376.745020,0.773585,,ODO,8/1/2024,Scheduled,NDS 2019,Pass
2025-06-23,ANCHORAGE CORRECTIONAL COMPLEX,1400 E. 4TH AVE,ANCHORAGE,AK,99501,SEA,USMS IGA,Female/Male,5.341463,1.343396,0.260377,0.758491,0.577358,1.381132,1.558491,0.000000,0.000000,0.483019,0.362264,0.120755,1.973585,2.101887,,ORSA,3/29/2024,,ORSA NDS 2019,Pending Final
2025-06-23,NORTHWEST ICE PROCESSSING CENTER,1623 E. J STREET,TACOMA,WA,98421,SEA,CDF,Female/Male,69.145407,551.626415,112.720755,209.200000,206.875472,380.286792,580.618868,43.883019,75.633962,152.026415,37.347170,28.128302,862.920755,816.098113,"1,181",ODO,1/30/2025,,PBNDS 2011 - 2016 Revised,Pass
2025-06-23,DEPARTMENT OF CORRECTIONS HAGATNA,203 ASPINAL AVE. PO BOX 3236,HAGATNA,GU,96910,SFR,USMS IGA,Female/Male,41.815789,0.000000,2.709434,3.026415,0.528302,4.509434,1.754717,0.000000,0.000000,3.196226,0.701887,0.509434,1.856604,5.577358,,ORSA,3/14/2024,,ORSA NDS 2019,Pending Final
2025-06-23,GOLDEN STATE ANNEX,611 FRONTAGE RD,MCFARLAND,CA,93250,SFR,CDF,Female/Male,83.730014,207.747170,67.950943,131.316981,174.581132,295.241509,286.203774,0.000000,0.150943,131.154717,21.366038,12.581132,416.494340,349.916981,560,ODO,1/30/2025,,PBNDS 2011 - 2016 Revised,Pass
2025-06-23,HONOLULU FEDERAL DETENTION CENTER,351 ELLIOTT ST.,HONOLULU,HI,96819,SFR,BOP,Female/Male,40.169082,4.984906,12.716981,16.449057,3.849057,18.996226,13.833962,0.569811,4.600000,10.626415,4.532075,2.701887,20.139623,28.750943,,,,,FPBDS,
2025-06-23,MESA VERDE ICE PROCESSING CENTER,425 GOLDEN STATE AVE,BAKERSFIELD,CA,93301,SFR,CDF,Female/Male,131.858407,6.196226,3.652830,14.777358,35.532075,53.441509,4.649057,0.316981,1.750943,29.988679,2.377358,0.607547,27.184906,50.060377,320,ODO,4/17/2025,,PBNDS 2011 - 2016 Revised,Pass
2025-06-23,SAIPAN DEPARTMENT OF CORRECTIONS (SUSUPE),"VICENTE T. SEMAN BLDG, CIVIC CENTER",SAIPAN,MP,96950,SFR,USMS IGA,Female/Male,39.382353,3.071698,2.667925,0.577358,0.000000,3.135849,2.373585,0.000000,0.807547,1.973585,0.554717,0.000000,3.788679,5.313208,,ORSA,3/8/2024,,ORSA NDS 2019,Pending Final
2025-06-23,HENDERSON DETENTION,18 E BASIC ROAD,HENDERSON,NV,89015,SLC,USMS IGA,Female/Male,24.100350,16.709434,23.411321,22.735849,9.309434,35.324528,20.867925,9.109434,6.864151,11.381132,6.898113,5.916981,47.969811,57.528302,,ODO,3/21/2024,Scheduled,NDS 2019,Pass
2025-06-23,JEFFERSON COUNTY JAIL,219 EAST FREMONT AVENUE,RIGBY,ID,83442,SLC,IGSA,Female/Male,2.626068,1.033962,1.584906,1.328302,0.698113,3.350943,1.226415,0.037736,0.030189,0.026415,0.143396,0.064151,4.411321,3.958491,,ODO,7/18/2024,Scheduled,ODO Assisted Self Inspection,Pass
2025-06-23,NEVADA SOUTHERN DETENTION CENTER,2190 EAST MESQUITE AVENUE,PAHRUMP,NV,89060,SLC,USMS CDF,Female/Male,30.932494,110.000000,111.400000,65.566038,43.203774,204.754717,125.147170,0.139623,0.128302,50.532075,25.800000,25.471698,228.366038,250.581132,,ODO,3/27/2025,,NDS 2019,Pass
2025-06-23,SALT LAKE COUNTY METRO JAIL,3415 SOUTH 900 WEST,SALT LAKE CITY,UT,84119,SLC,USMS IGA,Female/Male,1.720384,1.166038,4.237736,0.437736,0.128302,3.815094,1.686792,0.203774,0.264151,0.618868,0.203774,0.188679,4.958491,5.056604,,ODO,9/26/2024,Scheduled,ORSA NDS 2019,Fail
2025-06-23,WASHOE COUNTY JAIL,911 PARR BLVD 775 328 3308,RENO,NV,89506,SLC,USMS IGA,Female/Male,7.914081,1.086792,2.237736,4.267925,3.264151,7.592453,2.475472,0.407547,0.381132,1.667925,0.158491,0.381132,8.649057,9.554717,,ODO,11/7/2024,,ODO Assisted Self Inspection,Pass
2025-06-23,CLARK COUNTY JAIL (ID),"501 EAST COURT AVENUE,",DUBOIS,ID,47130,SLC,IGSA,Female/Male,0.000000,,,,,,,,,,,,,0.000000,,,,,FPBDS,
2025-06-23,DALE G. HAILE DETENTION CENTER,1115 ALBANY,CALDWELL,ID,83605,SLC,IGSA,Female/Male,2.583333,,,,,,,,,,,,,0.113208,,ORSA,3/15/2024,,ORSA NDS 2019,Pass
2025-06-23,YELLOWSTONE COUNTY JAIL,3165 KING AVENUE EAST,BILLINGS,MT,59101,SLC,USMS IGA,Female/Male,0.000000,,,,,,,,,,,,,0.000000,,ORSA,3/27/2024,,ORSA NDS 2019,Fail
2025-06-23,DILLEY IMMIGRATION PROCESSING CENTER,300 EL RANCHO WAY,DILLEY,TX,78017,SNA,DIGSA,Female/Male,13.695438,78.656604,0.901887,0.230189,0.128302,0.181132,36.339623,0.101887,43.294340,0.000000,0.067925,0.113208,79.735849,64.411321,"1,440",ODO,,,FRS,Pass
2025-06-23,KARNES COUNTY IMMIGRATION PROCESSING CENTER,409 FM 1144,KARNES CITY,TX,78118,SNA,DIGSA,Female/Male,30.380169,818.539623,60.237736,1.641509,0.233962,39.388679,587.569811,12.781132,240.913208,1.362264,5.354717,31.079245,842.856604,502.264151,928,ODO,3/21/2024,,PBNDS 2011 - 2016 Revised,Pass
2025-06-23,LA SALLE COUNTY REGIONAL DETENTION CENTER,832 EAST TEXAS STATE HIGHWAY 44,ENCINAL,TX,78019,SNA,USMS IGA,Male,22.383886,54.622642,3.305660,0.128302,0.343396,5.516981,52.883019,0.000000,0.000000,0.113208,0.128302,2.977358,55.181132,31.516981,,,2/7/2025,,ORSA NDS 2019,Pass
2025-06-23,SOUTH TEXAS ICE PROCESSING CENTER,566 VETERANS DRIVE,PEARSALL,TX,78061,SNA,CDF,Female/Male,55.216034,1222.562264,147.864151,213.267925,86.600000,398.286792,1220.777358,27.094340,24.135849,92.856604,82.211321,191.800000,1303.426415,1100.426415,"1,350",ODO,2/6/2025,,PBNDS 2011 - 2016 Revised,Pass
2025-06-23,T DON HUTTO DETENTION CENTER,1001 WELCH STREET,TAYLOR,TX,76574,SNA,DIGSA,Male,53.132536,201.071698,38.962264,118.977358,70.173585,235.694340,193.396226,0.000000,0.094340,66.826415,52.396226,97.430189,212.532075,320.675472,461,ODO,12/19/2024,,PBNDS 2011 - 2016 Revised,Pass
2025-06-23,BURNET COUNTY JAIL,JAIL ADMINISTRATOR,BURNET,TX,78611,SNA,USMS IGA,Male,0.000000,,,,,,,,,,,,,0.000000,,ODO,8/8/2024,Scheduled,NDS 2019,Pass
2025-06-23,KARNES COUNTY CORRECTIONAL CENTER,810 COMMERCE STREET,KARNES CITY,TX,78118,SNA,USMS IGA,Female/Male,2.110236,,,,,,,,,,,,,0.739623,,ORSA,4/12/2024,,ORSA NDS 2019,Pass
2025-06-23,WILSON COUNTY JAIL,C/O JAIL ADMINISTRATOR,FLORESVILLE,TX,78114,SNA,IGSA,Female/Male,0.000000,,,,,,,,,,,,,0.000000,,ORSA,5/8/2025,,ORSA NDS 2019,Pass
2025-06-23,IMPERIAL REGIONAL DETENTION FACILITY,1572 GATEWAY,CALEXICO,CA,92231,SND,CDF,Female/Male,60.293096,565.973585,33.211321,30.716981,37.452830,89.452830,516.411321,1.505660,59.984906,34.139623,13.211321,12.698113,607.305660,252.343396,640,ODO,1/16/2025,,PBNDS 2011 - 2016 Revised,Pass
2025-06-23,OTAY MESA DETENTION CENTER,7488 CALZADA DE LA FUENTE,SAN DIEGO,CA,92154,SND,CDF,Female/Male,29.749419,789.135849,438.637736,62.237736,59.649057,179.615094,911.562264,17.056604,241.426415,67.056604,30.215094,28.222642,1224.166038,564.177358,750,ODO,11/7/2024,,PBNDS 2011 - 2016 Revised,Pass
2025-06-23,SAN LUIS REGIONAL DETENTION CENTER,406 NORTH AVENUE D,SAN LUIS,AZ,85349,SND,IGSA,Female/Male,11.785933,113.777358,35.049057,4.981132,11.158491,20.890566,111.256604,1.252830,31.566038,8.181132,2.407547,1.743396,152.633962,127.109434,100,ODO,4/25/2024,Scheduled,NDS 2019,Pass
2025-06-23,BURLEIGH COUNTY,P.O. BOX 1416,BISMARCK,ND,58502,SPM,USMS IGA,Female/Male,9.647059,0.584906,0.803774,0.184906,0.000000,0.411321,0.841509,0.000000,0.320755,0.000000,0.064151,0.188679,1.320755,1.283019,,,,,FPBDS,
2025-06-23,CASS COUNTY JAIL,336 MAIN STREET,PLATTSMOUTH,NE,68048,SPM,USMS IGA,Female/Male,8.851852,0.784906,0.833962,1.362264,0.603774,2.667925,0.652830,0.003774,0.260377,0.343396,0.701887,0.558491,1.981132,2.886792,,,,,FPBDS,
2025-06-23,DAKOTA COUNTY JAIL,1601 BROADWAY,DAKOTA CITY,NE,68731,SPM,USMS IGA,Female/Male,13.889680,3.422642,5.347170,7.030189,2.754717,11.939623,5.052830,0.177358,1.384906,0.800000,0.611321,2.094340,15.049057,13.928302,,ORSA,12/7/2024,,ORSA NDS 2019,Pass
2025-06-23,FREEBORN COUNTY ADULT DETENTION CENTER,411 SOUTH BROADWAY AVENUE,ALBERT LEA,MN,56007,SPM,IGSA,Male,43.214894,15.441509,13.784906,37.898113,11.671698,44.150943,34.645283,0.000000,0.000000,9.437736,3.732075,3.667925,61.958491,64.441509,,ODO,3/6/2025,,NDS 2019,Pass
2025-06-23,GRAND FORKS COUNTY CORRECTIONAL FACILITY,1701 NORTH WASHINGTON ST,GRAND FORKS,ND,58203,SPM,USMS IGA,Female/Male,5.285714,0.532075,0.852830,3.464151,0.124528,2.037736,2.845283,0.041509,0.049057,0.049057,0.075472,0.109434,4.739623,3.377358,,ODO,7/11/2024,,NDS 2019,Pass
2025-06-23,HARDIN COUNTY JAIL,1116 14TH AVENUE,ELDORA,IA,50627,SPM,IGSA,Female/Male,13.745098,1.550943,1.418868,2.271698,0.313208,2.781132,2.286792,0.052830,0.433962,0.667925,0.426415,0.449057,4.011321,3.675472,,,,,,
2025-06-23,KANDIYOHI COUNTY JAIL,2201 23RD ST NE,WILLMAR,MN,56201,SPM,IGSA,Female/Male,48.443700,29.158491,20.962264,71.237736,23.713208,72.426415,60.456604,7.600000,4.588679,22.037736,11.686792,7.732075,103.615094,113.856604,,ODO,3/13/2025,,NDS 2019,Pass
2025-06-23,LINCOLN COUNTY JAIL,3020 N JEFFERS,NORTH PLATTE,NE,69101,SPM,USMS IGA,Female/Male,5.175573,1.075472,0.871698,1.520755,0.626415,2.033962,1.645283,0.003774,0.411321,0.509434,0.000000,0.162264,3.422642,3.086792,,ORSA,12/23/2024,,ORSA NDS 2019,Pass
2025-06-23,LINN COUNTY JAIL,53 3RD AVENUE BRIDGE,CEDAR RAPIDS,IA,52401,SPM,USMS IGA,Female/Male,5.795918,0.935849,0.769811,0.509434,0.245283,1.181132,1.003774,0.060377,0.215094,0.226415,0.184906,0.396226,1.652830,1.449057,,ODO,,,NDS 2019,Pass
2025-06-23,MINNEHAHA COUNTY JAIL,500 NORTH MINNESOTA AVENUE,SIOUX FALLS,SD,57104,SPM,USMS IGA,Female/Male,2.049080,0.177358,0.384906,0.279245,0.181132,0.464151,0.532075,0.000000,0.026415,0.003774,0.000000,0.003774,1.015094,0.773585,,ORSA,12/6/2024,,ORSA NDS 2019,Pass
2025-06-23,MUSCATINE COUNTY JAIL,400 WALNUT STREET,MUSCATINE,IA,52761,SPM,USMS IGA,Female/Male,14.784810,2.316981,3.939623,0.373585,0.939623,3.581132,3.147170,0.249057,0.592453,0.709434,0.433962,0.581132,5.845283,5.581132,,,,,,
2025-06-23,PENNINGTON COUNTY JAIL (SOUTH DAKOTA),300 KANSAS CITY STREET NONE,RAPID CITY,SD,57701,SPM,USMS IGA,Female/Male,5.714286,0.283019,0.671698,0.588679,0.113208,0.573585,1.067925,0.000000,0.015094,0.000000,0.094340,0.030189,1.532075,1.200000,,ORSA,,,ORSA NDS 2019,Pass
2025-06-23,PHELPS COUNTY JAIL (NE),715 5TH AVENUE,HOLDREGE,NE,68949,SPM,USMS IGA,Female/Male,39.110092,2.358491,6.875472,11.324528,10.090566,24.532075,4.916981,0.924528,0.275472,2.064151,1.494340,2.101887,24.988679,27.075472,,ODO,2/6/2025,,NDS 2019,Pass
2025-06-23,POLK COUNTY JAIL,1985 NE 51ST PLACE,DES MOINES,IA,50313,SPM,USMS IGA,Female/Male,31.303430,7.603774,12.739623,9.984906,9.649057,31.169811,8.075472,0.324528,0.407547,2.524528,0.788679,2.520755,34.143396,35.852830,,ODO,2/6/2025,,NDS 2019,Fail
2025-06-23,POTTAWATTAMIE COUNTY JAIL,1400 BIG LAKE ROAD,COUNCIL BLUFFS,IA,51501,SPM,USMS IGA,Female/Male,21.505376,3.264151,5.049057,12.615094,15.207547,30.184906,4.592453,0.577358,0.781132,7.747170,1.992453,1.645283,24.750943,30.664151,,ODO,10/24/2024,,NDS 2019,Pass
2025-06-23,SARPY COUNTY JAIL,1208 GOLDEN GATE DRIVE,PAPILLION,NE,68046,SPM,USMS IGA,Female/Male,11.782609,0.479245,0.584906,0.464151,0.396226,1.728302,0.173585,0.011321,0.011321,0.464151,0.656604,0.139623,0.664151,1.588679,,,,,FPBDS,
2025-06-23,SHERBURNE COUNTY JAIL,13880 BUSINESS CENTER DRIVE,ELK RIVER,MN,55330,SPM,IGSA,Female/Male,23.459906,9.256604,13.860377,22.075472,5.701887,26.003774,21.815094,1.645283,1.430189,8.901887,3.671698,2.788679,35.532075,41.649057,,ODO,5/2/2024,Scheduled,NDS 2019,Pass
2025-06-23,WOODBURY COUNTY JAIL,407 7TH STREET,SIOUX CITY,IA,51101,SPM,USMS IGA,Female/Male,11.785235,2.841509,1.747170,4.335849,3.222642,7.777358,3.400000,0.256604,0.713208,1.758491,0.837736,1.516981,8.033962,9.441509,,ORSA,6/26/2025,,ODO Assisted Self Inspection,Pending Final Report
2025-06-23,CLARKE COUNTY SHERIFF,100 S MAIN ST,OSCEOLA,IA,50213,SPM,IGSA,Female/Male,0.000000,,,,,,,,,,,,,0.000000,,,,,NDS 2019,
2025-06-23,NORTHWEST REGIONAL CORRECTIONS CENTER,"816 MARIN AVE., SUITE 110",CROOKSTON,MN,56716,SPM,USMS IGA,Female/Male,3.923077,15.354582,2.848606,46.745020,46.944223,55.836653,52.282869,1.836653,1.936255,14.055777,2.051793,1.541833,94.243028,0.558491,,ORSA,10/3/2024,,ORSA NDS 2019,Pass
2025-06-23,CAROLINE DETENTION FACILITY,11093 S.W. LEWIS MEMORIAL DRIVE,BOWLING GREEN,VA,22427,WAS,DIGSA,Female/Male,50.342878,111.101887,41.479245,68.509434,74.486792,130.098113,151.188679,8.550943,5.739623,35.313208,12.535849,14.701887,233.026415,190.683019,224,ODO,4/17/2025,,PBNDS 2011 - 2016 Revised,Pass
2025-06-23,PRINCE EDWARD COUNTY (FARMVILLE),508 WATERWORKS ROAD,FARMVILLE,VA,23901,WAS,DIGSA,Male,47.199553,180.811321,89.611321,150.528302,137.916981,294.516981,263.992453,0.000000,0.358491,66.396226,27.792453,33.864151,430.815094,365.354717,459,ODO,12/19/2024,,PBNDS 2011 - 2016 Revised,Pass
2025-06-23,NORTHWESTERN REGIONAL JUVENILE DETENTION CENTER,145 FT COLLIER RD,WINCHESTER,VA,22603,WAS,JUVENILE,Female/Male,38.111111,23.254980,11.207171,12.745020,13.498008,34.254980,22.163347,2.342629,1.944223,7.964143,3.290837,4.490040,44.960159,0.867925,2,,,,NDS 2019,
2025-06-09,ADAMS COUNTY DET CENTER,20 HOBO FORK RD.,NATCHEZ,MS,39120,NOL,DIGSA,Female/Male,49.835417,1890.398406,258.071713,12.677291,4.832669,30.071713,2135.908367,0.000000,0.000000,3.115538,5.235060,8.167331,2149.462151,640.474104,"1,100",ODO,1/16/2025,,PBNDS 2011 - 2016 Revised,Pass
2025-06-09,ADELANTO ICE PROCESSING CENTER,10250 RANCHO ROAD,ADELANTO,CA,92301,LOS,CDF,Female/Male,37.886111,16.533865,11.904382,52.884462,71.705179,115.577689,37.398406,0.027888,0.023904,60.561753,21.633466,11.262948,59.569721,92.784861,640,ODO,7/18/2024,Scheduled,PBNDS 2011 - 2016 Revised,Pass
2025-06-09,ALAMANCE COUNTY DETENTION FACILITY,109 SOUTH MAPLE STREET,GRAHAM,NC,27253,ATL,IGSA,Female/Male,2.547225,6.023904,3.235060,5.772908,5.545817,12.533865,7.406375,0.159363,0.478088,0.593625,0.195219,0.079681,19.709163,15.661355,40,ODO,9/19/2024,Scheduled,NDS 2019,Pass
2025-06-09,ALEXANDRIA STAGING FACILITY,96 GEORGE THOMPSON DRIVE,ALEXANDRIA,LA,71303,NOL,STAGING,Male,2.613178,142.840637,50.310757,75.665339,51.725100,143.641434,176.689243,0.063745,0.147410,51.980080,30.625498,38.235060,199.701195,314.820717,N/A,ODO,2/27/2025,,PBNDS 2011 - 2016 Revised,Pass
2025-06-09,ALLEGANY COUNTY JAIL,4884 STATE ROUTE 19,BELMONT,NY,14813,BUF,IGSA,Female/Male,11.105263,3.458167,0.151394,0.043825,0.000000,0.000000,0.095618,0.306773,3.250996,0.262948,0.000000,0.000000,3.390438,1.980080,N/A,N/A,N/A,,N/A,N/A
2025-06-09,ALLEN PARISH PUBLIC SAFETY COMPLEX,7340 HIGHWAY 26 WEST,OBERLIN,LA,70655,NOL,IGSA,Male,63.512195,98.490040,29.828685,32.003984,13.450199,51.446215,122.326693,0.000000,0.000000,13.772908,9.505976,3.976096,146.517928,115.553785,170,ODO,12/12/2024,,PBNDS 2011 - 2016 Revised,Pass
2025-06-09,ATLANTA US PEN,"601 MCDONOUGH BOULEVARD, SE",ATLANTA,GA,30315,ATL,BOP,Female/Male,17.736527,23.426295,12.314741,10.561753,4.533865,20.398406,30.223108,0.215139,0.000000,3.095618,2.278884,2.055777,43.406375,42.513944,N/A,N/A,N/A,,N/A,N/A
2025-06-09,BAKER COUNTY SHERIFF DEPT.,1 SHERIFF OFFICE DRIVE,MACCLENNY,FL,32063,MIA,IGSA,Female/Male,37.058625,34.940239,34.996016,94.948207,84.928287,147.147410,58.936255,22.235060,21.494024,29.474104,14.414343,13.549801,192.374502,190.366534,192,ODO,10/24/2024,,NDS 2019,Pass
2025-06-09,BERLIN FED. CORR. INST.,1 SUCCESS LOOP DR.,BERLIN,NH,03570,BOS,BOP,,28.434599,46.394422,5.406375,13.406375,16.589641,20.844622,60.800797,0.043825,0.107570,8.378486,1.824701,5.868526,65.725100,35.856574,N/A,N/A,N/A,,N/A,N/A
2025-06-09,BLUEBONNET DETENTION FACILITY,400 2ND STREET,ANSON,TX,79501,DAL,DIGSA,Male,32.344597,377.924303,175.438247,255.398406,109.509960,342.103586,503.960159,13.916335,58.290837,76.079681,46.661355,67.414343,728.115538,594.426295,750,ODO,12/12/2024,,PBNDS 2011 - 2016 Revised,Pass
2025-06-09,BOONE COUNTY JAIL,3020 CONRAD LANE,BURLINGTON,KY,41005,CHI,USMS IGA,Female/Male,38.959739,36.211155,27.804781,37.549801,53.000000,111.147410,38.553785,4.000000,0.864542,35.776892,12.932271,12.199203,93.657371,106.605578,N/A,ODO,11/21/2024,,NDS 2019,Pass
2025-06-09,BROOME COUNTY JAIL,897 FRONT STREET,BINGHAMPTON,NY,13905,BUF,IGSA,Female/Male,4.922481,2.330677,0.151394,0.031873,0.023904,0.235060,2.247012,0.000000,0.055777,0.000000,0.000000,0.000000,2.537849,1.055777,N/A,N/A,N/A,,N/A,N/A
2025-06-09,BROWARD COUNTY JAIL,555 SE 1ST AVENUE,FT.LAUDERDALE,FL,33301,MIA,IGSA,Female/Male,1.067204,0.426295,0.239044,1.326693,0.294821,0.382470,1.697211,0.051793,0.155378,0.000000,0.000000,0.000000,2.286853,1.422311,N/A,N/A,N/A,,N/A,N/A
2025-06-09,BROWARD TRANSITIONAL CENTER,3900 NORTH POWERLINE ROAD,POMPANO BEACH,FL,33073,MIA,CDF,Female/Male,26.420558,478.350598,152.211155,6.996016,1.127490,117.382470,425.709163,15.768924,79.824701,9.792829,16.207171,22.235060,590.450199,431.633466,700,ODO,12/19/2024,,PBNDS 2011 - 2016 Revised,Pass
2025-06-09,BUFFALO SERVICE PROCESSING CENTER,4250 FEDERAL DRIVE,BATAVIA,NY,14020,BUF,SPC,Male,48.502045,267.243028,52.844622,133.517928,141.836653,256.123506,339.314741,0.000000,0.003984,98.091633,19.354582,19.470120,458.525896,448.517928,400,ODO,10/31/2024,,PBNDS 2011 - 2016 Revised,Pass
2025-06-09,BUTLER COUNTY JAIL,705 HANOVER STREET,HAMILTON,OH,45011,DET,USMS IGA,Female/Male,23.135802,47.334661,10.717131,15.541833,5.474104,21.199203,51.235060,1.286853,5.346614,4.589641,3.167331,7.370518,63.940239,52.167331,N/A,ODO,,,NDS 2019,Pass
2025-06-09,CALHOUN COUNTY CORRECTIONAL CENTER,185 EAST MICHIGAN AVENUE,BATTLE CREEK,MI,49014,DET,IGSA,Female/Male,40.431770,67.227092,33.394422,32.151394,14.031873,47.880478,84.816733,2.980080,11.127490,10.163347,5.517928,10.533865,120.589641,125.123506,75,ODO,8/22/2024,Scheduled,NDS 2019,Pass
2025-06-09,CAMPBELL CO DET CTR,601 CENTRAL AVE,NEWPORT,KY,41071,CHI,USMS IGA,,22.819672,7.629482,3.390438,5.764940,1.737052,7.450199,9.107570,0.207171,1.756972,1.677291,2.517928,2.326693,12.000000,6.900398,N/A,N/A,N/A,,N/A,N/A
2025-06-09,CAROLINE DETENTION FACILITY,11093 S.W. LEWIS MEMORIAL DRIVE,BOWLING GREEN,VA,22427,WAS,DIGSA,Female/Male,51.483481,111.258964,39.617530,67.812749,75.127490,130.924303,149.179283,8.119522,5.593625,37.147410,12.533865,14.737052,229.398406,181.513944,224,ODO,4/15/2025,,PBNDS 2011 - 2016 Revised,Pass
2025-06-09,CASS COUNTY JAIL,336 MAIN STREET,PLATTSMOUTH,NE,68048,SPM,USMS IGA,Female/Male,7.953488,0.478088,0.641434,0.976096,0.605578,2.187251,0.374502,0.000000,0.139442,0.258964,0.498008,0.390438,1.553785,1.980080,N/A,N/A,N/A,,N/A,N/A
2025-06-09,"CCA, FLORENCE CORRECTIONAL CENTER",1100 BOWLING ROAD,FLORENCE,AZ,85232,PHO,USMS IGA,Male,63.582652,66.498008,43.920319,155.645418,144.940239,259.812749,151.191235,0.000000,0.000000,50.426295,20.402390,25.023904,315.151394,275.709163,N/A,ODO,11/13/2024,,NDS 2019,Pass
2025-06-09,CENTRAL LOUISIANA ICE PROCESSING CENTER (CLIPC),830 PINEHILL ROAD,JENA,LA,71342,NOL,DIGSA,Female/Male,53.307019,407.302789,227.278884,334.928287,207.382470,494.836653,680.796813,0.322709,0.936255,96.593625,50.107570,57.243028,972.948207,931.159363,"1,170",ODO,1/9/2025,,PBNDS 2011 - 2016 Revised,Pass
2025-06-09,CHASE COUNTY JAIL,301 SOUTH WALNUT STREET,COTTONWOOD FALL,KS,66845,CHI,IGSA,Female/Male,22.727353,26.764940,22.035857,34.286853,17.581673,51.996016,40.278884,4.163347,4.231076,10.223108,4.458167,5.649402,80.338645,89.697211,N/A,ODO,3/13/2025,,NDS 2019,Pass
2025-06-09,CHIPPEWA COUNTY SSM,325 COURT STREET,SAULT STE MARIE,MI,49783,DET,IGSA,Female/Male,46.534884,12.657371,5.426295,6.960159,5.318725,11.000000,19.362550,0.000000,0.000000,4.745020,0.617530,1.605578,23.394422,25.693227,N/A,ODO,4/3/2025,,NDS 2019,Pass
2025-06-09,CHITTENDEN REGIONAL CORRECTIONAL FACILITY,7 FARRELL STREET,SOUTH BURLINGTON,VT,05403,BOS,USMS IGA,Female/Male,3.572816,2.904382,0.215139,0.031873,0.000000,0.000000,0.019920,0.211155,2.920319,0.000000,0.000000,0.011952,3.139442,1.721116,N/A,ORSA,4/24/2025,,NDS 2019,Pass
2025-06-09,CIBOLA COUNTY CORRECTIONAL CENTER,2000 CIBOLA LOOP,MILAN,NM,87021,ELP,IGSA,Male,40.013333,153.390438,52.015936,14.398406,7.768924,32.123506,195.378486,0.071713,0.000000,6.633466,3.147410,7.318725,210.474104,192.191235,N/A,ODO,2/27/2025,,PBNDS 2011 - 2016 Revised,Pass
2025-06-09,CIMMARRON CORR FACILITY,3700 S. KINGS HWY,CUSHING,OK,74023,DAL,USMS IGA,,19.119249,73.565737,20.501992,3.039841,2.095618,20.956175,78.079681,0.000000,0.167331,2.613546,1.262948,2.390438,92.936255,64.350598,N/A,N/A,N/A,,N/A,N/A
2025-06-09,CLARK COUNTY JAIL (IN),501 EAST COURT AVE.,JEFFERSONVILLE,IN,47130,CHI,USMS IGA,,18.553571,9.127490,4.613546,2.545817,2.171315,1.689243,3.721116,4.159363,8.888446,1.924303,1.398406,1.956175,13.179283,8.808765,N/A,N/A,N/A,,N/A,N/A
2025-06-09,CLAY COUNTY JUSTICE CENTER,611 EAST JACKSON STREET,BRAZIL,IN,47834,CHI,USMS IGA,Female/Male,18.699308,69.573705,31.167331,90.227092,62.139442,136.665339,102.258964,7.653386,6.529880,28.912351,9.904382,13.936255,200.354582,173.768924,N/A,ODO,6/27/2024,Scheduled,NDS 2019,Pass
2025-06-09,CLINTON COUNTY CORRECTIONAL FACILITY,58 PINE MOUNTAIN RD.,MCELHATTAN,PA,17748,PHI,USMS IGA,Male,59.744186,5.880478,24.936255,33.035857,17.318725,69.521912,6.992032,2.952191,1.705179,23.027888,6.601594,1.521912,50.019920,65.808765,N/A,ODO,1/16/2025,,NDS 2019,Pass
2025-06-09,CLINTON COUNTY JAIL,25 MCCARTHY DRIVE,PLATTSBURGH,NY,12901,BUF,USMS IGA,Female/Male,8.414414,2.637450,0.904382,1.856574,0.175299,0.442231,0.713147,1.418327,3.000000,0.848606,0.000000,0.908367,3.816733,3.382470,N/A,ODO,6/6/2024,,NDS 2019,Pass
2025-06-09,CLINTON COUNTY JAIL,301 E WALNUT STREET,FRANKFORT,IN,46041,CHI,USMS IGA,Female/Male,5.464286,0.541833,0.239044,0.290837,0.187251,0.478088,0.561753,0.039841,0.179283,0.099602,0.219124,0.063745,0.876494,0.486056,N/A,ODO,N/A,,NDS 2019,N/A
2025-06-09,COASTAL BEND DETENTION FACILITY,4909 FM 2826,ROBSTOWN,TX,78380,HLG,USMS IGA,Male,3.039386,8.211155,5.183267,3.505976,1.239044,5.167331,11.027888,0.286853,1.657371,1.111554,0.685259,1.362550,14.980080,17.087649,N/A,ODO,2/6/2025,,NDS 2019,Pass
2025-06-09,COLLIER COUNTY NAPLES JAIL CENTER,3347 TAMIAMI TRAIL E,NAPLES,FL,34112,MIA,IGSA,Female/Male,2.285513,7.003984,1.880478,2.617530,1.505976,6.346614,6.099602,0.219124,0.342629,0.135458,0.119522,0.330677,12.422311,8.872510,N/A,ODO,12/5/2024,,NDS 2019,Pass
2025-06-09,CORR. CTR OF NORTHWEST OHIO,"3151 ROAD 24.25, ROUTE 1",STRYKER,OH,43557,DET,USMS IGA,Male,24.640625,14.601594,2.294821,4.577689,1.501992,5.760956,12.362550,0.685259,4.167331,2.661355,1.314741,0.569721,18.430279,15.944223,N/A,N/A,N/A,,N/A,N/A
2025-06-09,CUMBERLAND COUNTY JAIL,50 COUNTY WAY,PORTLAND,ME,04102,BOS,USMS IGA,Female/Male,37.095238,8.366534,1.697211,25.733068,18.553785,22.123506,20.418327,3.689243,8.119522,7.517928,0.996016,3.689243,42.147410,37.828685,N/A,ODO,9/12/2024,Scheduled,NDS 2019,Pass
2025-06-09,DAKOTA COUNTY JAIL,1601 BROADWAY,DAKOTA CITY,NE,68731,SPM,USMS IGA,Female/Male,14.234127,3.119522,4.517928,6.960159,2.776892,11.358566,4.741036,0.187251,1.087649,0.749004,0.422311,1.681275,14.521912,12.450199,N/A,ORSA,12/7/2024,,ORSA NDS 2019,Pass
2025-06-09,DALLAS COUNTY JAIL - LEW STERRETT JUSTICE CENTER,111 WEST COMMERCE STREET,DALLAS,TX,75202,DAL,USMS IGA,Female/Male,1.264940,7.856574,0.000000,0.007968,0.007968,2.884462,4.406375,0.167331,0.414343,0.011952,0.019920,0.023904,7.816733,4.079681,N/A,ODO,7/18/2024,Scheduled,NDS 2019,Pass
2025-06-09,DELANEY HALL DETENTION FACILITY,451 DOREMUS AVENUE,NEWARK,NJ,07105,NEW,CDF,Female/Male,8.771290,30.952191,9.705179,14.788845,7.466135,13.856574,43.509960,0.832669,4.713147,4.139442,2.334661,5.414343,51.023904,27.119522,700,N/A,N/A,,N/A,N/A
2025-06-09,DENVER CONTRACT DETENTION FACILITY,3130 OAKLAND ST,AURORA,CO,80010,DEN,CDF,Female/Male,70.480950,575.131474,214.621514,207.203187,151.840637,303.298805,773.266932,21.382470,50.848606,114.119522,53.996016,49.087649,931.593625,725.669323,600,ODO,2/13/2025,,PBNDS 2011 - 2016 Revised,Pass
2025-06-09,DEPARTMENT OF CORRECTIONS HAGATNA,203 ASPINAL AVE. PO BOX 3236,HAGATNA,GU,96910,SFR,USMS IGA,Female/Male,43.472222,0.000000,2.569721,2.908367,0.553785,4.605578,1.426295,0.000000,0.000000,3.278884,0.741036,0.478088,1.533865,5.215139,N/A,ORSA,3/14/2024,Scheduled,ORSA NDS 2019,Pass
2025-06-09,DESERT VIEW ANNEX,10450 RANCHO ROAD,ADELANTO,CA,92301,LOS,CDF,Male,43.203807,216.689243,38.808765,69.055777,85.470120,149.103586,260.733068,0.103586,0.083665,15.067729,6.346614,8.358566,380.250996,251.039841,480,ODO,2/27/2025,,PBNDS 2011 - 2016 Revised,Pass
2025-06-09,DILLEY IMMIGRATION PROCESSING CENTER,300 EL RANCHO WAY,DILLEY,TX,78017,SNA,DIGSA,Female/Male,13.660413,49.155378,0.498008,0.111554,0.075697,0.023904,23.079681,0.107570,26.629482,0.000000,0.011952,0.011952,49.816733,41.486056,"1,440",ODO,6/4/2024,,FRS,Pass
2025-06-09,DODGE COUNTY JAIL,215 WEST CENTRAL STREET,JUNEAU,WI,53039,CHI,USMS IGA,Female/Male,37.174968,12.342629,15.414343,44.402390,40.406375,84.000000,27.195219,0.434263,0.936255,17.266932,9.091633,5.932271,80.274900,87.573705,N/A,ODO,4/3/2025,,NDS 2019,Pass
2025-06-09,EAST HIDALGO DETENTION CENTER,1330 HIGHWAY 107,LA VILLA,TX,78562,HLG,USMS IGA,Female/Male,3.947464,6.000000,2.079681,2.569721,1.326693,5.258964,5.764940,0.199203,0.752988,2.553785,0.756972,1.087649,7.577689,11.657371,N/A,ORSA,5/22/2025,,ORSA NDS 2019,Pass
2025-06-09,EDEN DETENTION CTR,702 E BROADWAY ST,EDEN,TX,76837,DAL,USMS IGA,Male,27.565815,95.211155,11.107570,1.932271,0.752988,10.418327,98.569721,0.000000,0.015936,0.729084,0.215139,1.414343,106.645418,58.051793,N/A,ODO,2/27/2025,,NDS 2019,Pass
2025-06-09,EL PASO SERVICE PROCESSING CENTER,8915 MONTANA AVE.,EL PASO,TX,79925,ELP,SPC,Female/Male,23.274214,336.844622,192.207171,158.446215,87.131474,286.577689,276.486056,63.780876,147.784861,79.800797,60.649402,91.227092,542.952191,612.111554,450,ODO,2/13/2025,,PBNDS 2011 - 2016 Revised,Pass
2025-06-09,EL PASO SOFT SIDED FACILITY,12501 GATEWAY BLVD S,EL PASO,TX,79934,ELP,STAGING,,2.800223,37.832669,20.410359,10.788845,5.557769,28.019920,41.231076,1.888446,3.450199,6.219124,6.462151,13.601594,48.306773,61.215139,N/A,N/A,N/A,,N/A,N/A
2025-06-09,EL VALLE DETENTION FACILITY,1800 INDUSTRIAL DRIVE,RAYMONDVILLE,TX,78580,HLG,DIGSA,Female/Male,31.016201,672.948207,51.127490,65.103586,42.828685,131.143426,278.027888,22.027888,400.808765,36.533865,17.780876,23.011952,754.681275,525.083665,600,ODO,3/6/2025,,PBNDS 2011 - 2016 Revised,Pass
2025-06-09,ELIZABETH CONTRACT DETENTION FACILITY,625 EVANS STREET,ELIZABETH,NJ,07201,NEW,CDF,Female/Male,16.248160,101.876494,157.545817,20.011952,7.832669,61.888446,206.366534,2.103586,16.908367,6.378486,9.960159,13.382470,257.545817,175.633466,285,ODO,12/5/2024,,PBNDS 2011 - 2016 Revised,Pass
2025-06-09,ELOY FEDERAL CONTRACT FACILITY,1705 EAST HANNA RD.,ELOY,AZ,85131,PHO,DIGSA,Female/Male,38.511584,1027.693227,65.685259,134.314741,142.569721,176.517928,548.494024,88.274900,556.976096,103.250996,49.713147,71.705179,1145.593625,797.446215,900,ODO,10/31/2024,,PBNDS 2011 - 2016 Revised,Pass
2025-06-09,ERIE COUNTY JAIL,DEPARTMENT OF CORRECTIONS 1618 ASH STREET,ERIE,PA,16503,PHI,USMS IGA,Female/Male,7.785714,5.123506,2.513944,1.374502,0.669323,1.844622,7.633466,0.000000,0.203187,0.015936,0.007968,0.011952,9.645418,5.067729,N/A,ORSA,3/20/2024,Scheduled,ORSA NDS 2019,Pass
2025-06-09,ETOWAH COUNTY JAIL (ALABAMA),827 FORREST AVENUE,GADSDEN,AL,35901,NOL,USMS IGA,Male,4.249802,10.027888,4.235060,6.023904,2.266932,8.207171,11.163347,1.207171,1.976096,0.135458,0.195219,0.159363,22.063745,14.840637,N/A,ODO,,,NDS 2000,Pass
2025-06-09,FAYETTE COUNTY DETENTION CENTER,600 OLD FRANKFORD CR,LEXINGTON,KY,40510,CHI,USMS IGA,Female/Male,1.525581,0.167331,0.282869,0.450199,0.434263,0.752988,0.525896,0.011952,0.043825,0.027888,0.003984,0.003984,1.298805,0.908367,N/A,ODO,9/12/2024,,NDS 2019,Pass
2025-06-09,FDC PHILADELPHIA,700 ARCH ST.,PHILADELPHIA,PA,19106,PHI,BOP,,9.088745,21.043825,6.557769,7.549801,9.824701,21.374502,23.601594,0.000000,0.000000,4.689243,2.203187,1.131474,36.952191,30.199203,N/A,N/A,N/A,,N/A,N/A
2025-06-09,FINNEY COUNTY JAIL,304 N. 9TH STREET,GARDEN CITY,KS,67846,CHI,IGSA,Female/Male,1.821918,0.211155,0.569721,0.254980,0.031873,0.438247,0.581673,0.015936,0.031873,0.007968,0.007968,0.000000,1.051793,0.864542,N/A,ORSA,1/26/2024,Scheduled,ORSA NDS 2019,Pass
2025-06-09,FLORENCE SERVICE PROCESSING CENTER,3250 NORTH PINAL PARKWAY,FLORENCE,AZ,85132,PHO,SPC,Male,13.047633,304.346614,78.964143,3.211155,2.055777,87.350598,300.832669,0.183267,0.211155,1.992032,6.099602,34.709163,345.776892,226.697211,392,ODO,2/13/2025,,PBNDS 2011 - 2016 Revised,Pass
2025-06-09,FLORENCE STAGING FACILITY,3250 NORTH PINAL PARKWAY,FLORENCE,AZ,85232,PHO,STAGING,Male,2.086703,95.820717,41.478088,32.039841,13.888446,63.537849,112.334661,3.151394,4.203187,3.996016,2.665339,4.087649,172.478088,134.533865,N/A,ODO,12/12/2024,,PBNDS 2011 - 2016 Revised,Pass
2025-06-09,FLOYD COUNTY JAIL,2526 NEW CALHOUN HWY,ROME,GA,30161,ATL,USMS IGA,Female/Male,2.125926,0.235060,0.756972,0.119522,0.063745,0.334661,0.601594,0.059761,0.179283,0.000000,0.000000,0.000000,1.175299,0.653386,N/A,,,,,
2025-06-09,FOLKSTON ANNEX IPC,3424 HIGHWAY 252 EAST,FOLKSTON,GA,31537,ATL,DIGSA,Male,42.267006,184.454183,39.521912,39.669323,14.131474,67.438247,210.183267,0.000000,0.155378,8.027888,6.219124,8.956175,254.573705,195.059761,338,ODO,1/30/2025,,PBNDS 2011 - 2016 Revised,Pass
2025-06-09,FOLKSTON MAIN IPC,3026 HWY 252 EAST,FOLKSTON,GA,31537,ATL,DIGSA,Male,41.557682,336.940239,152.035857,98.577689,44.426295,176.262948,455.239044,0.430279,0.047809,17.338645,15.637450,23.139442,575.864542,448.282869,544,ODO,1/30/2025,,PBNDS 2011 - 2016 Revised,Pass
2025-06-09,FREEBORN COUNTY ADULT DETENTION CENTER,411 SOUTH BROADWAY AVENUE,ALBERT LEA,MN,56007,SPM,IGSA,Male,43.790974,15.266932,13.231076,37.545817,11.597610,43.565737,33.988048,0.000000,0.087649,9.585657,3.776892,4.023904,60.254980,61.896414,N/A,ODO,3/6/2025,,NDS 2019,Pass
2025-06-09,GEAUGA COUNTY JAIL,12450 MERRITT DR,CHARDON,OH,44024,DET,USMS IGA,Female/Male,46.000000,23.179283,10.860558,6.235060,2.362550,15.386454,19.091633,1.163347,6.996016,2.286853,2.509960,1.868526,35.972112,32.776892,N/A,ODO,1/30/2025,,NDS 2019,Pass
2025-06-09,GLADES COUNTY DETENTION CENTER,1297 EAST SR 78,MOORE HAVEN,FL,33471,MIA,IGSA,Female/Male,15.754266,14.964143,5.390438,16.135458,16.924303,28.179283,24.972112,0.262948,0.000000,4.227092,2.474104,2.187251,44.525896,39.055777,500,ODO,,,NDS 2019,Pass
2025-06-09,GOLDEN STATE ANNEX,611 FRONTAGE RD,MCFARLAND,CA,93250,SFR,CDF,Female/Male,84.282204,204.876494,67.772908,128.314741,172.932271,291.641434,282.095618,0.000000,0.159363,129.286853,20.247012,12.151394,412.211155,340.904382,560,ODO,1/30/2025,,PBNDS 2011 - 2016 Revised,Pass
2025-06-09,GRAND FORKS COUNTY CORRECTIONAL FACILITY,1701 NORTH WASHINGTON ST,GRAND FORKS,ND,58203,SPM,USMS IGA,Female/Male,4.899563,0.482072,0.605578,3.565737,0.115538,1.812749,2.860558,0.043825,0.051793,0.000000,0.135458,0.127490,4.505976,3.027888,N/A,ODO,7/11/2024,Scheduled,NDS 2019,Pass
2025-06-09,GRAYSON COUNTY JAIL,320 SHAW STATION ROAD,LEITCHFIELD,KY,42754,CHI,USMS IGA,Female/Male,11.922170,17.741036,5.254980,12.330677,4.155378,4.940239,2.370518,13.585657,18.585657,4.848606,2.725100,4.689243,27.219124,27.223108,N/A,ODO,8/22/2024,Scheduled,NDS 2019,Pass
2025-06-09,GREENE COUNTY JAIL,1199 N HASELTINE RD,SPRINGFIELD,MO,65802,CHI,USMS IGA,Female/Male,19.996483,40.314741,14.035857,29.175299,18.079681,45.143426,48.478088,2.418327,5.565737,10.494024,5.840637,4.482072,80.788845,83.099602,N/A,N/A,N/A,,N/A,N/A
2025-06-09,HANCOCK COUNTY PUBLIC SAFETY COMPLEX,8450 HIGHWAY 90,BAY ST. LOUIS,MS,39520,NOL,IGSA,Female/Male,2.003730,10.645418,5.832669,4.087649,1.103586,5.274900,14.171315,0.314741,1.908367,0.075697,0.183267,0.055777,21.354582,14.697211,N/A,ODO,5/8/2025,,NDS 2019,Pass
2025-06-09,HARDIN COUNTY JAIL,1116 14TH AVENUE,ELDORA,IA,50627,SPM,IGSA,Female/Male,13.594595,1.183267,0.964143,1.661355,0.247012,2.318725,1.565737,0.000000,0.171315,0.394422,0.322709,0.533865,2.804781,2.669323,N/A,N/A,N/A,,N/A,N/A
2025-06-09,HENDERSON DETENTION,18 E BASIC ROAD,HENDERSON,NV,89015,SLC,USMS IGA,Female/Male,25.637419,16.131474,23.183267,22.776892,9.517928,35.776892,19.988048,9.151394,6.693227,11.306773,7.007968,5.848606,47.446215,57.000000,N/A,ODO,9/19/2024,Scheduled,NDS 2019,Pass
2025-06-09,HONOLULU FEDERAL DETENTION CENTER,351 ELLIOTT ST.,HONOLULU,HI,96819,SFR,BOP,Female/Male,41.358289,3.848606,11.278884,15.892430,3.812749,17.844622,11.984064,0.573705,4.430279,10.278884,4.223108,2.422311,17.908367,26.191235,N/A,N/A,N/A,,N/A,N/A
2025-06-09,HOPKINS COUNTY JAIL,2250 LAFOON TRAIL,MADISONVILLE,KY,42431,CHI,USMS IGA,,7.423729,4.055777,1.541833,3.454183,0.944223,3.952191,5.258964,0.075697,0.709163,1.187251,0.752988,1.167331,6.888446,3.689243,N/A,N/A,N/A,,N/A,N/A
2025-06-09,HOUSTON CONTRACT DETENTION FACILITY,15850 EXPORT PLAZA DRIVE,HOUSTON,TX,77032,HOU,CDF,Female/Male,47.903467,709.824701,74.956175,29.880478,9.876494,44.087649,448.139442,23.043825,309.266932,19.019920,17.382470,20.422311,767.713147,496.366534,750,ODO,1/30/2025,,PBNDS 2011 - 2016 Revised,Pass
2025-06-09,IAH SECURE ADULT DETENTION FACILITY (POLK),3400 FM 350 SOUTH,LIVINGSTON,TX,77351,HOU,DIGSA,Male,35.372291,616.195219,125.386454,42.741036,14.904382,95.330677,703.800797,0.000000,0.095618,20.458167,16.035857,38.231076,724.501992,449.549801,350,ODO,2/13/2025,,NDS 2019,Pass
2025-06-09,IMPERIAL REGIONAL DETENTION FACILITY,1572 GATEWAY,CALEXICO,CA,92231,SND,CDF,Female/Male,58.495696,567.517928,31.191235,30.780876,36.139442,85.382470,519.023904,1.358566,59.864542,33.581673,13.537849,13.123506,605.386454,238.533865,640,ODO,1/16/2025,,PBNDS 2011 - 2016 Revised,Pass
2025-06-09,JACKSON PARISH CORRECTIONAL CENTER,327 INDUSTRIAL DRIVE,JONESBORO,LA,71251,NOL,DIGSA,Female/Male,31.772756,919.756972,112.657371,4.254980,1.446215,41.366534,990.920319,1.055777,4.772908,3.386454,5.557769,16.426295,1012.745020,457.681275,500,ODO,12/12/2024,,PBNDS 2011 - 2016 Revised,Pass
2025-06-09,JEFFERSON COUNTY JAIL,219 EAST FREMONT AVENUE,RIGBY,ID,83442,SLC,IGSA,Female/Male,2.608108,1.043825,1.633466,1.346614,0.725100,3.474104,1.203187,0.039841,0.031873,0.087649,0.159363,0.095618,4.406375,3.872510,N/A,ODO,7/18/2024,,NDS 2019,Pass
2025-06-09,JOE CORLEY PROCESSING CTR,500 HILBIG RD,CONROE,TX,77301,HOU,IGSA,Female/Male,43.633754,674.410359,101.960159,26.286853,13.386454,83.111554,732.852590,0.000000,0.079681,25.278884,15.490040,27.414343,747.860558,680.505976,N/A,ODO,12/19/2024,,NDS 2019,Pass
2025-06-09,JTF CAMP SIX,AVENUE C PSC 1005 BOX 55,FPO,FL,34009,MIA,DOD,,9.465839,0.848606,0.605578,5.338645,6.338645,6.442231,6.689243,0.000000,0.000000,2.637450,1.470120,1.183267,7.840637,13.131474,N/A,N/A,N/A,,N/A,N/A
2025-06-09,KANDIYOHI COUNTY JAIL,2201 23RD ST NE,WILLMAR,MN,56201,SPM,IGSA,Female/Male,49.017673,28.187251,20.621514,72.023904,23.788845,72.741036,59.808765,7.657371,4.414343,24.306773,12.163347,8.270916,99.880478,113.003984,N/A,ODO,3/13/2025,,NDS 2019,Pass
2025-06-09,KARNES COUNTY IMMIGRATION PROCESSING CENTER,409 FM 1144,KARNES CITY,TX,78118,SNA,DIGSA,Female/Male,29.985822,804.402390,54.350598,1.314741,0.247012,33.517928,579.788845,8.529880,238.478088,1.099602,4.569721,26.928287,827.717131,482.864542,928,ODO,9/19/2024,Scheduled,PBNDS 2011 - 2016 Revised,Pending Final Report
2025-06-09,KAY CO JUSTICE FACILITY,1101 WEST DRY ROAD,NEWKIRK,OK,74647,CHI,IGSA,Female/Male,25.612159,38.804781,29.159363,22.832669,13.665339,48.422311,55.968127,0.000000,0.071713,10.290837,8.426295,7.418327,78.326693,88.466135,N/A,ODO,3/7/2025,,NDS 2019,Pass
2025-06-09,KENTON COUNTY JAIL,303 COURT STREET,COVINGTON,KY,41011,CHI,IGSA,Female/Male,6.687500,2.035857,0.438247,1.179283,0.203187,1.163347,2.605578,0.087649,0.000000,0.462151,0.035857,0.609562,2.749004,1.135458,N/A,,,,,
2025-06-09,KROME NORTH SERVICE PROCESSING CENTER,18201 SW 12TH ST,MIAMI,FL,33194,MIA,SPC,Male,17.158555,199.278884,60.151394,300.932271,285.031873,444.948207,399.191235,0.808765,0.446215,82.741036,30.549801,29.127490,702.976096,557.075697,450,ODO,5/1/2025,,PBNDS 2011 - 2016 Revised,Pass
2025-06-09,LA PAZ COUNTY ADULT DETENTION FACILITY,1109 ARIZONA AVE.,PARKER,AZ,85344,PHO,USMS IGA,Female/Male,1.907692,0.163347,0.852590,0.003984,0.000000,0.741036,0.239044,0.003984,0.035857,0.031873,0.039841,0.163347,0.784861,0.768924,N/A,ODO,7/31/2024,,NDS 2019,Pass
2025-06-09,LA SALLE COUNTY REGIONAL DETENTION CENTER,832 EAST TEXAS STATE HIGHWAY 44,ENCINAL,TX,78019,SNA,USMS IGA,Male,21.109948,46.597610,2.920319,0.103586,0.362550,4.880478,45.103586,0.000000,0.000000,0.043825,0.103586,2.617530,47.219124,28.282869,N/A,,2/7/2025,,ORSA NDS 2019,Pending Final Report
2025-06-09,LAREDO PROCESSING CENTER,4702 EAST SAUNDERS STREET,LAREDO,TX,78041,HLG,DIGSA,Female/Male,30.800883,329.760956,9.665339,8.031873,8.239044,0.446215,4.450199,18.800797,332.000000,4.589641,4.111554,8.422311,338.573705,197.231076,N/A,ODO,3/20/2025,,NDS 2019,Pass
2025-06-09,LAUREL COUNTY SHERIFFS JAIL,203 SOUTH BROAD ST.,LONDON,KY,40741,CHI,USMS IGA,Female/Male,2.689873,0.725100,0.557769,0.370518,0.247012,0.529880,0.354582,0.243028,0.772908,0.000000,0.007968,0.000000,1.892430,1.135458,N/A,N/A,N/A,,N/A,N/A
2025-06-09,LEAVENWORTH US PENITENTIARY,1300 METROPOLITAN AVE.,LEAVENWORTH,KS,66048,CHI,BOP,Female/Male,23.431472,11.796813,3.637450,6.494024,9.091633,18.752988,12.266932,0.000000,0.000000,7.111554,1.701195,1.804781,20.402390,30.354582,N/A,N/A,N/A,,N/A,N/A
2025-06-09,LEXINGTON COUNTY JAIL,521 GIBSON ROAD,LEXINGTON,SC,29072,ATL,USMS IGA,Female/Male,1.515406,1.314741,2.043825,0.701195,0.298805,1.884462,1.772908,0.147410,0.553785,0.011952,0.000000,0.039841,4.306773,3.227092,N/A,ODO,8/8/2024,,NDS 2019,Pass
2025-06-09,LIMESTONE COUNTY DETENTION CENTER,910 NORTH TYUS STREET,GROESBECK,TX,76642,HOU,USMS IGA,Male,11.956357,16.282869,2.250996,5.836653,4.342629,8.681275,20.031873,0.000000,0.000000,0.884462,0.107570,0.031873,27.689243,23.553785,N/A,ODO,3/27/2025,,NDS 2019,Pass
2025-06-09,LINCOLN COUNTY JAIL,3020 N JEFFERS,NORTH PLATTE,NE,69101,SPM,USMS IGA,Female/Male,5.057851,0.629482,0.832669,1.366534,0.346614,1.673307,1.354582,0.003984,0.143426,0.354582,0.000000,0.067729,2.752988,2.613546,N/A,,12/23/2024,,ORSA NDS 2019,Pending Final Report
2025-06-09,LINN COUNTY JAIL,53 3RD AVENUE BRIDGE,CEDAR RAPIDS,IA,52401,SPM,USMS IGA,Female/Male,5.588235,0.362550,0.553785,0.155378,0.123506,0.665339,0.358566,0.063745,0.107570,0.047809,0.207171,0.175299,0.764940,0.816733,N/A,ODO,,,NDS 2019,Pass
2025-06-09,LUBBOCK COUNTY DETENTION CENTER,811 MAIN STREET,LUBBOCK,TX,79401,DAL,USMS IGA,Female/Male,1.594118,0.924303,0.908367,0.318725,0.039841,0.725100,1.390438,0.003984,0.071713,0.067729,0.163347,0.051793,1.908367,1.199203,N/A,ORSA,3/26/2024,,ORSA NDS 2019,Pass
2025-06-09,MADISON COUNTY JAIL,2935 HIGHWAY 51,CANTON,MS,39046,NOL,USMS IGA,Female/Male,2.117761,1.717131,1.346614,0.940239,0.593625,1.625498,2.673307,0.035857,0.262948,0.015936,0.051793,0.055777,4.474104,3.302789,N/A,ODO,9/26/2024,,NDS 2019,Pass
2025-06-09,MAHONING COUNTY JAIL,110 FIFTH AVENUE,YOUNGSTOWN,OH,44503,DET,USMS IGA,Female/Male,14.776923,16.470120,2.159363,0.780876,0.697211,2.721116,13.717131,0.342629,3.326693,0.944223,0.637450,0.988048,17.537849,11.776892,N/A,N/A,N/A,,N/A,N/A
2025-06-09,MARION COUNTY JAIL,40 SOUTH ALABAMA STREET,INDIANAPOLIS,IN,46204,CHI,USMS IGA,Female/Male,12.714286,12.406375,6.326693,10.111554,6.378486,16.713147,18.410359,0.071713,0.027888,2.498008,2.063745,2.410359,28.250996,18.988048,N/A,ORSA,,Scheduled,ORSA NDS 2019,Pass
2025-06-09,MESA VERDE ICE PROCESSING CENTER,425 GOLDEN STATE AVE,BAKERSFIELD,CA,93301,SFR,CDF,Female/Male,191.754386,0.000000,2.924303,13.557769,34.318725,50.800797,0.000000,0.000000,0.000000,33.310757,2.107570,0.657371,14.725100,46.258964,320,ODO,4/17/2025,,PBNDS 2011 - 2016 Revised,Pass
2025-06-09,MIAMI FEDERAL DETENTION,33 NE 4 STREET,MIAMI,FL,33132,MIA,BOP,Female/Male,33.251462,13.163347,10.243028,93.537849,55.183267,91.836653,80.019920,0.270916,0.000000,21.864542,7.816733,6.896414,135.549801,94.274900,N/A,N/A,N/A,,N/A,N/A
2025-06-09,MIAMI STAGING FACILITY,UNAVAILABLE,MIAMI,FL,33101,MIA,STAGING,Female/Male,0.207388,2.139442,0.713147,0.577689,0.326693,0.450199,1.183267,0.517928,1.605578,0.075697,0.003984,0.111554,3.565737,2.589641,N/A,,,,,
2025-06-09,MIGRANT OPS CENTER MAIN A,AVENUE C PSC 1005 BOX 55,FPO,FL,34009,MIA,MOC,,11.616379,10.418327,1.310757,0.087649,0.027888,1.262948,10.581673,0.000000,0.000000,0.003984,0.199203,0.860558,10.780876,11.844622,N/A,N/A,N/A,,N/A,N/A
2025-06-09,MILLER COUNTY JAIL,2300 EAST STREET,TEXARKANA,AR,71854,NOL,USMS IGA,Female/Male,2.431373,0.390438,0.346614,0.617530,0.139442,0.812749,0.653386,0.015936,0.011952,0.000000,0.007968,0.023904,1.462151,1.031873,N/A,ORSA,3/11/2024,Scheduled,ORSA NDS 2019,Pass
2025-06-09,MONROE COUNTY DETENTION-DORM,7000 EAST DUNBAR ROAD,MONROE,MI,48161,DET,IGSA,Male,39.206759,73.474104,20.996016,3.442231,2.183267,13.302789,86.486056,0.000000,0.306773,1.717131,1.844622,4.219124,92.314741,69.908367,N/A,ODO,3/13/2025,,NDS 2019,Pass
2025-06-09,MONTGOMERY ICE PROCESSING CENTER,806 HILBIG RD,CONROE,TX,77301,HOU,CDF,Female/Male,31.261999,148.326693,586.003984,337.231076,141.051793,622.254980,479.824701,46.649402,63.884462,218.258964,140.386454,159.828685,694.139442,888.617530,750,ODO,12/5/2024,,PBNDS 2011 - 2016 Revised,Pass
2025-06-09,MOSHANNON VALLEY PROCESSING CENTER,555 GEO DRIVE,PHILIPSBURG,PA,16866,PHI,DIGSA,Female/Male,65.343845,271.968127,101.047809,544.127490,402.741036,708.745020,562.131474,26.350598,22.657371,214.354582,71.820717,81.187251,952.521912,897.482072,800,ODO,3/6/2025,,PBNDS 2011 - 2016 Revised,Pass
2025-06-09,MUSCATINE COUNTY JAIL,400 WALNUT STREET,MUSCATINE,IA,52761,SPM,USMS IGA,Female/Male,14.250000,1.609562,3.243028,0.215139,0.573705,2.780876,2.422311,0.183267,0.254980,0.270916,0.215139,0.589641,4.565737,4.195219,N/A,N/A,N/A,,N/A,N/A
2025-06-09,NASSAU COUNTY CORRECTIONAL CENTER,100 CARMAN AVENUE,EAST MEADOW,NY,11554,NYC,USMS IGA,Female/Male,2.108879,6.247012,0.844622,1.031873,0.713147,2.282869,6.533865,0.011952,0.007968,0.011952,0.019920,0.111554,8.693227,7.095618,N/A,N/A,N/A,,N/A,N/A
2025-06-09,NEVADA SOUTHERN DETENTION CENTER,2190 EAST MESQUITE AVENUE,PAHRUMP,NV,89060,SLC,USMS CDF,Female/Male,31.585441,106.772908,109.884462,63.410359,43.083665,202.027888,120.832669,0.183267,0.107570,51.625498,26.402390,24.163347,220.960159,242.027888,N/A,ODO,3/27/2025,,NDS 2019,Pass
2025-06-09,NEW HANOVER COUNTY JAIL,3950 JUVENILE RD,CASTLE HAYNE,NC,28429,ATL,USMS IGA,Female/Male,2.335329,0.450199,0.266932,0.338645,0.521912,0.968127,0.581673,0.011952,0.015936,0.027888,0.000000,0.000000,1.549801,1.147410,N/A,ODO,8/22/2024,,NDS 2019,Pass
2025-06-09,NORTHEAST OHIO CORRECTIONAL CENTER,2240 HUBBARD ROAD,YOUNGSTOWN,OH,44505,DET,USMS IGA,Male,18.549372,40.768924,16.828685,11.059761,9.593625,24.581673,53.653386,0.000000,0.015936,7.123506,3.155378,4.282869,63.689243,51.733068,N/A,N/A,N/A,,N/A,N/A
2025-06-09,NORTHWEST ICE PROCESSSING CENTER,1623 E. J STREET,TACOMA,WA,98421,SEA,CDF,Female/Male,70.046752,539.394422,108.063745,200.282869,204.537849,373.354582,562.207171,42.920319,73.796813,152.804781,36.928287,26.892430,835.653386,788.577689,"1,181",ODO,1/30/2025,,PBNDS 2011 - 2016 Revised,Pass
2025-06-09,NORTHWEST STATE CORRECTIONAL CENTER,3649 LOWER NEWTON ROAD,SWANTON,VT,05488,BOS,USMS IGA,Female/Male,4.961995,8.115538,0.398406,0.314741,0.115538,0.625498,8.286853,0.000000,0.031873,0.000000,0.003984,0.000000,8.940239,4.960159,N/A,ODO,6/27/2024,Scheduled,NDS 2019,Pass
2025-06-09,OLDHAM COUNTY JAIL,100 W MAIN STREET,LA GRANGE,KY,40031,CHI,USMS IGA,Female/Male,9.683566,16.183267,3.924303,8.219124,6.705179,17.868526,16.087649,0.119522,0.956175,2.884462,2.960159,3.123506,26.063745,20.063745,N/A,ODO,9/19/2024,Scheduled,NDS 2019,Pass
2025-06-09,ORANGE COUNTY JAIL (FL),3855 SOUTH JOHN YOUNG PARKWAY,ORLANDO,FL,32839,MIA,USMS IGA,Female/Male,1.827850,3.525896,2.007968,3.107570,1.175299,2.780876,5.191235,0.494024,1.350598,0.067729,0.011952,0.063745,9.673307,5.653386,N/A,ODO,8/15/2024,Scheduled,NDS 2019,Pass
2025-06-09,ORANGE COUNTY JAIL (NY),110 WELLS FARM ROAD,GOSHEN,NY,10924,NYC,IGSA,Female/Male,39.786792,33.864542,24.705179,28.366534,24.581673,70.557769,40.960159,0.000000,0.000000,13.302789,12.772908,12.581673,72.860558,70.988048,N/A,ODO,12/12/2024,Scheduled,NDS 2019,Pass
2025-06-09,OTAY MESA DETENTION CENTER,7488 CALZADA DE LA FUENTE,SAN DIEGO,CA,92154,SND,CDF,Female/Male,29.212892,782.912351,443.239044,61.490040,58.159363,174.960159,913.653386,16.756972,240.430279,63.760956,29.334661,26.585657,1226.119522,543.023904,750,ODO,11/7/2024,,PBNDS 2011 - 2016 Revised,Pass
2025-06-09,OTERO COUNTY PROCESSING CENTER,26 MCGREGOR RANGE ROAD,CHAPARRAL,NM,88081,ELP,DIGSA,Female/Male,31.174598,655.139442,105.549801,50.123506,21.486056,156.366534,522.625498,7.486056,145.820717,23.808765,20.960159,50.258964,737.270916,691.609562,500,ODO,11/7/2024,Scheduled,PBNDS 2011 - 2016 Revised,Pass
2025-06-09,OZARK COUNTY SHERIFF'S OFFICE,1818 COUNTY ROAD 806,GAINESVILLE,MO,65655,CHI,IGSA,,1.179487,0.525896,0.330677,0.310757,0.123506,0.430279,0.840637,0.011952,0.007968,0.003984,0.003984,0.000000,1.282869,1.243028,N/A,,,,,
2025-06-09,PENNINGTON COUNTY JAIL (SOUTH DAKOTA),300 KANSAS CITY STREET NONE,RAPID CITY,SD,57701,SPM,USMS IGA,Female/Male,5.057143,0.266932,0.637450,0.613546,0.119522,0.569721,1.051793,0.000000,0.015936,0.000000,0.123506,0.059761,1.454183,1.219124,N/A,ORSA,3/8/2024,Scheduled,ORSA NDS 2019,Pass
2025-06-09,PHELPS COUNTY JAIL (MO),301 W. 2ND,ROLLA,MO,65401,CHI,USMS IGA,,11.423729,3.111554,2.848606,4.103586,1.019920,4.167331,6.011952,0.135458,0.768924,0.191235,0.239044,0.601594,10.051793,8.772908,N/A,N/A,N/A,,N/A,N/A
2025-06-09,PHELPS COUNTY JAIL (NE),715 5TH AVENUE,HOLDREGE,NE,68949,SPM,USMS IGA,Female/Male,39.940299,2.290837,6.812749,11.235060,10.326693,24.653386,4.864542,0.856574,0.290837,2.450199,1.581673,2.175299,24.458167,26.450199,N/A,ODO,2/6/2025,,NDS 2019,Pass
2025-06-09,PICKENS COUNTY DET CTR,188 CEMETERY ST,CARROLLTON,AL,35447,NOL,IGSA,Female/Male,3.010533,11.565737,10.952191,10.737052,4.661355,14.398406,18.952191,2.402390,2.163347,0.398406,0.752988,0.764940,36.000000,31.434263,N/A,ODO,8/6/2024,Scheduled,NDS 2019,Pass
2025-06-09,PIKE COUNTY JAIL,175 PIKE COUNTY BOULEVARD,LORDS VALLEY,PA,18428,PHI,IGSA,Male,42.655446,100.039841,25.115538,33.306773,26.597610,70.274900,114.768924,0.000000,0.015936,11.832669,8.764940,11.581673,152.880478,143.609562,100,ODO,2/27/2025,,PBNDS 2011 - 2016 Revised,Pass
2025-06-09,PINE PRAIRIE ICE PROCESSING CENTER,1133 HAMPTON DUPRE ROAD,PINE PRAIRIE,LA,70576,NOL,DIGSA,Male,11.314471,333.167331,140.326693,160.422311,97.792829,279.673307,451.219124,0.075697,0.741036,36.211155,28.872510,28.641434,637.984064,658.191235,N/A,ODO,4/10/2025,,PBNDS 2011 - 2016 Revised,Pass
2025-06-09,PINELLAS COUNTY JAIL,14400 49TH STREET NORTH,CLEARWATER,FL,33762,MIA,USMS IGA,Female/Male,1.505370,3.577689,2.952191,2.840637,0.804781,3.876494,5.541833,0.207171,0.549801,0.007968,0.035857,0.051793,10.079681,6.422311,N/A,ODO,9/26/2024,Scheduled,NDS 2019,Pass
2025-06-09,PLATTE COUNTY JAIL,850 MAPLE STREET,WHEATLAND,WY,82201,DEN,USMS IGA,Female/Male,1.948498,0.625498,0.553785,0.454183,0.179283,0.948207,0.844622,0.000000,0.019920,0.111554,0.039841,0.031873,1.629482,1.426295,N/A,ORSA,6/12/2025,,ORSA NDS 2019,Pass
2025-06-09,PLYMOUTH COUNTY CORRECTIONAL FACILITY,26 LONG POND ROAD,PLYMOUTH,MA,02360,BOS,IGSA,Male,38.745697,163.326693,25.996016,135.816733,106.314741,143.219124,286.709163,0.402390,1.123506,34.294821,10.605578,10.936255,375.617530,263.964143,N/A,ODO,11/21/2024,,NDS 2019,Pass
2025-06-09,POLK COUNTY JAIL,1985 NE 51ST PLACE,DES MOINES,IA,50313,SPM,USMS IGA,Female/Male,32.261494,7.099602,12.430279,10.083665,9.972112,31.613546,7.494024,0.167331,0.310757,2.697211,0.581673,2.199203,34.107570,35.031873,N/A,ODO,2/16/2025,,NDS 2019,Fail
2025-06-09,PORT ISABEL SPC,27991 BUENA VISTA BOULEVARD,LOS FRESNOS,TX,78566,HLG,SPC,Female/Male,14.037308,991.940239,33.486056,5.175299,6.633466,134.621514,900.920319,0.549801,1.143426,28.537849,33.151394,54.717131,920.828685,613.844622,650,ODO,3/27/2025,,PBNDS 2011 - 2016 Revised,Pass
2025-06-09,POTTAWATTAMIE COUNTY JAIL,1400 BIG LAKE ROAD,COUNCIL BLUFFS,IA,51501,SPM,USMS IGA,Female/Male,21.901408,2.920319,4.940239,12.163347,15.573705,29.952191,4.390438,0.490040,0.764940,7.414343,1.884462,1.310757,24.988048,30.996016,N/A,ODO,10/24/2024,Scheduled,NDS 2019,Pass
2025-06-09,PRAIRIELAND DETENTION CENTER,1209 SUNFLOWER LN,ALVARADO,TX,76009,DAL,DIGSA,Female/Male,21.158999,310.940239,94.828685,221.430279,134.007968,282.179283,410.569721,24.713147,43.745020,84.027888,49.302789,38.127490,589.749004,482.820717,525,ODO,12/19/2024,,PBNDS 2011 - 2016 Revised,Pass
2025-06-09,PRINCE EDWARD COUNTY (FARMVILLE),508 WATERWORKS ROAD,FARMVILLE,VA,23901,WAS,DIGSA,Male,48.601268,177.358566,85.474104,148.398406,138.936255,293.227092,256.764940,0.000000,0.175299,71.302789,29.434263,35.199203,414.231076,353.816733,459,ODO,12/19/2024,,PBNDS 2011 - 2016 Revised,Pass
2025-06-09,PUTNAM COUNTY SHERIFF,421 E SPRING ST.,COOKEVILLE,TN,38501,NOL,USMS IGA,,1.828859,0.796813,0.852590,0.410359,0.143426,1.239044,0.964143,0.000000,0.000000,0.011952,0.007968,0.003984,2.179283,1.509960,N/A,,,,,
2025-06-09,RICHWOOD CORRECTIONAL CENTER,180 PINE BAYOU CIRCLE,MONROE,LA,71202,NOL,DIGSA,Male,42.659334,780.848606,53.876494,25.195219,17.721116,46.533865,72.199203,19.231076,739.677291,19.103586,11.306773,20.139442,827.091633,376.641434,677,ODO,11/7/2024,,PBNDS 2011 - 2016 Revised,Pass
2025-06-09,RIO GRANDE DETENTION CENTER,1001 SAN RIO BOULEVARD,LAREDO,TX,78046,HLG,USMS CDF,Male,35.719391,611.601594,14.322709,0.984064,0.828685,32.466135,595.051793,0.000000,0.219124,2.649402,7.569721,19.745020,597.772908,373.059761,275,ODO,1/9/2025,,NDS 2019,Pass
2025-06-09,RIVER CORRECTIONAL CENTER,26362 HIGHWAY 15,FERRIDAY,LA,71334,NOL,DIGSA,Male,83.221068,474.450199,75.490040,4.151394,0.856574,24.131474,530.179283,0.207171,0.430279,2.207171,3.908367,9.159363,539.673307,345.908367,361,ODO,11/21/2024,,PBNDS 2011 - 2016 Revised,Pass
2025-06-09,SAIPAN DEPARTMENT OF CORRECTIONS (SUSUPE),"VICENTE T. SEMAN BLDG, CIVIC CENTER",SAIPAN,MP,96950,SFR,USMS IGA,Female/Male,35.066667,2.992032,2.593625,0.533865,0.000000,3.111554,2.274900,0.000000,0.733068,1.952191,0.517928,0.000000,3.649402,5.175299,N/A,ORSA,4/11/2025,,ORSA NDS 2019,Pending Final Report
2025-06-09,SALT LAKE COUNTY METRO JAIL,3415 SOUTH 900 WEST,SALT LAKE CITY,UT,84119,SLC,USMS IGA,Female/Male,1.723624,1.171315,4.262948,0.446215,0.131474,3.840637,1.693227,0.215139,0.262948,0.621514,0.195219,0.191235,5.003984,5.027888,N/A,ODO,9/27/2024,,NDS 2019,Fail
2025-06-09,SAN LUIS REGIONAL DETENTION CENTER,406 NORTH AVENUE D,SAN LUIS,AZ,85349,SND,IGSA,Female/Male,11.697003,99.613546,31.840637,3.888446,9.868526,17.924303,97.776892,1.059761,28.450199,6.597610,1.936255,1.685259,134.992032,116.087649,100,ODO,9/26/2024,,NDS 2019,Pass
2025-06-09,SARPY COUNTY JAIL,1208 GOLDEN GATE DRIVE,PAPILLION,NE,68046,SPM,USMS IGA,Female/Male,10.846154,0.358566,0.430279,0.286853,0.306773,1.250996,0.131474,0.000000,0.000000,0.282869,0.458167,0.195219,0.446215,1.031873,N/A,,,,,
2025-06-09,SEBASTIAN COUNTY DETENTION CENTER,801 SOUTH A STREET,FORT SMITH,AR,72901,NOL,USMS IGA,Female/Male,1.810256,0.657371,0.326693,0.282869,0.155378,0.609562,0.713147,0.063745,0.035857,0.011952,0.007968,0.015936,1.386454,1.119522,N/A,N/A,N/A,,N/A,N/A
2025-06-09,SENECA COUNTY JAIL,3040 SOUTH STATE HIGHWAY 100,TIFFIN,OH,44883,DET,IGSA,Female/Male,40.596330,23.254980,11.207171,12.745020,13.498008,34.254980,22.163347,2.342629,1.944223,7.964143,3.290837,4.490040,44.960159,49.079681,N/A,ODO,10/31/2024,,NDS 2019,Pass
2025-06-09,SHERBURNE COUNTY JAIL,13880 BUSINESS CENTER DRIVE,ELK RIVER,MN,55330,SPM,IGSA,Female/Male,23.881543,8.812749,13.243028,21.187251,5.378486,25.147410,20.661355,1.422311,1.390438,8.541833,3.880478,2.896414,33.302789,39.446215,N/A,ODO,5/2/2024,Scheduled,NDS 2019,Pass
2025-06-09,SOUTH CENTRAL REGIONAL JAIL,1001 CENTER WAY,CHARLESTON,WV,25309,PHI,IGSA,Female/Male,8.167513,3.402390,2.310757,3.003984,0.976096,4.557769,5.099602,0.000000,0.035857,0.689243,0.525896,0.685259,7.792829,7.410359,N/A,ODO,9/26/2024,Scheduled,NDS 2019,Pass
2025-06-09,SOUTH LOUISIANA ICE PROCESSING CENTER,3843 STAGG AVENUE,BASILE,LA,70515,NOL,DIGSA,Female/Male,38.287764,600.474104,106.135458,120.258964,43.669323,3.872510,4.223108,130.306773,732.135458,56.382470,30.095618,26.366534,757.693227,546.282869,700,ODO,3/6/2025,,PBNDS 2011 - 2016 Revised,Pass
2025-06-09,SOUTH TEXAS ICE PROCESSING CENTER,566 VETERANS DRIVE,PEARSALL,TX,78061,SNA,CDF,Female/Male,55.027664,1235.243028,139.247012,205.677291,81.820717,381.513944,1232.557769,25.593625,22.322709,88.804781,79.637450,187.585657,1305.960159,1076.665339,"1,350",ODO,2/6/2025,,PBNDS 2011 - 2016 Revised,Pass
2025-06-09,ST. CLAIR COUNTY JAIL,1170 MICHIGAN ROAD,PORT HURON,MI,48060,DET,IGSA,Male,43.393720,41.131474,12.944223,9.633466,5.593625,20.505976,48.796813,0.000000,0.000000,4.593625,4.266932,3.553785,56.888446,57.824701,N/A,ODO,9/19/2024,Scheduled,NDS 2019,Pass
2025-06-09,STE. GENEVIEVE COUNTY SHERIFF/JAIL,5 BASLER DR.,STE. GENEVIEVE,MO,63670,CHI,USMS IGA,,15.616822,2.988048,8.613546,5.274900,1.370518,5.561753,11.247012,0.227092,1.211155,0.649402,0.342629,0.980080,16.274900,11.840637,N/A,N/A,N/A,,N/A,N/A
2025-06-09,STEWART DETENTION CENTER,146 CCA ROAD,LUMPKIN,GA,31815,ATL,DIGSA,Female/Male,51.717813,793.494024,285.796813,425.617530,323.119522,736.824701,876.286853,48.908367,166.007968,199.788845,122.215139,107.131474,1398.892430,1222.633466,"1,600",ODO,3/20/2025,,PBNDS 2011 - 2016 Revised,Pass
2025-06-09,STRAFFORD COUNTY CORRECTIONS,266 COUNTY FARM ROAD,DOVER,NH,03820,BOS,IGSA,Female/Male,59.748219,10.007968,0.988048,50.406375,39.653386,44.000000,42.645418,6.362550,8.047809,13.701195,6.151394,8.159363,73.043825,63.195219,N/A,ODO,3/27/2025,,NDS 2019,Pass
2025-06-09,SWEETWATER COUNTY JAIL,50140 UNITED STATES HIGHWAY 191 SOUTH,ROCK SPRINGS,WY,82935,DEN,USMS IGA,Female/Male,3.180000,0.203187,0.513944,0.525896,0.043825,0.820717,0.338645,0.047809,0.079681,0.000000,0.019920,0.015936,1.250996,1.135458,N/A,ORSA,5/8/2025,,ORSA NDS 2019,Pass
2025-06-09,T DON HUTTO DETENTION CENTER,1001 WELCH STREET,TAYLOR,TX,76574,SNA,DIGSA,Male,53.513725,200.063745,39.155378,118.916335,70.151394,232.450199,195.796813,0.000000,0.039841,64.083665,53.282869,97.553785,213.366534,312.924303,461,ODO,12/19/2024,,PBNDS 2011 - 2016 Revised,Pass
2025-06-09,"TORRANCE/ESTANCIA, NM",209 COUNTY ROAD 49,ESTANCIA,NM,87016,ELP,IGSA,Male,36.450269,357.525896,69.665339,5.737052,3.055777,65.852590,370.127490,0.000000,0.003984,2.358566,4.227092,21.171315,408.227092,312.071713,505,ODO,10/24/2024,,PBNDS 2011 - 2016 Revised,Pass
2025-06-09,TULSA COUNTY JAIL (DAVID L. MOSS JUSTICE CTR),300 NORTH DENVER AVENUE,TULSA,OK,74103,DAL,IGSA,Female/Male,4.816060,22.972112,8.406375,7.215139,3.569721,13.143426,24.916335,0.653386,3.450199,0.450199,0.338645,0.290837,41.083665,19.948207,N/A,ODO,9/19/2024,,NDS 2019,Pass
2025-06-09,TWO BRIDGES REGIONAL JAIL,522 BATH RD,WISCASSET,ME,04578,BOS,USMS IGA,Male,33.666667,0.000000,0.000000,4.003984,4.529880,4.143426,4.390438,0.000000,0.000000,2.529880,0.179283,0.406375,5.418327,4.717131,N/A,N/A,N/A,,N/A,N/A
2025-06-09,WALTON COUNTY JAIL,40 SHERIFF CIR,DEFUNIAK SPRINGS,FL,32433,MIA,USMS IGA,,1.781022,2.103586,0.382470,0.342629,0.199203,0.940239,2.083665,0.003984,0.000000,0.035857,0.007968,0.075697,2.908367,1.306773,N/A,N/A,N/A,,N/A,N/A
2025-06-09,WASHINGTON COUNTY DETENTION CENTER,1155 WEST CLYDESDALE DRIVE,FAYETTEVILLE,AR,72701,NOL,USMS IGA,Female/Male,1.653968,0.964143,1.211155,1.494024,0.410359,1.470120,2.350598,0.115538,0.143426,0.003984,0.003984,0.000000,4.071713,3.430279,N/A,ODO,4/24/2025,,NDS 2019,Pass
2025-06-09,WASHOE COUNTY JAIL,911 PARR BLVD 775 328 3308,RENO,NV,89506,SLC,USMS IGA,Female/Male,8.102828,1.000000,2.294821,4.247012,3.278884,7.673307,2.394422,0.410359,0.342629,1.756972,0.163347,0.402390,8.498008,9.386454,N/A,ODO,11/7/2024,,NDS 2019,Pass
2025-06-09,WEBB COUNTY DETENTION CENTER (CCA),9998 SOUTH HIGHWAY 83,LAREDO,TX,78041,HLG,DIGSA,Female/Male,29.511569,265.270916,5.553785,35.948207,53.868526,43.828685,284.167331,4.792829,27.852590,18.665339,11.689243,13.262948,317.023904,205.705179,250,ODO,2/6/2025,,PBNDS 2011 - 2016 Revised,Pass
2025-06-09,WINN CORRECTIONAL CENTER,560 GUM SPRING ROAD,WINNFIELD,LA,71483,NOL,DIGSA,Male,70.071492,992.219124,218.940239,214.996016,118.689243,335.111554,1208.633466,0.541833,0.557769,69.784861,52.079681,46.235060,1376.745020,1051.669323,946,ODO,1/16/2025,,PBNDS 2011 - 2016 Revised,Pass
2025-06-09,WOODBURY COUNTY JAIL,407 7TH STREET,SIOUX CITY,IA,51101,SPM,USMS IGA,Female/Male,10.614754,1.737052,1.278884,3.418327,2.625498,6.402390,2.087649,0.155378,0.414343,1.832669,0.721116,1.043825,5.462151,7.103586,N/A,ORSA,3/26/2024,Scheduled,ORSA NDS 2019,Pass
2025-06-09,WYATT DETENTION CENTER,950 HIGH STREET,CENTRAL FALLS,RI,02863,BOS,USMS IGA,Male,42.919762,15.354582,2.848606,46.745020,46.944223,55.836653,52.282869,1.836653,1.936255,14.055777,2.051793,1.541833,94.243028,78.597610,N/A,ODO,9/19/2024,,NDS 2019,Pass
2025-05-27,ADAMS COUNTY DET CENTER,20 HOBO FORK RD.,NATCHEZ,MS,39120,NOL,DIGSA,Female/Male,49.666783,1892.743697,258.529412,11.680672,4.823529,26.558824,2140.546218,0.000000,0.672269,2.596639,4.449580,7.743697,2152.987395,588.684874,"1,100",ODO,1/16/2025,,PBNDS 2011 - 2016 Revised,Pass
2025-05-27,ADELANTO ICE PROCESSING CENTER,10250 RANCHO ROAD,ADELANTO,CA,92301,LOS,CDF,Female/Male,36.866044,14.584034,10.626050,48.193277,66.890756,106.739496,33.554622,0.000000,0.000000,56.134454,20.445378,10.147059,53.567227,82.407563,640,ODO,7/18/2024,Scheduled,PBNDS 2011 - 2016 Revised,Pass
2025-05-27,ALAMANCE COUNTY DETENTION FACILITY,109 SOUTH MAPLE STREET,GRAHAM,NC,27253,ATL,IGSA,Female/Male,2.659251,5.676471,3.210084,5.882353,5.626050,12.710084,7.159664,0.159664,0.365546,0.592437,0.197479,0.075630,19.529412,15.386555,40,ODO,9/19/2024,Scheduled,NDS 2019,Pass
2025-05-27,ALEXANDRIA STAGING FACILITY,96 GEORGE THOMPSON DRIVE,ALEXANDRIA,LA,71303,NOL,STAGING,Male,2.567498,143.247899,50.235294,75.760504,52.546218,145.537815,175.941176,0.096639,0.214286,53.075630,31.134454,39.050420,198.529412,315.970588,N/A,ODO,2/27/2025,,PBNDS 2011 - 2016 Revised,Pass
2025-05-27,ALLEGANY COUNTY JAIL,4884 STATE ROUTE 19,BELMONT,NY,14813,BUF,IGSA,Female/Male,10.764706,3.399160,0.126050,0.046218,0.000000,0.000000,0.100840,0.268908,3.201681,0.222689,0.000000,0.000000,3.348739,1.806723,N/A,N/A,N/A,,N/A,N/A
2025-05-27,ALLEN PARISH PUBLIC SAFETY COMPLEX,7340 HIGHWAY 26 WEST,OBERLIN,LA,70655,NOL,IGSA,Male,63.750491,99.466387,29.878151,32.529412,12.966387,51.445378,123.394958,0.000000,0.000000,13.319328,9.411765,3.966387,148.142857,113.987395,170,ODO,12/12/2024,,PBNDS 2011 - 2016 Revised,Pass
2025-05-27,ATLANTA US PEN,"601 MCDONOUGH BOULEVARD, SE",ATLANTA,GA,30315,ATL,BOP,Female/Male,18.564551,21.546218,8.806723,7.063025,4.100840,16.184874,25.159664,0.172269,0.000000,1.596639,1.184874,0.798319,37.936975,37.449580,N/A,N/A,N/A,,N/A,N/A
2025-05-27,BAKER COUNTY SHERIFF DEPT.,1 SHERIFF OFFICE DRIVE,MACCLENNY,FL,32063,MIA,IGSA,Female/Male,38.659774,34.436975,35.218487,94.436975,85.247899,148.327731,58.273109,22.159664,20.579832,31.462185,16.529412,12.726891,188.621849,187.180672,192,ODO,10/24/2024,,NDS 2019,Pass
2025-05-27,BERLIN FED. CORR. INST.,1 SUCCESS LOOP DR.,BERLIN,NH,03570,BOS,BOP,,26.291209,37.521008,4.243697,11.873950,14.546218,17.668067,50.411765,0.046218,0.058824,8.273109,1.378151,5.697479,52.836134,27.012605,N/A,N/A,N/A,,N/A,N/A
2025-05-27,BLUEBONNET DETENTION FACILITY,400 2ND STREET,ANSON,TX,79501,DAL,DIGSA,Male,34.083498,367.588235,175.315126,256.050420,108.718487,342.848739,493.310924,13.546218,57.966387,76.689076,49.033613,68.861345,713.088235,566.411765,750,ODO,12/12/2024,,PBNDS 2011 - 2016 Revised,Pass
2025-05-27,BOONE COUNTY JAIL,3020 CONRAD LANE,BURLINGTON,KY,41005,CHI,USMS IGA,Female/Male,39.591385,34.462185,27.382353,36.668067,53.411765,110.105042,36.852941,4.054622,0.911765,35.063025,12.189076,13.457983,91.214286,103.710084,N/A,ODO,11/21/2024,,NDS 2019,Pass
2025-05-27,BROOME COUNTY JAIL,897 FRONT STREET,BINGHAMPTON,NY,13905,BUF,IGSA,Female/Male,4.495798,2.264706,0.155462,0.033613,0.025210,0.247899,2.172269,0.000000,0.058824,0.000000,0.000000,0.000000,2.478992,1.058824,N/A,N/A,N/A,,N/A,N/A
2025-05-27,BROWARD COUNTY JAIL,555 SE 1ST AVENUE,FT.LAUDERDALE,FL,33301,MIA,IGSA,Female/Male,1.070652,0.449580,0.239496,1.289916,0.310924,0.394958,1.680672,0.054622,0.159664,0.000000,0.000000,0.000000,2.289916,1.390756,N/A,N/A,N/A,,N/A,N/A
2025-05-27,BROWARD TRANSITIONAL CENTER,3900 NORTH POWERLINE ROAD,POMPANO BEACH,FL,33073,MIA,CDF,Female/Male,27.853079,478.941176,153.672269,6.684874,1.063025,119.214286,425.932773,15.323529,79.890756,10.659664,17.836134,22.260504,589.605042,423.626050,700,ODO,12/19/2024,,PBNDS 2011 - 2016 Revised,Pass
2025-05-27,BUFFALO SERVICE PROCESSING CENTER,4250 FEDERAL DRIVE,BATAVIA,NY,14020,BUF,SPC,Male,48.853642,260.936975,52.621849,134.504202,144.092437,257.441176,334.710084,0.000000,0.004202,100.579832,19.621849,18.659664,453.294118,445.710084,400,ODO,10/31/2024,,PBNDS 2011 - 2016 Revised,Pass
2025-05-27,BUTLER COUNTY JAIL,705 HANOVER STREET,HAMILTON,OH,45011,DET,USMS IGA,Female/Male,21.259701,39.647059,8.760504,13.084034,4.768908,17.924370,42.815126,1.063025,4.457983,3.714286,2.953782,5.533613,54.058824,41.743697,N/A,ODO,,,NDS 2019,Pass
2025-05-27,CALHOUN COUNTY CORRECTIONAL CENTER,185 EAST MICHIGAN AVENUE,BATTLE CREEK,MI,49014,DET,IGSA,Female/Male,41.063679,64.752101,33.663866,31.701681,14.029412,47.273109,83.218487,2.806723,10.848739,10.180672,5.369748,10.936975,117.659664,123.054622,75,ODO,8/22/2024,Scheduled,NDS 2019,Pass
2025-05-27,CAMPBELL CO DET CTR,601 CENTRAL AVE,NEWPORT,KY,41071,CHI,USMS IGA,,22.129630,5.634454,2.743697,5.121849,1.504202,6.268908,7.878151,0.092437,0.764706,1.714286,1.899160,1.987395,9.403361,4.579832,N/A,N/A,N/A,,N/A,N/A
2025-05-27,CAROLINE DETENTION FACILITY,11093 S.W. LEWIS MEMORIAL DRIVE,BOWLING GREEN,VA,22427,WAS,DIGSA,Female/Male,53.158460,111.668067,38.689076,67.319328,75.655462,131.294118,148.554622,8.058824,5.424370,38.970588,13.525210,16.067227,224.768908,179.386555,224,ODO,4/15/2025,,PBNDS 2011 - 2016 Revised,Pass
2025-05-27,CASS COUNTY JAIL,336 MAIN STREET,PLATTSMOUTH,NE,68048,SPM,USMS IGA,Female/Male,6.200000,0.327731,0.365546,0.710084,0.563025,1.705882,0.201681,0.000000,0.058824,0.310924,0.521008,0.394958,0.739496,1.340336,N/A,N/A,N/A,,N/A,N/A
2025-05-27,"CCA, FLORENCE CORRECTIONAL CENTER",1100 BOWLING ROAD,FLORENCE,AZ,85232,PHO,USMS IGA,Male,63.421647,65.449580,43.693277,153.529412,143.932773,255.231092,151.373950,0.000000,0.000000,50.159664,22.058824,24.495798,309.890756,267.647059,N/A,ODO,12/12/2024,,NDS 2019,Pass
2025-05-27,CENTRAL LOUISIANA ICE PROCESSING CENTER (CLIPC),830 PINEHILL ROAD,JENA,LA,71342,NOL,DIGSA,Female/Male,53.561721,407.857143,227.210084,336.210084,208.810924,500.466387,678.701681,0.336134,0.584034,98.844538,50.025210,56.794118,974.424370,907.197479,"1,170",ODO,1/9/2025,,PBNDS 2011 - 2016 Revised,Pass
2025-05-27,CHASE COUNTY JAIL,301 SOUTH WALNUT STREET,COTTONWOOD FALL,KS,66845,CHI,IGSA,Female/Male,23.788802,25.436975,21.680672,34.441176,17.865546,52.046218,39.021008,4.310924,4.046218,10.529412,4.130252,6.193277,78.571429,88.575630,N/A,ODO,3/13/2025,,NDS 2019,Pass
2025-05-27,CHIPPEWA COUNTY SSM,325 COURT STREET,SAULT STE MARIE,MI,49783,DET,IGSA,Female/Male,46.350000,11.777311,5.512605,6.957983,5.390756,11.109244,18.529412,0.000000,0.000000,4.731092,0.668067,1.529412,22.710084,25.571429,N/A,ODO,4/3/2025,,NDS 2019,Pass
2025-05-27,CHITTENDEN REGIONAL CORRECTIONAL FACILITY,7 FARRELL STREET,SOUTH BURLINGTON,VT,05403,BOS,USMS IGA,Female/Male,3.832370,2.743697,0.163866,0.016807,0.000000,0.000000,0.021008,0.218487,2.684874,0.000000,0.000000,0.021008,2.903361,1.621849,N/A,ORSA,4/12/2024,Scheduled,ORSA NDS 2019,Pass
2025-05-27,CIBOLA COUNTY CORRECTIONAL CENTER,2000 CIBOLA LOOP,MILAN,NM,87021,ELP,IGSA,Male,38.632184,157.004202,49.794118,13.466387,7.214286,30.903361,196.500000,0.075630,0.000000,7.021008,3.357143,7.764706,209.336134,188.210084,N/A,ODO,2/27/2025,,PBNDS 2011 - 2016 Revised,Pass
2025-05-27,CIMMARRON CORR FACILITY,3700 S. KINGS HWY,CUSHING,OK,74023,DAL,USMS IGA,,19.962156,69.231092,18.953782,1.394958,1.172269,17.495798,73.084034,0.000000,0.172269,1.710084,1.184874,1.663866,86.193277,57.567227,N/A,N/A,N/A,,N/A,N/A
2025-05-27,CLARK COUNTY JAIL (IN),501 EAST COURT AVE.,JEFFERSONVILLE,IN,47130,CHI,USMS IGA,,17.750000,6.815126,3.365546,2.088235,1.865546,1.142857,2.323529,3.336134,7.331933,1.575630,1.025210,1.428571,10.105042,5.403361,N/A,N/A,N/A,,N/A,N/A
2025-05-27,CLAY COUNTY JUSTICE CENTER,611 EAST JACKSON STREET,BRAZIL,IN,47834,CHI,USMS IGA,Female/Male,18.606734,66.970588,31.121849,90.453782,61.747899,136.861345,99.462185,7.592437,6.378151,32.357143,12.163866,14.008403,191.764706,171.642857,N/A,ODO,6/27/2024,Scheduled,NDS 2019,Pass
2025-05-27,CLINTON COUNTY CORRECTIONAL FACILITY,58 PINE MOUNTAIN RD.,MCELHATTAN,PA,17748,PHI,USMS IGA,Male,65.996610,5.260504,24.626050,33.613445,17.176471,70.281513,6.163866,2.785714,1.445378,22.949580,6.886555,1.432773,49.407563,66.331933,N/A,ODO,1/16/2025,,NDS 2019,Pass
2025-05-27,CLINTON COUNTY JAIL,25 MCCARTHY DRIVE,PLATTSBURGH,NY,12901,BUF,USMS IGA,Female/Male,7.750000,2.684874,0.928571,1.848739,0.159664,0.441176,0.739496,1.386555,3.054622,0.815126,0.000000,0.903361,3.903361,3.298319,N/A,ODO,1/16/2025,,NDS 2019,Pass
2025-05-27,COASTAL BEND DETENTION FACILITY,4909 FM 2826,ROBSTOWN,TX,78380,HLG,USMS IGA,Male,3.083160,8.605042,5.289916,3.693277,1.298319,5.323529,11.521008,0.302521,1.739496,1.172269,0.735294,1.436975,15.542017,17.802521,N/A,ODO,2/6/2025,,NDS 2019,Pass
2025-05-27,COLLIER COUNTY NAPLES JAIL CENTER,3347 TAMIAMI TRAIL E,NAPLES,FL,34112,MIA,IGSA,Female/Male,2.353118,6.894958,1.928571,2.651261,1.550420,6.457983,6.004202,0.222689,0.340336,0.113445,0.100840,0.285714,12.525210,8.663866,N/A,ODO,12/5/2024,,NDS 2019,Pass
2025-05-27,CORR. CTR OF NORTHWEST OHIO,"3151 ROAD 24.25, ROUTE 1",STRYKER,OH,43557,DET,USMS IGA,Male,22.705128,11.613445,2.058824,4.256303,1.420168,5.281513,9.991597,0.542017,3.533613,2.470588,1.100840,0.945378,14.831933,14.058824,N/A,N/A,N/A,,N/A,N/A
2025-05-27,CUMBERLAND COUNTY JAIL,50 COUNTY WAY,PORTLAND,ME,04102,BOS,USMS IGA,Female/Male,36.686441,8.386555,1.680672,24.642857,18.420168,21.949580,20.096639,3.483193,7.600840,7.155462,0.886555,4.046218,41.042017,37.550420,N/A,ODO,9/12/2024,Scheduled,NDS 2019,Pass
2025-05-27,DAKOTA COUNTY JAIL,1601 BROADWAY,DAKOTA CITY,NE,68731,SPM,USMS IGA,Female/Male,13.055794,2.865546,3.928571,6.626050,2.764706,10.806723,4.294118,0.197479,0.886555,0.710084,0.726891,2.189076,12.558824,10.592437,N/A,ORSA,12/7/2024,,ORSA NDS 2019,Pass
2025-05-27,DALLAS COUNTY JAIL - LEW STERRETT JUSTICE CENTER,111 WEST COMMERCE STREET,DALLAS,TX,75202,DAL,USMS IGA,Female/Male,1.261047,7.844538,0.000000,0.008403,0.008403,2.899160,4.361345,0.168067,0.432773,0.004202,0.021008,0.008403,7.827731,3.978992,N/A,ODO,7/18/2024,,NDS 2019,Pass
2025-05-27,DELANEY HALL DETENTION FACILITY,451 DOREMUS AVENUE,NEWARK,NJ,07105,NEW,CDF,Female/Male,4.887500,10.390756,3.802521,6.995798,3.626050,6.600840,15.668067,0.369748,2.176471,2.302521,0.932773,2.558824,19.021008,11.953782,700,N/A,N/A,,N/A,N/A
2025-05-27,DENVER CONTRACT DETENTION FACILITY,3130 OAKLAND ST,AURORA,CO,80010,DEN,CDF,Female/Male,72.449827,580.449580,211.794118,206.226891,151.394958,301.684874,778.281513,19.869748,50.029412,117.063025,57.243697,52.189076,923.369748,722.626050,600,ODO,2/13/2025,,PBNDS 2011 - 2016 Revised,Pass
2025-05-27,DEPARTMENT OF CORRECTIONS HAGATNA,203 ASPINAL AVE. PO BOX 3236,HAGATNA,GU,96910,SFR,USMS IGA,Female/Male,43.181818,0.000000,2.495798,2.789916,0.533613,4.617647,1.201681,0.000000,0.000000,3.214286,0.756303,0.449580,1.399160,5.121849,N/A,ORSA,3/14/2024,Scheduled,ORSA NDS 2019,Pass
2025-05-27,DESERT VIEW ANNEX,10450 RANCHO ROAD,ADELANTO,CA,92301,LOS,CDF,Male,46.089308,214.924370,37.394958,70.672269,87.747899,151.991597,258.584034,0.075630,0.088235,20.953782,8.936975,8.546218,372.302521,251.252101,480,ODO,2/27/2025,,PBNDS 2011 - 2016 Revised,Pass
2025-05-27,DILLEY IMMIGRATION PROCESSING CENTER,300 EL RANCHO WAY,DILLEY,TX,78017,SNA,DIGSA,Female/Male,13.506427,32.941176,0.201681,0.016807,0.025210,0.012605,15.449580,0.113445,17.609244,0.000000,0.000000,0.012605,33.172269,28.605042,960,ODO,6/4/2024,,FRS,Pass
2025-05-27,DODGE COUNTY JAIL,215 WEST CENTRAL STREET,JUNEAU,WI,53039,CHI,USMS IGA,Female/Male,37.951548,12.025210,15.760504,44.844538,40.911765,85.159664,26.966387,0.457983,0.957983,17.046218,8.936975,6.848739,80.710084,88.042017,N/A,ODO,4/3/2025,,NDS 2019,Pass
2025-05-27,EAST HIDALGO DETENTION CENTER,1330 HIGHWAY 107,LA VILLA,TX,78562,HLG,USMS IGA,Female/Male,4.008341,6.247899,2.155462,2.680672,1.361345,5.357143,6.084034,0.210084,0.794118,2.579832,0.752101,1.147059,7.966387,12.126050,N/A,ORSA,5/22/2025,,ORSA NDS 2019,Pending Final Report
2025-05-27,EDEN DETENTION CTR,702 E BROADWAY ST,EDEN,TX,76837,DAL,USMS IGA,Male,28.593617,94.806723,10.273109,1.739496,0.684874,9.222689,98.277311,0.000000,0.004202,0.327731,0.247899,1.016807,105.911765,55.037815,N/A,ODO,2/27/2025,,NDS 2019,Pass
2025-05-27,EL PASO SERVICE PROCESSING CENTER,8915 MONTANA AVE.,EL PASO,TX,79925,ELP,SPC,Female/Male,25.495463,331.483193,189.319328,155.289916,87.231092,285.899160,269.432773,63.487395,144.504202,79.827731,60.928571,91.525210,531.042017,603.344538,450,ODO,2/13/2025,,PBNDS 2011 - 2016 Revised,Pass
2025-05-27,EL PASO SOFT SIDED FACILITY,12501 GATEWAY BLVD S,EL PASO,TX,79934,ELP,STAGING,,2.465872,19.214286,14.966387,7.487395,3.983193,22.050420,20.420168,1.273109,1.907563,4.785714,5.449580,11.050420,24.365546,44.449580,N/A,N/A,N/A,,N/A,N/A
2025-05-27,EL VALLE DETENTION FACILITY,1800 INDUSTRIAL DRIVE,RAYMONDVILLE,TX,78580,HLG,DIGSA,Female/Male,30.834015,684.155462,50.222689,61.109244,41.827731,129.042017,278.579832,21.420168,408.273109,35.457983,18.205882,22.147059,761.504202,517.953782,600,ODO,3/6/2025,,PBNDS 2011 - 2016 Revised,Pass
2025-05-27,ELIZABETH CONTRACT DETENTION FACILITY,625 EVANS STREET,ELIZABETH,NJ,07201,NEW,CDF,Female/Male,16.347921,98.747899,159.247899,20.504202,8.067227,61.983193,205.911765,1.966387,16.705882,5.970588,9.941176,14.823529,255.831933,171.323529,285,ODO,12/5/2024,,PBNDS 2011 - 2016 Revised,Pass
2025-05-27,ELOY FEDERAL CONTRACT FACILITY,1705 EAST HANNA RD.,ELOY,AZ,85131,PHO,DIGSA,Female/Male,37.901046,1029.802521,61.781513,130.079832,139.924370,172.390756,543.647059,87.117647,558.432773,102.235294,48.722689,71.785714,1138.844538,787.966387,900,ODO,10/31/2024,,PBNDS 2011 - 2016 Revised,Pass
2025-05-27,ERIE COUNTY JAIL,DEPARTMENT OF CORRECTIONS 1618 ASH STREET,ERIE,PA,16503,PHI,USMS IGA,Female/Male,7.426667,4.575630,2.331933,1.306723,0.634454,1.831933,6.810924,0.000000,0.205882,0.386555,0.000000,0.050420,8.411765,4.508403,N/A,ORSA,3/20/2024,Scheduled,ORSA NDS 2019,Pass
2025-05-27,ETOWAH COUNTY JAIL (ALABAMA),827 FORREST AVENUE,GADSDEN,AL,35901,NOL,USMS IGA,Male,4.344076,8.294118,4.050420,5.432773,2.100840,7.210084,9.836134,1.159664,1.672269,0.113445,0.113445,0.226891,19.424370,12.210084,N/A,ODO,,,NDS 2000,Pass
2025-05-27,FDC PHILADELPHIA,700 ARCH ST.,PHILADELPHIA,PA,19106,PHI,BOP,,9.493927,18.478992,6.151261,7.264706,9.798319,20.722689,20.970588,0.000000,0.000000,5.189076,2.134454,1.138655,33.231092,26.768908,N/A,N/A,N/A,,N/A,N/A
2025-05-27,FINNEY COUNTY JAIL,304 N. 9TH STREET,GARDEN CITY,KS,67846,CHI,IGSA,Female/Male,1.834586,0.201681,0.546218,0.256303,0.025210,0.394958,0.584034,0.016807,0.033613,0.000000,0.008403,0.000000,1.021008,0.844538,N/A,ORSA,1/26/2024,Scheduled,ORSA NDS 2019,Pass
2025-05-27,FLORENCE SERVICE PROCESSING CENTER,3250 NORTH PINAL PARKWAY,FLORENCE,AZ,85132,PHO,SPC,Male,13.181934,302.193277,77.243697,3.147059,2.050420,84.752101,299.512605,0.176471,0.193277,1.630252,5.735294,33.924370,343.344538,215.899160,392,ODO,2/13/2025,,PBNDS 2011 - 2016 Revised,Pass
2025-05-27,FLORENCE STAGING FACILITY,3250 NORTH PINAL PARKWAY,FLORENCE,AZ,85232,PHO,STAGING,Male,2.137983,95.857143,40.760504,30.495798,13.504202,62.365546,111.184874,3.210084,3.857143,3.852941,2.453782,4.058824,170.252101,131.067227,N/A,ODO,12/12/2024,Scheduled,PBNDS 2011 - 2016 Revised,Pass
2025-05-27,FOLKSTON ANNEX IPC,3424 HIGHWAY 252 EAST,FOLKSTON,GA,31537,ATL,DIGSA,Male,42.196524,184.920168,36.945378,39.491597,14.285714,66.613445,208.865546,0.000000,0.163866,7.747899,5.411765,8.138655,254.344538,191.781513,338,ODO,1/30/2025,,PBNDS 2011 - 2016 Revised,Pass
2025-05-27,FOLKSTON MAIN IPC,3026 HWY 252 EAST,FOLKSTON,GA,31537,ATL,DIGSA,Male,41.602289,338.466387,148.058824,96.382353,43.579832,174.033613,451.718487,0.399160,0.336134,16.802521,15.399160,22.016807,572.268908,438.289916,544,ODO,1/30/2025,,PBNDS 2011 - 2016 Revised,Pass
2025-05-27,FREEBORN COUNTY ADULT DETENTION CENTER,411 SOUTH BROADWAY AVENUE,ALBERT LEA,MN,56007,SPM,IGSA,Male,45.544529,14.907563,12.949580,37.617647,11.714286,43.651261,33.537815,0.000000,0.000000,9.382353,3.663866,4.306723,59.836134,61.781513,N/A,ODO,3/6/2025,,NDS 2019,Pass
2025-05-27,GEAUGA COUNTY JAIL,12450 MERRITT DR,CHARDON,OH,44024,DET,USMS IGA,Female/Male,46.306569,22.806723,11.247899,6.357143,2.306723,15.747899,19.050420,1.226891,6.693277,2.281513,2.588235,1.621849,36.226891,32.609244,N/A,ODO,1/30/2025,,NDS 2019,Pass
2025-05-27,GLADES COUNTY DETENTION CENTER,1297 EAST SR 78,MOORE HAVEN,FL,33471,MIA,IGSA,Female/Male,10.629977,12.151261,4.373950,13.508403,14.609244,24.113445,20.306723,0.222689,0.000000,9.693277,3.281513,1.899160,29.768908,33.752101,500,ODO,,,NDS 2019,Pass
2025-05-27,GOLDEN STATE ANNEX,611 FRONTAGE RD,MCFARLAND,CA,93250,SFR,CDF,Female/Male,85.777868,202.420168,67.411765,125.781513,171.718487,288.647059,278.516807,0.000000,0.168067,128.987395,22.033613,11.243697,405.067227,332.000000,560,ODO,1/30/2025,,PBNDS 2011 - 2016 Revised,Pass
2025-05-27,GRAND FORKS COUNTY CORRECTIONAL FACILITY,1701 NORTH WASHINGTON ST,GRAND FORKS,ND,58203,SPM,USMS IGA,Female/Male,4.775120,0.273109,0.256303,3.710084,0.121849,1.726891,2.533613,0.046218,0.054622,0.000000,0.067227,0.084034,4.210084,2.907563,N/A,ODO,7/11/2024,Scheduled,NDS 2019,Pass
2025-05-27,GRAYSON COUNTY JAIL,320 SHAW STATION ROAD,LEITCHFIELD,KY,42754,CHI,USMS IGA,Female/Male,11.265252,15.478992,4.941176,11.529412,3.781513,4.836134,2.096639,12.436975,16.361345,4.411765,2.340336,4.588235,24.390756,24.747899,N/A,ODO,8/22/2024,Scheduled,NDS 2019,Pass
2025-05-27,GREENE COUNTY JAIL,1199 N HASELTINE RD,SPRINGFIELD,MO,65802,CHI,USMS IGA,Female/Male,19.944523,36.924370,12.340336,27.701681,17.365546,42.907563,44.462185,2.256303,4.705882,10.264706,6.075630,5.075630,72.915966,74.873950,N/A,N/A,N/A,,N/A,N/A
2025-05-27,HANCOCK COUNTY PUBLIC SAFETY COMPLEX,8450 HIGHWAY 90,BAY ST. LOUIS,MS,39520,NOL,IGSA,Female/Male,2.060285,10.252101,5.823529,3.941176,1.138655,5.352941,13.651261,0.310924,1.840336,0.105042,0.197479,0.084034,20.768908,13.882353,N/A,ODO,5/8/2025,,NDS 2019,Pass
2025-05-27,HARDIN COUNTY JAIL,1116 14TH AVENUE,ELDORA,IA,50627,SPM,IGSA,Female/Male,9.761905,0.693277,0.575630,1.109244,0.193277,1.642857,0.928571,0.000000,0.000000,0.378151,0.268908,0.373950,1.550420,1.474790,N/A,N/A,N/A,,N/A,N/A
2025-05-27,HENDERSON DETENTION,18 E BASIC ROAD,HENDERSON,NV,89015,SLC,USMS IGA,Female/Male,26.051460,15.390756,22.823529,23.134454,9.789916,36.710084,18.789916,9.113445,6.525210,11.978992,7.138655,6.084034,45.936975,56.306723,N/A,ODO,9/19/2024,Scheduled,NDS 2019,Pass
2025-05-27,HONOLULU FEDERAL DETENTION CENTER,351 ELLIOTT ST.,HONOLULU,HI,96819,SFR,BOP,Female/Male,42.329412,3.936975,10.302521,15.361345,3.890756,17.449580,11.155462,0.605042,4.281513,10.210084,4.239496,2.773109,16.268908,25.684874,N/A,N/A,N/A,,N/A,N/A
2025-05-27,HOPKINS COUNTY JAIL,2250 LAFOON TRAIL,MADISONVILLE,KY,42431,CHI,USMS IGA,,5.625000,1.894958,0.634454,1.869748,0.626050,2.264706,2.651261,0.025210,0.084034,0.478992,0.659664,0.466387,3.420168,1.861345,N/A,N/A,N/A,,N/A,N/A
2025-05-27,HOUSTON CONTRACT DETENTION FACILITY,15850 EXPORT PLAZA DRIVE,HOUSTON,TX,77032,HOU,CDF,Female/Male,46.712683,719.016807,69.327731,27.428571,9.474790,40.563025,447.983193,22.247899,314.453782,17.928571,16.294118,19.042017,771.983193,476.957983,750,ODO,1/30/2025,,PBNDS 2011 - 2016 Revised,Pass
2025-05-27,IAH SECURE ADULT DETENTION FACILITY (POLK),3400 FM 350 SOUTH,LIVINGSTON,TX,77351,HOU,DIGSA,Male,34.645310,623.369748,119.899160,39.953782,14.067227,88.319328,708.924370,0.000000,0.046218,16.613445,15.197479,34.504202,730.974790,430.306723,350,ODO,2/13/2025,,NDS 2019,Pass
2025-05-27,IMPERIAL REGIONAL DETENTION FACILITY,1572 GATEWAY,CALEXICO,CA,92231,SND,CDF,Female/Male,56.754735,571.163866,29.277311,30.949580,35.415966,83.470588,521.970588,1.365546,60.000000,32.836134,13.042017,12.352941,608.575630,223.802521,640,ODO,1/16/2025,,PBNDS 2011 - 2016 Revised,Pass
2025-05-27,JACKSON PARISH CORRECTIONAL CENTER,327 INDUSTRIAL DRIVE,JONESBORO,LA,71251,NOL,DIGSA,Female/Male,31.228708,917.373950,109.071429,4.256303,1.474790,37.819328,988.210084,1.113445,5.033613,3.025210,5.168067,14.100840,1009.882353,418.399160,500,ODO,12/12/2024,,PBNDS 2011 - 2016 Revised,Pass
2025-05-27,JEFFERSON COUNTY JAIL,219 EAST FREMONT AVENUE,RIGBY,ID,83442,SLC,IGSA,Female/Male,2.524510,0.936975,1.491597,1.340336,0.697479,3.331933,1.079832,0.042017,0.012605,0.025210,0.155462,0.151261,4.134454,3.655462,N/A,ODO,7/18/2024,,NDS 2019,Pass
2025-05-27,JOE CORLEY PROCESSING CTR,500 HILBIG RD,CONROE,TX,77301,HOU,IGSA,Female/Male,42.321023,674.474790,96.659664,26.084034,13.147059,78.693277,731.651261,0.000000,0.021008,25.092437,15.399160,24.453782,745.420168,684.815126,N/A,ODO,12/19/2024,,NDS 2019,Pass
2025-05-27,JTF CAMP SIX,AVENUE C PSC 1005 BOX 55,FPO,FL,34009,MIA,DOD,,9.461279,0.831933,0.638655,5.172269,6.042017,6.210084,6.474790,0.000000,0.000000,2.508403,1.247899,1.239496,7.689076,12.684874,N/A,N/A,N/A,,N/A,N/A
2025-05-27,KANDIYOHI COUNTY JAIL,2201 23RD ST NE,WILLMAR,MN,56201,SPM,IGSA,Female/Male,50.353678,27.281513,20.260504,72.869748,23.840336,73.163866,59.260504,7.693277,4.134454,24.327731,11.924370,7.915966,100.084034,112.092437,N/A,ODO,3/13/2025,,NDS 2019,Pass
2025-05-27,KARNES COUNTY IMMIGRATION PROCESSING CENTER,409 FM 1144,KARNES CITY,TX,78118,SNA,DIGSA,Female/Male,29.970781,795.361345,46.945378,1.180672,0.260504,28.781513,571.155462,6.432773,237.378151,1.340336,4.693277,24.000000,813.714286,469.084034,928,ODO,9/19/2024,Scheduled,PBNDS 2011 - 2016 Revised,Pass
2025-05-27,KAY CO JUSTICE FACILITY,1101 WEST DRY ROAD,NEWKIRK,OK,74647,CHI,IGSA,Female/Male,27.037603,38.113445,28.424370,22.436975,13.352941,47.415966,54.836134,0.000000,0.075630,10.260504,8.319328,6.886555,76.861345,86.966387,N/A,ODO,3/7/2025,,NDS 2019,Pass
2025-05-27,KENTON COUNTY JAIL,303 COURT STREET,COVINGTON,KY,41011,CHI,IGSA,Female/Male,2.000000,0.369748,0.151261,0.495798,0.075630,0.445378,0.609244,0.037815,0.000000,0.201681,0.000000,0.264706,0.626050,0.344538,N/A,,,,,
2025-05-27,KNOX COUNTY DETENTION FACILITY,5001 MALONEYVILLE RD,KNOXVILLE,TN,37918,NOL,USMS IGA,Female/Male,3.053244,7.558824,6.508403,5.537815,2.235294,10.773109,9.445378,0.630252,0.991597,0.340336,0.113445,0.193277,21.193277,14.626050,N/A,ODO,9/26/2024,,NDS 2019,Pass
2025-05-27,KROME NORTH SERVICE PROCESSING CENTER,18201 SW 12TH ST,MIAMI,FL,33194,MIA,SPC,Male,18.356629,187.693277,58.726891,300.197479,286.533613,444.865546,386.924370,0.823529,0.537815,84.609244,31.016807,31.928571,685.596639,538.197479,450,ODO,5/1/2025,,PBNDS 2011 - 2016 Revised,Pending Final Report
2025-05-27,LA SALLE COUNTY REGIONAL DETENTION CENTER,832 EAST TEXAS STATE HIGHWAY 44,ENCINAL,TX,78019,SNA,USMS IGA,Male,18.005848,39.558824,2.588235,0.100840,0.382353,4.201681,38.428571,0.000000,0.000000,0.000000,0.016807,3.117647,39.495798,27.113445,N/A,,2/7/2025,,,Pending Final Report
2025-05-27,LAREDO PROCESSING CENTER,4702 EAST SAUNDERS STREET,LAREDO,TX,78041,HLG,DIGSA,Female/Male,30.164487,330.495798,8.794118,7.542017,7.911765,0.399160,4.478992,17.348739,332.516807,4.226891,3.752101,7.840336,338.924370,203.096639,N/A,ODO,3/20/2025,,NDS 2019,Pass
2025-05-27,LAUREL COUNTY SHERIFFS JAIL,203 SOUTH BROAD ST.,LONDON,KY,40741,CHI,USMS IGA,Female/Male,2.591667,0.512605,0.243697,0.327731,0.247899,0.449580,0.100840,0.243697,0.537815,0.016807,0.000000,0.008403,1.306723,0.815126,N/A,N/A,N/A,,N/A,N/A
2025-05-27,LEAVENWORTH US PENITENTIARY,1300 METROPOLITAN AVE.,LEAVENWORTH,KS,66048,CHI,BOP,Female/Male,20.710843,11.105042,3.373950,6.151261,8.533613,17.613445,11.550420,0.000000,0.000000,6.852941,1.735294,2.046218,18.529412,28.571429,N/A,N/A,N/A,,N/A,N/A
2025-05-27,LEXINGTON COUNTY JAIL,521 GIBSON ROAD,LEXINGTON,SC,29072,ATL,USMS IGA,Female/Male,1.514504,1.189076,2.012605,0.714286,0.306723,1.890756,1.777311,0.088235,0.466387,0.029412,0.004202,0.037815,4.151261,3.075630,N/A,ODO,8/8/2024,,NDS 2019,Pass
2025-05-27,LIMESTONE COUNTY DETENTION CENTER,910 NORTH TYUS STREET,GROESBECK,TX,76642,HOU,USMS IGA,Male,12.667347,16.247899,2.184874,5.756303,4.298319,8.588235,19.899160,0.000000,0.000000,0.731092,0.004202,0.004202,27.747899,23.819328,N/A,ODO,3/27/2025,,NDS 2019,Pass
2025-05-27,LINCOLN COUNTY JAIL,3020 N JEFFERS,NORTH PLATTE,NE,69101,SPM,USMS IGA,Female/Male,4.657895,0.521008,0.785714,1.235294,0.281513,1.483193,1.189076,0.000000,0.151261,0.201681,0.096639,0.000000,2.525210,2.302521,N/A,,12/23/2024,,,Pending Final Report
2025-05-27,LUBBOCK COUNTY DETENTION CENTER,811 MAIN STREET,LUBBOCK,TX,79401,DAL,USMS IGA,Female/Male,1.574324,0.852941,0.882353,0.218487,0.042017,0.626050,1.289916,0.004202,0.075630,0.071429,0.037815,0.054622,1.831933,1.063025,N/A,ORSA,3/26/2024,,ORSA NDS 2019,Pass
2025-05-27,MADISON COUNTY JAIL,2935 HIGHWAY 51,CANTON,MS,39046,NOL,USMS IGA,Female/Male,2.150628,1.415966,1.340336,0.953782,0.621849,1.588235,2.466387,0.037815,0.239496,0.029412,0.016807,0.004202,4.281513,3.054622,N/A,ODO,9/26/2024,,NDS 2019,Pass
2025-05-27,MAHONING COUNTY JAIL,110 FIFTH AVENUE,YOUNGSTOWN,OH,44503,DET,USMS IGA,Female/Male,15.031250,12.331933,1.634454,0.466387,0.533613,2.058824,10.529412,0.235294,2.142857,0.760504,0.487395,0.752101,12.966387,8.344538,N/A,N/A,N/A,,N/A,N/A
2025-05-27,MARION COUNTY JAIL,40 SOUTH ALABAMA STREET,INDIANAPOLIS,IN,46204,CHI,USMS IGA,Female/Male,10.075688,10.915966,5.701681,9.247899,5.680672,15.243697,16.252101,0.021008,0.029412,3.348739,3.289916,3.630252,21.277311,16.676471,N/A,ORSA,,Scheduled,ORSA NDS 2019,Pass
2025-05-27,MESA VERDE ICE PROCESSING CENTER,425 GOLDEN STATE AVE,BAKERSFIELD,CA,93301,SFR,CDF,Female/Male,185.148148,0.000000,2.920168,13.424370,34.554622,50.899160,0.000000,0.000000,0.000000,34.819328,1.949580,0.638655,13.491597,43.915966,320,ODO,6/13/2024,Scheduled,PBNDS 2011 - 2016 Revised,Pass
2025-05-27,MIAMI FEDERAL DETENTION,33 NE 4 STREET,MIAMI,FL,33132,MIA,BOP,Female/Male,30.569482,13.836134,10.777311,87.911765,51.138655,86.252101,77.180672,0.231092,0.000000,25.626050,9.306723,7.260504,121.470588,89.584034,N/A,N/A,N/A,,N/A,N/A
2025-05-27,MIAMI STAGING FACILITY,UNAVAILABLE,MIAMI,FL,33101,MIA,STAGING,Female/Male,0.198690,1.936975,0.676471,0.529412,0.298319,0.394958,0.932773,0.504202,1.609244,0.029412,0.004202,0.092437,3.315126,2.521008,N/A,,,,,
2025-05-27,MIGRANT OPS CENTER MAIN A,AVENUE C PSC 1005 BOX 55,FPO,FL,34009,MIA,MOC,,11.771144,9.714286,1.289916,0.092437,0.029412,1.239496,9.886555,0.000000,0.000000,0.004202,0.210084,0.815126,10.096639,11.126050,N/A,N/A,N/A,,N/A,N/A
2025-05-27,MILLER COUNTY JAIL,2300 EAST STREET,TEXARKANA,AR,71854,NOL,USMS IGA,Female/Male,2.388060,0.306723,0.336134,0.626050,0.147059,0.798319,0.596639,0.008403,0.012605,0.021008,0.016807,0.046218,1.331933,0.957983,N/A,ORSA,3/11/2024,Scheduled,ORSA NDS 2019,Pass
2025-05-27,MONROE COUNTY DETENTION-DORM,7000 EAST DUNBAR ROAD,MONROE,MI,48161,DET,IGSA,Male,39.165533,71.831933,20.810924,3.369748,2.138655,12.584034,85.243697,0.000000,0.323529,1.436975,1.764706,4.344538,90.605042,65.651261,N/A,ODO,3/13/2025,,NDS 2019,Pass
2025-05-27,MONTGOMERY ICE PROCESSING CENTER,806 HILBIG RD,CONROE,TX,77301,HOU,CDF,Female/Male,31.956182,148.050420,583.138655,340.987395,144.168067,629.130252,477.340336,47.533613,62.340336,221.029412,143.928571,162.840336,688.546218,880.995798,750,ODO,12/5/2024,,PBNDS 2011 - 2016 Revised,Pass
2025-05-27,MOSHANNON VALLEY PROCESSING CENTER,555 GEO DRIVE,PHILIPSBURG,PA,16866,PHI,DIGSA,Female/Male,67.535929,261.735294,100.197479,543.907563,403.575630,710.781513,549.764706,26.159664,22.710084,223.785714,71.394958,82.193277,932.042017,884.903361,800,ODO,3/6/2025,,PBNDS 2011 - 2016 Revised,Pass
2025-05-27,MUSCATINE COUNTY JAIL,400 WALNUT STREET,MUSCATINE,IA,52761,SPM,USMS IGA,Female/Male,15.086957,1.113445,2.705882,0.155462,0.432773,2.226891,1.760504,0.155462,0.264706,0.294118,0.117647,0.403361,3.592437,3.315126,N/A,N/A,N/A,,N/A,N/A
2025-05-27,NASSAU COUNTY CORRECTIONAL CENTER,100 CARMAN AVENUE,EAST MEADOW,NY,11554,NYC,USMS IGA,Female/Male,2.181592,5.071429,0.756303,1.025210,0.726891,2.142857,5.420168,0.012605,0.004202,0.012605,0.021008,0.000000,7.546218,6.663866,N/A,N/A,N/A,,N/A,N/A
2025-05-27,NEVADA SOUTHERN DETENTION CENTER,2190 EAST MESQUITE AVENUE,PAHRUMP,NV,89060,SLC,USMS CDF,Female/Male,33.879043,102.584034,107.487395,61.403361,43.306723,199.012605,115.487395,0.155462,0.126050,51.525210,26.424370,22.205882,214.626050,234.193277,N/A,ODO,,Scheduled,NDS 2019,Pass
2025-05-27,NEW HANOVER COUNTY JAIL,3950 JUVENILE RD,CASTLE HAYNE,NC,28429,ATL,USMS IGA,Female/Male,2.375839,0.432773,0.260504,0.310924,0.516807,0.936975,0.563025,0.012605,0.008403,0.008403,0.000000,0.021008,1.491597,1.121849,N/A,ODO,8/22/2024,,NDS 2019,Pass
2025-05-27,NORTHEAST OHIO CORRECTIONAL CENTER,2240 HUBBARD ROAD,YOUNGSTOWN,OH,44505,DET,USMS IGA,Male,17.320166,35.567227,15.924370,10.298319,8.815126,22.815126,47.773109,0.000000,0.016807,7.054622,2.882353,4.189076,56.478992,46.344538,N/A,N/A,N/A,,N/A,N/A
2025-05-27,NORTHWEST ICE PROCESSSING CENTER,1623 E. J STREET,TACOMA,WA,98421,SEA,CDF,Female/Male,66.684036,527.886555,104.735294,192.714286,201.764706,363.168067,548.336134,43.130252,72.466387,174.424370,40.336134,28.344538,783.995798,766.697479,"1,181",ODO,1/30/2025,,PBNDS 2011 - 2016 Revised,Pass
2025-05-27,NORTHWEST STATE CORRECTIONAL CENTER,3649 LOWER NEWTON ROAD,SWANTON,VT,05488,BOS,USMS IGA,Female/Male,4.802500,7.630252,0.415966,0.319328,0.121849,0.647059,7.806723,0.000000,0.033613,0.000000,0.004202,0.021008,8.462185,4.861345,N/A,ODO,6/27/2024,Scheduled,NDS 2019,Pass
2025-05-27,OLDHAM COUNTY JAIL,100 W MAIN STREET,LA GRANGE,KY,40031,CHI,USMS IGA,Female/Male,8.867368,14.689076,3.537815,7.630252,5.911765,16.277311,14.672269,0.050420,0.768908,3.273109,3.100840,2.613445,22.781513,17.903361,N/A,ODO,9/19/2024,Scheduled,NDS 2019,Pass
2025-05-27,ORANGE COUNTY JAIL (FL),3855 SOUTH JOHN YOUNG PARKWAY,ORLANDO,FL,32839,MIA,USMS IGA,Female/Male,1.817186,3.138655,1.840336,2.991597,1.184874,2.731092,4.928571,0.420168,1.075630,0.050420,0.012605,0.021008,9.071429,4.995798,N/A,ODO,8/15/2024,Scheduled,NDS 2019,Pass
2025-05-27,ORANGE COUNTY JAIL (NY),110 WELLS FARM ROAD,GOSHEN,NY,10924,NYC,IGSA,Female/Male,39.179039,32.987395,25.147059,26.806723,23.537815,68.722689,39.756303,0.000000,0.000000,12.407563,14.563025,13.075630,68.432773,67.873950,N/A,ODO,12/12/2024,Scheduled,NDS 2019,Pass
2025-05-27,OTAY MESA DETENTION CENTER,7488 CALZADA DE LA FUENTE,SAN DIEGO,CA,92154,SND,CDF,Female/Male,27.488029,781.878151,447.605042,61.008403,57.361345,173.840336,915.899160,16.878151,241.235294,66.516807,29.777311,27.659664,1223.899160,519.495798,750,ODO,11/7/2024,,PBNDS 2011 - 2016 Revised,Pass
2025-05-27,OTERO COUNTY PROCESSING CENTER,26 MCGREGOR RANGE ROAD,CHAPARRAL,NM,88081,ELP,DIGSA,Female/Male,31.110724,652.239496,102.264706,48.819328,20.319328,153.567227,516.214286,7.079832,146.781513,22.441176,20.277311,49.495798,731.428571,686.819328,500,ODO,11/7/2024,Scheduled,PBNDS 2011 - 2016 Revised,Pass
2025-05-27,PENNINGTON COUNTY JAIL (SOUTH DAKOTA),300 KANSAS CITY STREET NONE,RAPID CITY,SD,57701,SPM,USMS IGA,Female/Male,4.938462,0.281513,0.407563,0.558824,0.126050,0.546218,0.810924,0.000000,0.016807,0.000000,0.096639,0.042017,1.235294,1.100840,N/A,ORSA,3/8/2024,Scheduled,ORSA NDS 2019,Pass
2025-05-27,PHELPS COUNTY JAIL (MO),301 W. 2ND,ROLLA,MO,65401,CHI,USMS IGA,,11.133758,2.336134,2.516807,3.592437,0.731092,3.537815,4.941176,0.063025,0.634454,0.247899,0.075630,0.247899,8.605042,6.970588,N/A,N/A,N/A,,N/A,N/A
2025-05-27,PHELPS COUNTY JAIL (NE),715 5TH AVENUE,HOLDREGE,NE,68949,SPM,USMS IGA,Female/Male,40.027174,2.214286,6.907563,11.105042,10.487395,24.815126,4.768908,0.823529,0.306723,2.903361,2.357143,1.899160,23.554622,24.987395,N/A,ODO,2/6/2025,,NDS 2019,Pass
2025-05-27,PICKENS COUNTY DET CTR,188 CEMETERY ST,CARROLLTON,AL,35447,NOL,IGSA,Female/Male,2.962719,11.067227,11.315126,10.886555,4.861345,14.819328,18.705882,2.411765,2.193277,0.424370,0.726891,0.693277,36.285714,30.487395,N/A,ODO,8/6/2024,Scheduled,NDS 2019,Pass
2025-05-27,PIKE COUNTY JAIL,175 PIKE COUNTY BOULEVARD,LORDS VALLEY,PA,18428,PHI,IGSA,Male,43.783351,99.924370,23.974790,33.243697,26.508403,69.147059,114.504202,0.000000,0.000000,10.882353,8.394958,12.508403,151.865546,139.466387,100,ODO,2/27/2025,,PBNDS 2011 - 2016 Revised,Pass
2025-05-27,PINE PRAIRIE ICE PROCESSING CENTER,1133 HAMPTON DUPRE ROAD,PINE PRAIRIE,LA,70576,NOL,DIGSA,Male,11.093517,330.378151,137.987395,159.142857,96.827731,278.394958,445.184874,0.121849,0.634454,34.428571,28.873950,29.428571,631.605042,636.575630,N/A,ODO,4/10/2025,,PBNDS 2011 - 2016 Revised,Pending Final Report
2025-05-27,PINELLAS COUNTY JAIL,14400 49TH STREET NORTH,CLEARWATER,FL,33762,MIA,USMS IGA,Female/Male,1.517152,3.348739,2.869748,2.815126,0.815126,3.802521,5.365546,0.168067,0.512605,0.021008,0.021008,0.025210,9.781513,6.042017,N/A,ODO,9/26/2024,Scheduled,NDS 2019,Pass
2025-05-27,PLATTE COUNTY JAIL,850 MAPLE STREET,WHEATLAND,WY,82201,DEN,USMS IGA,Female/Male,1.904762,0.554622,0.525210,0.474790,0.151261,0.924370,0.773109,0.000000,0.008403,0.100840,0.037815,0.033613,1.533613,1.369748,N/A,ORSA,3/22/2024,Scheduled,ORSA NDS 2019,Pass
2025-05-27,PLYMOUTH COUNTY CORRECTIONAL FACILITY,26 LONG POND ROAD,PLYMOUTH,MA,02360,BOS,IGSA,Male,42.489971,161.710084,26.264706,133.537815,107.243697,142.781513,284.504202,0.424370,1.046218,33.550420,10.718487,11.184874,373.302521,256.336134,N/A,ODO,11/21/2024,,NDS 2019,Pass
2025-05-27,POLK COUNTY JAIL,1985 NE 51ST PLACE,DES MOINES,IA,50313,SPM,USMS IGA,Female/Male,34.100629,6.739496,12.277311,10.315126,10.088235,32.079832,7.000000,0.067227,0.273109,2.886555,0.710084,2.138655,33.684874,35.310924,N/A,ODO,2/16/2025,,NDS 2019,Fail
2025-05-27,PORT ISABEL SPC,27991 BUENA VISTA BOULEVARD,LOS FRESNOS,TX,78566,HLG,SPC,Female/Male,14.452254,989.197479,33.016807,4.823529,6.890756,131.508403,900.869748,0.516807,1.033613,28.550420,33.138655,52.273109,919.966387,606.630252,650,ODO,3/27/2025,,PBNDS 2011 - 2016 Revised,Pass
2025-05-27,POTTAWATTAMIE COUNTY JAIL,1400 BIG LAKE ROAD,COUNCIL BLUFFS,IA,51501,SPM,USMS IGA,Female/Male,21.444444,2.705882,4.911765,11.840336,15.894958,29.957983,4.210084,0.432773,0.752101,7.373950,1.865546,1.348739,24.764706,30.966387,N/A,ODO,10/24/2024,Scheduled,NDS 2019,Pass
2025-05-27,PRAIRIELAND DETENTION CENTER,1209 SUNFLOWER LN,ALVARADO,TX,76009,DAL,DIGSA,Female/Male,21.059868,302.865546,93.348739,220.739496,133.655462,283.714286,400.537815,24.142857,42.214286,94.588235,52.844538,40.260504,562.915966,461.596639,525,ODO,12/19/2024,,PBNDS 2011 - 2016 Revised,Pass
2025-05-27,PRINCE EDWARD COUNTY (FARMVILLE),508 WATERWORKS ROAD,FARMVILLE,VA,23901,WAS,DIGSA,Male,49.402694,174.441176,82.281513,145.819328,139.542017,292.113445,249.840336,0.000000,0.130252,74.012605,30.915966,36.327731,400.827731,346.831933,459,ODO,12/19/2024,,PBNDS 2011 - 2016 Revised,Pass
2025-05-27,RICHWOOD CORRECTIONAL CENTER,180 PINE BAYOU CIRCLE,MONROE,LA,71202,NOL,DIGSA,Male,42.305007,777.394958,51.000000,22.550420,16.247899,42.147059,64.798319,18.214286,742.033613,17.130252,9.831933,18.218487,822.012605,355.500000,677,ODO,11/7/2024,,PBNDS 2011 - 2016 Revised,Pass
2025-05-27,RIO GRANDE DETENTION CENTER,1001 SAN RIO BOULEVARD,LAREDO,TX,78046,HLG,USMS CDF,Male,35.323568,613.205882,12.432773,1.037815,0.873950,29.848739,597.525210,0.000000,0.176471,2.575630,7.352941,18.067227,599.554622,384.168067,275,ODO,1/9/2025,,NDS 2019,Pass
2025-05-27,RIVER CORRECTIONAL CENTER,26362 HIGHWAY 15,FERRIDAY,LA,71334,NOL,DIGSA,Male,84.709106,475.764706,74.747899,3.680672,0.848739,22.701681,531.957983,0.000000,0.382353,2.092437,3.453782,8.542017,540.953782,335.781513,361,ODO,11/21/2024,,PBNDS 2011 - 2016 Revised,Pass
2025-05-27,SAIPAN DEPARTMENT OF CORRECTIONS (SUSUPE),"VICENTE T. SEMAN BLDG, CIVIC CENTER",SAIPAN,MP,96950,SFR,USMS IGA,Female/Male,35.357143,2.882353,2.432773,0.478992,0.000000,3.000000,2.121849,0.000000,0.672269,1.861345,0.462185,0.000000,3.470588,4.949580,N/A,ORSA,4/11/2025,,ORSA NDS 2019,Pending Final Report
2025-05-27,SALT LAKE COUNTY METRO JAIL,3415 SOUTH 900 WEST,SALT LAKE CITY,UT,84119,SLC,USMS IGA,Female/Male,1.749077,1.168067,4.201681,0.457983,0.105042,3.869748,1.588235,0.214286,0.260504,0.647059,0.168067,0.193277,4.924370,4.983193,N/A,ODO,9/27/2024,Scheduled,NDS 2019,Pass
2025-05-27,SAN LUIS REGIONAL DETENTION CENTER,406 NORTH AVENUE D,SAN LUIS,AZ,85349,SND,IGSA,Female/Male,10.902951,92.126050,29.659664,3.508403,8.941176,16.243697,90.617647,1.021008,26.352941,5.256303,1.626050,1.722689,125.630252,105.382353,100,ODO,9/26/2024,Scheduled,NDS 2019,Pass
2025-05-27,SEBASTIAN COUNTY DETENTION CENTER,801 SOUTH A STREET,FORT SMITH,AR,72901,NOL,USMS IGA,Female/Male,1.777108,0.584034,0.323529,0.273109,0.151261,0.579832,0.655462,0.058824,0.037815,0.008403,0.004202,0.046218,1.273109,0.974790,N/A,N/A,N/A,,N/A,N/A
2025-05-27,SENECA COUNTY JAIL,3040 SOUTH STATE HIGHWAY 100,TIFFIN,OH,44883,DET,IGSA,Female/Male,40.715311,22.428571,11.168067,13.176471,14.126050,35.537815,21.004202,2.361345,1.995798,8.344538,3.096639,4.315126,45.142857,49.037815,N/A,ODO,10/31/2024,,NDS 2019,Pass
2025-05-27,SHERBURNE COUNTY JAIL,13880 BUSINESS CENTER DRIVE,ELK RIVER,MN,55330,SPM,IGSA,Female/Male,23.758514,8.277311,12.193277,20.205882,5.033613,23.974790,19.079832,1.302521,1.352941,7.953782,3.764706,3.130252,30.861345,35.768908,N/A,ODO,5/2/2024,Scheduled,NDS 2019,Pass
2025-05-27,SOUTH CENTRAL REGIONAL JAIL,1001 CENTER WAY,CHARLESTON,WV,25309,PHI,IGSA,Female/Male,8.584795,3.247899,2.256303,2.693277,0.995798,4.340336,4.852941,0.000000,0.000000,0.617647,0.500000,0.655462,7.420168,7.000000,N/A,ODO,9/26/2024,Scheduled,NDS 2019,Pass
2025-05-27,SOUTH LOUISIANA ICE PROCESSING CENTER,3843 STAGG AVENUE,BASILE,LA,70515,NOL,DIGSA,Female/Male,37.184486,601.621849,105.609244,116.424370,42.668067,3.088235,4.726891,128.390756,730.117647,57.920168,29.037815,25.500000,753.865546,531.016807,700,ODO,3/6/2025,,PBNDS 2011 - 2016 Revised,Pass
2025-05-27,SOUTH TEXAS ICE PROCESSING CENTER,566 VETERANS DRIVE,PEARSALL,TX,78061,SNA,CDF,Female/Male,55.733086,1246.201681,132.789916,200.676471,79.105042,372.138655,1240.037815,24.928571,21.668067,86.878151,77.890756,182.521008,1311.483193,1057.273109,"1,350",ODO,2/6/2025,,PBNDS 2011 - 2016 Revised,Pass
2025-05-27,ST. CLAIR COUNTY JAIL,1170 MICHIGAN ROAD,PORT HURON,MI,48060,DET,IGSA,Male,43.309091,41.285714,12.840336,9.777311,5.626050,20.436975,49.092437,0.000000,0.000000,4.974790,4.121849,3.449580,56.983193,56.798319,N/A,ODO,9/19/2024,Scheduled,NDS 2019,Pass
2025-05-27,STE. GENEVIEVE COUNTY SHERIFF/JAIL,5 BASLER DR.,STE. GENEVIEVE,MO,63670,CHI,USMS IGA,,14.839080,1.579832,8.000000,4.638655,1.134454,4.957983,9.247899,0.226891,0.920168,0.495798,0.256303,0.760504,13.840336,9.693277,N/A,N/A,N/A,,N/A,N/A
2025-05-27,STEWART DETENTION CENTER,146 CCA ROAD,LUMPKIN,GA,31815,ATL,DIGSA,Female/Male,52.517016,789.907563,270.693277,420.600840,324.512605,735.420168,857.445378,48.752101,164.096639,200.420168,123.428571,105.693277,1376.172269,1181.806723,"1,600",ODO,3/20/2025,,PBNDS 2011 - 2016 Revised,Pass
2025-05-27,STRAFFORD COUNTY CORRECTIONS,266 COUNTY FARM ROAD,DOVER,NH,03820,BOS,IGSA,Female/Male,65.511050,8.579832,0.903361,49.411765,40.953782,44.857143,40.878151,6.399160,7.714286,14.189076,5.932773,7.806723,71.920168,62.344538,N/A,ODO,9/12/2024,Scheduled,NDS 2019,Pass
2025-05-27,T DON HUTTO DETENTION CENTER,1001 WELCH STREET,TAYLOR,TX,76574,SNA,DIGSA,Male,56.530524,199.852941,39.222689,118.621849,70.382353,234.222689,193.852941,0.000000,0.004202,64.130252,54.689076,99.953782,209.306723,308.781513,461,ODO,12/19/2024,,PBNDS 2011 - 2016 Revised,Pass
2025-05-27,"TORRANCE/ESTANCIA, NM",209 COUNTY ROAD 49,ESTANCIA,NM,87016,ELP,IGSA,Male,35.166821,361.025210,69.802521,5.932773,3.180672,65.764706,374.172269,0.000000,0.004202,2.159664,4.882353,23.508403,409.390756,299.327731,505,ODO,10/24/2024,,PBNDS 2011 - 2016 Revised,Pass
2025-05-27,TULSA COUNTY JAIL (DAVID L. MOSS JUSTICE CTR),300 NORTH DENVER AVENUE,TULSA,OK,74103,DAL,IGSA,Female/Male,4.856991,21.726891,7.785714,7.302521,3.613445,12.726891,23.731092,0.584034,3.386555,0.609244,0.382353,0.281513,39.155462,17.096639,N/A,ODO,9/19/2024,,NDS 2019,Pass
2025-05-27,TWO BRIDGES REGIONAL JAIL,522 BATH RD,WISCASSET,ME,04578,BOS,USMS IGA,Male,38.538462,0.000000,0.000000,3.676471,4.168067,3.869748,3.974790,0.000000,0.000000,2.285714,0.134454,0.373950,5.050420,4.483193,N/A,N/A,N/A,,N/A,N/A
2025-05-27,WALTON COUNTY JAIL,40 SHERIFF CIR,DEFUNIAK SPRINGS,FL,32433,MIA,USMS IGA,,1.757576,1.823529,0.285714,0.243697,0.134454,0.714286,1.768908,0.004202,0.000000,0.012605,0.000000,0.029412,2.445378,0.857143,N/A,N/A,N/A,,N/A,N/A
2025-05-27,WASHINGTON COUNTY DETENTION CENTER,1155 WEST CLYDESDALE DRIVE,FAYETTEVILLE,AR,72701,NOL,USMS IGA,Female/Male,1.673950,0.995798,1.231092,1.516807,0.411765,1.529412,2.378151,0.121849,0.126050,0.012605,0.029412,0.000000,4.113445,3.327731,N/A,ODO,4/22/2025,,NDS 2019,Pending Final Report
2025-05-27,WASHOE COUNTY JAIL,911 PARR BLVD 775 328 3308,RENO,NV,89506,SLC,USMS IGA,Female/Male,8.423295,0.768908,2.256303,4.193277,3.298319,7.609244,2.264706,0.411765,0.231092,1.689076,0.159664,0.491597,8.176471,9.218487,N/A,ODO,11/7/2024,,NDS 2019,Pass
2025-05-27,WEBB COUNTY DETENTION CENTER (CCA),9998 SOUTH HIGHWAY 83,LAREDO,TX,78041,HLG,DIGSA,Female/Male,29.378407,263.222689,5.436975,34.659664,53.584034,42.096639,281.390756,4.756303,28.659664,17.983193,11.399160,12.054622,315.466387,205.504202,250,ODO,2/6/2025,,PBNDS 2011 - 2016 Revised,Pass
2025-05-27,WINN CORRECTIONAL CENTER,560 GUM SPRING ROAD,WINNFIELD,LA,71483,NOL,DIGSA,Male,70.467386,996.945378,218.886555,210.000000,115.647059,327.764706,1212.945378,0.571429,0.197479,66.596639,50.743697,46.613445,1377.525210,996.357143,946,ODO,1/16/2025,,PBNDS 2011 - 2016 Revised,Pass
2025-05-27,WOODBURY COUNTY JAIL,407 7TH STREET,SIOUX CITY,IA,51101,SPM,USMS IGA,Female/Male,10.223404,0.680672,0.865546,2.600840,2.218487,5.344538,0.777311,0.109244,0.134454,1.453782,0.365546,0.659664,3.886555,5.189076,N/A,ORSA,3/26/2024,Scheduled,ORSA NDS 2019,Pass
2025-05-27,WYATT DETENTION CENTER,950 HIGH STREET,CENTRAL FALLS,RI,02863,BOS,USMS IGA,Male,45.319468,13.911765,2.878151,47.067227,48.021008,57.033613,51.184874,1.743697,1.915966,16.655462,2.004202,1.281513,91.936975,78.012605,N/A,ODO,9/19/2024,Scheduled,NDS 2019,Pass
2025-05-12,ADAMS COUNTY DET CENTER,20 HOBO FORK RD.,NATCHEZ,MS,39120,NOL,DIGSA,Female/Male,49.018413,1895.224215,259.802691,10.757848,4.937220,23.636771,2147.085202,0.000000,0.000000,2.228700,3.533632,5.847534,2159.112108,545.349776,"1,100",ODO,1/16/2025,,PBNDS 2011 - 2016 Revised,Pass
2025-05-12,ADELANTO ICE PROCESSING CENTER,10250 RANCHO ROAD,ADELANTO,CA,92301,LOS,CDF,Female/Male,35.628676,13.255605,9.551570,43.887892,62.121076,98.968610,29.847534,0.000000,0.000000,55.098655,18.582960,9.910314,45.224215,75.385650,640,ODO,7/18/2024,Scheduled,PBNDS 2011 - 2016 Revised,Pass
2025-05-12,ALAMANCE COUNTY DETENTION FACILITY,109 SOUTH MAPLE STREET,GRAHAM,NC,27253,ATL,IGSA,Female/Male,2.859717,4.968610,3.174888,5.874439,5.771300,12.865471,6.448430,0.143498,0.331839,0.668161,0.264574,0.139013,18.717489,15.179372,40,ODO,9/19/2024,Scheduled,NDS 2019,Pass
2025-05-12,ALEXANDRIA STAGING FACILITY,96 GEORGE THOMPSON DRIVE,ALEXANDRIA,LA,71303,NOL,STAGING,Male,2.590849,142.475336,49.533632,75.834081,52.439462,145.730942,174.399103,0.053812,0.098655,53.869955,31.461883,39.112108,195.838565,314.919283,N/A,ODO,2/27/2025,,PBNDS 2011 - 2016 Revised,Pass
2025-05-12,ALLEGANY COUNTY JAIL,4884 STATE ROUTE 19,BELMONT,NY,14813,BUF,IGSA,Female/Male,10.210526,2.937220,0.273543,0.049327,0.000000,0.000000,0.233184,0.219731,2.807175,0.170404,0.000000,0.000000,3.089686,1.358744,N/A,,,,NDS 2019,
2025-05-12,ALLEN PARISH PUBLIC SAFETY COMPLEX,7340 HIGHWAY 26 WEST,OBERLIN,LA,70655,NOL,IGSA,Male,64.538144,100.556054,29.928251,33.049327,12.358744,51.417040,124.475336,0.000000,0.000000,14.008969,8.910314,4.932735,148.040359,111.098655,170,ODO,12/12/2024,,PBNDS 2011 - 2016 Revised,Pass
2025-05-12,ATLANTA US PEN,"601 MCDONOUGH BOULEVARD, SE",ATLANTA,GA,30315,ATL,BOP,Female/Male,20.714667,21.690583,7.461883,5.704036,3.883408,14.107623,24.632287,0.000000,0.000000,1.210762,0.461883,0.219731,36.847534,34.448430,N/A,,,,,
2025-05-12,BAKER COUNTY SHERIFF DEPT.,1 SHERIFF OFFICE DRIVE,MACCLENNY,FL,32063,MIA,IGSA,Female/Male,39.673023,33.699552,35.650224,93.251121,85.995516,149.798206,57.430493,22.197309,19.170404,35.309417,17.192825,13.322870,182.771300,182.995516,192,ODO,10/24/2024,,NDS 2019,Pass
2025-05-12,BERLIN FED. CORR. INST.,1 SUCCESS LOOP DR.,BERLIN,NH,03570,BOS,BOP,,22.428571,29.089686,3.049327,9.713004,11.573991,13.529148,39.834081,0.000000,0.062780,6.354260,0.982063,4.336323,41.753363,17.345291,N/A,,,,,
2025-05-12,BLUEBONNET DETENTION FACILITY,400 2ND STREET,ANSON,TX,79501,DAL,DIGSA,Male,35.580410,356.179372,175.026906,255.125561,106.869955,342.748879,478.807175,12.901345,58.744395,76.582960,48.735426,73.493274,694.390135,538.466368,750,ODO,12/12/2024,,PBNDS 2011 - 2016 Revised,Pass
2025-05-12,BOONE COUNTY JAIL,3020 CONRAD LANE,BURLINGTON,KY,41005,CHI,USMS IGA,Female/Male,40.428395,33.242152,26.659193,35.538117,54.062780,109.026906,35.497758,4.013453,0.964126,34.560538,12.506726,13.358744,89.076233,100.300448,N/A,ODO,11/21/2024,,NDS 2019,Pass
2025-05-12,BROOME COUNTY JAIL,897 FRONT STREET,BINGHAMPTON,NY,13905,BUF,IGSA,Female/Male,4.452830,1.955157,0.152466,0.035874,0.026906,0.237668,1.874439,0.000000,0.058296,0.000000,0.000000,0.000000,2.170404,0.820628,N/A,,,,NDS 2019,
2025-05-12,BROWARD COUNTY JAIL,555 SE 1ST AVENUE,FT.LAUDERDALE,FL,33301,MIA,IGSA,Female/Male,1.064516,0.412556,0.246637,1.237668,0.300448,0.354260,1.636771,0.049327,0.156951,0.000000,0.000000,0.000000,2.197309,1.291480,N/A,,,,,
2025-05-12,BROWARD TRANSITIONAL CENTER,3900 NORTH POWERLINE ROAD,POMPANO BEACH,FL,33073,MIA,CDF,Female/Male,30.372657,481.327354,154.914798,6.327354,1.026906,120.699552,426.780269,15.376682,80.739910,12.125561,19.394619,23.286996,588.789238,413.856502,700,ODO,12/19/2024,,PBNDS 2011 - 2016 Revised,Pass
2025-05-12,BUFFALO SERVICE PROCESSING CENTER,4250 FEDERAL DRIVE,BATAVIA,NY,14020,BUF,SPC,Male,48.805944,254.605381,52.327354,135.322870,145.973094,257.717489,330.511211,0.000000,0.000000,104.753363,18.654709,18.663677,446.156951,436.394619,400,ODO,10/31/2024,,PBNDS 2011 - 2016 Revised,Pass
2025-05-12,BUTLER COUNTY JAIL,705 HANOVER STREET,HAMILTON,OH,45011,DET,USMS IGA,Female/Male,19.958647,32.757848,7.497758,10.354260,3.968610,14.143498,35.829596,0.816143,3.789238,2.744395,2.022422,3.730942,46.080717,33.399103,N/A,ODO,,,NDS 2019,Pass
2025-05-12,CALHOUN COUNTY CORRECTIONAL CENTER,185 EAST MICHIGAN AVENUE,BATTLE CREEK,MI,49014,DET,IGSA,Female/Male,41.490494,63.179372,34.058296,30.995516,14.228700,46.735426,81.883408,2.793722,11.049327,10.336323,4.937220,10.197309,116.991031,118.031390,75,ODO,8/22/2024,Scheduled,NDS 2019,Pass
2025-05-12,CAMPBELL CO DET CTR,601 CENTRAL AVE,NEWPORT,KY,41071,CHI,USMS IGA,,17.634146,3.964126,2.049327,4.269058,1.143498,4.793722,6.632287,0.000000,0.000000,1.497758,1.224215,1.497758,7.206278,2.798206,N/A,,,,FPBDS,
2025-05-12,CAROLINE DETENTION FACILITY,11093 S.W. LEWIS MEMORIAL DRIVE,BOWLING GREEN,VA,22427,WAS,DIGSA,Female/Male,53.275629,112.591928,38.197309,67.022422,75.941704,131.443946,148.991031,8.062780,5.255605,38.161435,14.152466,15.878924,225.560538,172.609865,224,ODO,4/15/2025,,PBNDS 2011 - 2016 Revised,Pending Final Report
2025-05-12,CASS COUNTY JAIL,336 MAIN STREET,PLATTSMOUTH,NE,68048,SPM,USMS IGA,Female/Male,6.684211,0.260090,0.174888,0.376682,0.363229,0.995516,0.125561,0.000000,0.053812,0.242152,0.304933,0.121076,0.506726,0.874439,N/A,,,,FPBDS,
2025-05-12,"CCA, FLORENCE CORRECTIONAL CENTER",1100 BOWLING ROAD,FLORENCE,AZ,85232,PHO,USMS IGA,Male,63.713459,63.802691,43.390135,151.062780,143.269058,251.905830,149.618834,0.000000,0.000000,52.336323,22.224215,25.914798,301.049327,256.188341,N/A,ODO,12/12/2024,,NDS 2019,Pass
2025-05-12,CENTRAL LOUISIANA ICE PROCESSING CENTER (CLIPC),830 PINEHILL ROAD,JENA,LA,71342,NOL,DIGSA,Female/Male,53.387412,408.771300,227.112108,337.704036,210.237668,507.582960,675.618834,0.269058,0.354260,104.264574,51.982063,59.547085,968.031390,906.251121,"1,170",ODO,1/9/2025,,PBNDS 2011 - 2016 Revised,Pass
2025-05-12,CHASE COUNTY JAIL,301 SOUTH WALNUT STREET,COTTONWOOD FALL,KS,66845,CHI,IGSA,Female/Male,24.352747,24.349776,20.807175,34.367713,18.147982,51.233184,38.107623,4.515695,3.816143,11.313901,4.753363,6.327354,75.278027,87.017937,N/A,ODO,3/13/2025,,NDS 2019,Pass
2025-05-12,CHIPPEWA COUNTY SSM,325 COURT STREET,SAULT STE MARIE,MI,49783,DET,IGSA,Female/Male,47.482143,11.300448,5.551570,6.834081,5.484305,11.174888,17.995516,0.000000,0.000000,4.757848,0.569507,1.385650,22.457399,24.049327,N/A,ODO,4/3/2025,,NDS 2019,Pass
2025-05-12,CHITTENDEN REGIONAL CORRECTIONAL FACILITY,7 FARRELL STREET,SOUTH BURLINGTON,VT,05403,BOS,USMS IGA,Female/Male,4.124088,2.484305,0.094170,0.004484,0.000000,0.000000,0.008969,0.197309,2.376682,0.000000,0.008969,0.000000,2.573991,1.515695,N/A,ORSA,4/12/2024,Scheduled,ORSA NDS 2019,Pass
2025-05-12,CIBOLA COUNTY CORRECTIONAL CENTER,2000 CIBOLA LOOP,MILAN,NM,87021,ELP,IGSA,Male,37.551037,159.690583,46.210762,11.681614,6.219731,28.524664,195.197309,0.080717,0.000000,7.080717,2.843049,8.237668,205.641256,184.264574,N/A,ODO,2/27/2025,,PBNDS 2011 - 2016 Revised,Pass
2025-05-12,CIMMARRON CORR FACILITY,3700 S. KINGS HWY,CUSHING,OK,74023,DAL,USMS IGA,,18.630872,67.121076,18.004484,0.470852,0.421525,15.524664,70.309417,0.000000,0.183857,2.053812,1.452915,1.995516,80.515695,52.417040,N/A,,,,FPBDS,
2025-05-12,CLARK COUNTY JAIL (IN),501 EAST COURT AVE.,JEFFERSONVILLE,IN,47130,CHI,USMS IGA,,11.250000,4.542601,2.013453,1.475336,1.394619,0.560538,1.273543,2.430493,5.161435,1.210762,0.672646,0.874439,6.668161,3.430493,N/A,,,,FPBDS,
2025-05-12,CLAY COUNTY JUSTICE CENTER,611 EAST JACKSON STREET,BRAZIL,IN,47834,CHI,USMS IGA,Female/Male,19.158831,63.663677,30.668161,90.461883,61.582960,136.390135,96.165919,7.681614,6.139013,31.493274,11.614350,14.358744,188.910314,166.582960,N/A,ODO,6/27/2024,Scheduled,NDS 2019,Pass
2025-05-12,CLINTON COUNTY CORRECTIONAL FACILITY,58 PINE MOUNTAIN RD.,MCELHATTAN,PA,17748,PHI,USMS IGA,Male,67.304029,4.627803,24.417040,34.264574,16.739910,70.614350,5.578475,2.529148,1.327354,22.587444,8.188341,1.497758,47.775785,66.201794,N/A,ODO,1/16/2025,,NDS 2019,Pass
2025-05-12,CLINTON COUNTY JAIL,25 MCCARTHY DRIVE,PLATTSBURGH,NY,12901,BUF,USMS IGA,Female/Male,6.535354,2.677130,0.910314,1.838565,0.170404,0.470852,0.762332,1.331839,3.031390,0.802691,0.080717,0.896861,3.816143,3.304933,N/A,ODO,6/6/2024,Scheduled,NDS 2019,Pass
2025-05-12,COASTAL BEND DETENTION FACILITY,4909 FM 2826,ROBSTOWN,TX,78380,HLG,USMS IGA,Male,2.948659,8.717489,5.139013,3.748879,1.354260,5.269058,11.650224,0.304933,1.735426,1.242152,0.753363,1.515695,15.448430,17.946188,N/A,ODO,2/6/2025,,NDS 2019,Pass
2025-05-12,COLLIER COUNTY NAPLES JAIL CENTER,3347 TAMIAMI TRAIL E,NAPLES,FL,34112,MIA,IGSA,Female/Male,2.370861,6.744395,1.964126,2.618834,1.587444,6.426009,5.919283,0.228700,0.340807,0.134529,0.183857,0.336323,12.260090,8.551570,N/A,ODO,12/5/2024,,NDS 2019,Pass
2025-05-12,CORR. CTR OF NORTHWEST OHIO,"3151 ROAD 24.25, ROUTE 1",STRYKER,OH,43557,DET,USMS IGA,Male,19.470588,8.215247,1.919283,3.430493,1.313901,4.565022,7.286996,0.381166,2.645740,2.116592,0.726457,1.286996,10.748879,10.246637,N/A,,,,FPBDS,
2025-05-12,CUMBERLAND COUNTY JAIL,50 COUNTY WAY,PORTLAND,ME,04102,BOS,USMS IGA,Female/Male,36.366516,8.358744,1.659193,23.587444,18.237668,21.775785,19.704036,3.291480,7.071749,6.470852,1.278027,3.730942,40.363229,35.385650,N/A,ODO,9/12/2024,Scheduled,NDS 2019,Pass
2025-05-12,DAKOTA COUNTY JAIL,1601 BROADWAY,DAKOTA CITY,NE,68731,SPM,USMS IGA,Female/Male,11.336493,2.887892,3.681614,6.112108,2.663677,10.112108,4.188341,0.210762,0.834081,0.587444,1.322870,2.569507,10.865471,9.399103,N/A,ORSA,12/7/2024,,ORSA NDS 2019,Pass
2025-05-12,DALLAS COUNTY JAIL - LEW STERRETT JUSTICE CENTER,111 WEST COMMERCE STREET,DALLAS,TX,75202,DAL,USMS IGA,Female/Male,1.258016,7.654709,0.000000,0.008969,0.008969,2.905830,4.201794,0.161435,0.403587,0.000000,0.013453,0.004484,7.654709,3.829596,N/A,ODO,7/18/2024,Scheduled,NDS 2019,Pass
2025-05-12,DELANEY HALL DETENTION FACILITY,451 DOREMUS AVENUE,NEWARK,NJ,07105,NEW,CDF,Female/Male,4.461538,0.923767,0.403587,1.650224,0.811659,1.304933,2.264574,0.022422,0.197309,0.434978,0.170404,0.547085,2.636771,1.762332,700,,,,PBNDS 2011,
2025-05-12,DENVER CONTRACT DETENTION FACILITY,3130 OAKLAND ST,AURORA,CO,80010,DEN,CDF,Female/Male,73.444130,587.704036,206.515695,202.977578,150.134529,296.282511,781.340807,20.784753,48.923767,122.654709,57.327354,52.780269,914.569507,689.381166,600,ODO,2/13/2025,,PBNDS 2011 - 2016 Revised,Pass
2025-05-12,DEPARTMENT OF CORRECTIONS HAGATNA,203 ASPINAL AVE. PO BOX 3236,HAGATNA,GU,96910,SFR,USMS IGA,Female/Male,45.354839,0.000000,2.318386,2.798206,0.502242,4.600897,1.017937,0.000000,0.000000,3.300448,0.744395,0.412556,1.161435,5.156951,N/A,ORSA,3/14/2024,,ORSA NDS 2019,Pending Final Rating
2025-05-12,DESERT VIEW ANNEX,10450 RANCHO ROAD,ADELANTO,CA,92301,LOS,CDF,Male,48.116721,214.183857,36.062780,70.775785,88.887892,152.309417,257.497758,0.013453,0.089686,21.834081,8.547085,7.847534,371.681614,247.982063,480,ODO,2/27/2025,,PBNDS 2011 - 2016 Revised,Pass
2025-05-12,DILLEY IMMIGRATION PROCESSING CENTER,300 EL RANCHO WAY,DILLEY,TX,78017,SNA,DIGSA,Female/Male,11.908714,22.322870,0.165919,0.000000,0.000000,0.000000,10.071749,0.121076,12.295964,0.000000,0.107623,0.013453,22.367713,18.775785,960,ODO,6/4/2024,,FRS,Pass
2025-05-12,DODGE COUNTY JAIL,215 WEST CENTRAL STREET,JUNEAU,WI,53039,CHI,USMS IGA,Female/Male,39.463343,11.515695,16.031390,45.286996,41.340807,86.004484,26.726457,0.421525,1.022422,17.434978,8.654709,6.973094,81.112108,88.152466,N/A,ODO,4/3/2025,,NDS 2019,Pending Final Report
2025-05-12,EDEN DETENTION CTR,702 E BROADWAY ST,EDEN,TX,76837,DAL,USMS IGA,Male,29.609644,96.242152,9.573991,1.452915,0.596413,8.286996,99.573991,0.000000,0.004484,0.000000,0.354260,1.085202,106.426009,51.551570,N/A,ODO,2/27/2025,,NDS 2019,Pass
2025-05-12,EL PASO SERVICE PROCESSING CENTER,8915 MONTANA AVE.,EL PASO,TX,79925,ELP,SPC,Female/Male,26.864619,327.991031,188.125561,151.600897,86.973094,285.322870,263.529148,63.035874,142.802691,81.529148,63.448430,94.946188,514.766816,604.852018,450,ODO,2/13/2025,,PBNDS 2011 - 2016 Revised,Pass
2025-05-12,EL PASO SOFT SIDED FACILITY,12501 GATEWAY BLVD S,EL PASO,TX,79934,ELP,STAGING,,2.729062,14.717489,13.578475,6.197309,3.067265,19.524664,15.721973,1.080717,1.233184,4.139013,4.452915,10.345291,18.623318,36.829596,N/A,,,,,
2025-05-12,EL VALLE DETENTION FACILITY,1800 INDUSTRIAL DRIVE,RAYMONDVILLE,TX,78580,HLG,DIGSA,Female/Male,30.605302,698.448430,49.452915,58.201794,40.753363,126.457399,280.739910,20.923767,418.735426,36.219731,19.224215,21.632287,769.780269,504.668161,600,ODO,3/6/2025,,PBNDS 2011 - 2016 Revised,Pass
2025-05-12,ELIZABETH CONTRACT DETENTION FACILITY,625 EVANS STREET,ELIZABETH,NJ,07201,NEW,CDF,Female/Male,16.460193,94.928251,162.780269,21.215247,8.300448,61.923767,207.049327,1.878924,16.372197,5.551570,9.695067,14.883408,257.094170,166.704036,285,ODO,12/5/2024,,PBNDS 2011 - 2016 Revised,Pass
2025-05-12,ELOY FEDERAL CONTRACT FACILITY,1705 EAST HANNA RD.,ELOY,AZ,85131,PHO,DIGSA,Female/Male,36.903710,1033.183857,56.457399,126.869955,137.354260,170.587444,538.053812,83.479821,561.744395,102.224215,48.251121,70.488789,1132.901345,773.973094,900,ODO,10/31/2024,,PBNDS 2011 - 2016 Revised,Pass
2025-05-12,ERIE COUNTY JAIL,DEPARTMENT OF CORRECTIONS 1618 ASH STREET,ERIE,PA,16503,PHI,USMS IGA,Female/Male,7.362745,3.887892,2.174888,1.112108,0.556054,1.578475,6.022422,0.000000,0.130045,0.304933,0.026906,0.000000,7.399103,3.520179,N/A,ORSA,3/20/2024,,ORSA NDS 2019,Pass
2025-05-12,ETOWAH COUNTY JAIL (ALABAMA),827 FORREST AVENUE,GADSDEN,AL,35901,NOL,USMS IGA,Male,4.560656,8.121076,3.807175,5.125561,2.062780,6.910314,9.713004,0.968610,1.524664,0.125561,0.040359,0.098655,18.852018,10.556054,N/A,ODO,,,NDS 2000,Pass
2025-05-12,FDC PHILADELPHIA,700 ARCH ST.,PHILADELPHIA,PA,19106,PHI,BOP,,8.696124,16.771300,5.556054,6.856502,9.426009,19.304933,19.304933,0.000000,0.000000,5.905830,2.372197,1.609865,28.721973,23.802691,N/A,,,,,
2025-05-12,FLORENCE SERVICE PROCESSING CENTER,3250 NORTH PINAL PARKWAY,FLORENCE,AZ,85132,PHO,SPC,Male,12.556135,303.165919,75.883408,2.771300,2.000000,82.233184,301.237668,0.183857,0.165919,1.345291,5.614350,34.000000,342.860987,207.627803,392,ODO,2/13/2025,,PBNDS 2011 - 2016 Revised,Pass
2025-05-12,FLORENCE STAGING FACILITY,3250 NORTH PINAL PARKWAY,FLORENCE,AZ,85232,PHO,STAGING,Male,2.221845,97.739910,41.251121,29.757848,13.273543,62.031390,113.426009,3.125561,3.439462,3.623318,2.322870,4.000000,172.076233,129.233184,N/A,ODO,12/12/2024,Scheduled,PBNDS 2011 - 2016 Revised,Pass
2025-05-12,FOLKSTON ANNEX IPC,3424 HIGHWAY 252 EAST,FOLKSTON,GA,31537,ATL,DIGSA,Male,41.227910,185.677130,34.004484,39.327354,14.547085,65.708520,207.672646,0.000000,0.174888,8.672646,4.538117,9.430493,250.914798,186.264574,338,ODO,1/30/2025,,PBNDS 2011 - 2016 Revised,Pass
2025-05-12,FOLKSTON MAIN IPC,3026 HWY 252 EAST,FOLKSTON,GA,31537,ATL,DIGSA,Male,41.235802,341.022422,145.623318,95.197309,43.130045,173.565022,450.995516,0.358744,0.053812,18.825112,16.206278,23.363229,566.578475,427.255605,544,ODO,1/30/2025,,PBNDS 2011 - 2016 Revised,Pass
2025-05-12,FREEBORN COUNTY ADULT DETENTION CENTER,411 SOUTH BROADWAY AVENUE,ALBERT LEA,MN,56007,SPM,IGSA,Male,46.922636,14.905830,12.376682,37.941704,11.681614,43.668161,33.237668,0.000000,0.000000,9.780269,3.385650,5.448430,58.291480,59.112108,N/A,ODO,3/6/2025,,NDS 2019,Pass
2025-05-12,GEAUGA COUNTY JAIL,12450 MERRITT DR,CHARDON,OH,44024,DET,USMS IGA,Female/Male,47.267176,22.896861,11.852018,6.538117,2.394619,16.461883,19.443946,1.309417,6.466368,2.434978,2.762332,1.744395,36.739910,33.560538,N/A,ODO,1/30/2025,,NDS 2019,Pass
2025-05-12,GLADES COUNTY DETENTION CENTER,1297 EAST SR 78,MOORE HAVEN,FL,33471,MIA,IGSA,Female/Male,8.483516,6.654709,2.094170,8.273543,10.291480,15.905830,11.237668,0.170404,0.000000,7.569507,1.672646,1.067265,17.004484,24.775785,500,ODO,,,NDS 2019,Pass
2025-05-12,GOLDEN STATE ANNEX,611 FRONTAGE RD,MCFARLAND,CA,93250,SFR,CDF,Female/Male,86.151111,201.636771,67.636771,122.538117,170.538117,286.403587,275.766816,0.000000,0.179372,131.636771,21.757848,11.363229,397.591928,318.022422,560,ODO,1/30/2025,,PBNDS 2011 - 2016 Revised,Pass
2025-05-12,GRAND FORKS COUNTY CORRECTIONAL FACILITY,1701 NORTH WASHINGTON ST,GRAND FORKS,ND,58203,SPM,USMS IGA,Female/Male,4.890625,0.233184,0.076233,3.807175,0.116592,1.636771,2.488789,0.049327,0.058296,0.022422,0.071749,0.031390,4.107623,2.596413,N/A,ODO,7/11/2024,Scheduled,NDS 2019,Pass
2025-05-12,GRAYSON COUNTY JAIL,320 SHAW STATION ROAD,LEITCHFIELD,KY,42754,CHI,USMS IGA,Female/Male,8.349544,13.843049,4.551570,10.309417,3.349776,4.470852,2.228700,11.125561,14.228700,4.838565,2.107623,5.008969,20.098655,20.394619,N/A,ODO,8/22/2024,Scheduled,NDS 2019,Pass
2025-05-12,GREENE COUNTY JAIL,1199 N HASELTINE RD,SPRINGFIELD,MO,65802,CHI,USMS IGA,Female/Male,19.686594,33.094170,9.300448,25.457399,16.053812,39.313901,38.977578,2.062780,3.551570,9.582960,6.551570,6.421525,61.349776,64.426009,N/A,,,,FPBDS,
2025-05-12,HANCOCK COUNTY PUBLIC SAFETY COMPLEX,8450 HIGHWAY 90,BAY ST. LOUIS,MS,39520,NOL,IGSA,Female/Male,2.081679,10.008969,5.789238,3.852018,1.139013,5.295964,13.376682,0.300448,1.816143,0.103139,0.188341,0.147982,20.349776,13.219731,N/A,ODO,5/8/2025,,NDS 2019,Pending Final Report
2025-05-12,HARDIN COUNTY JAIL,1116 14TH AVENUE,ELDORA,IA,50627,SPM,IGSA,Female/Male,8.571429,0.174888,0.295964,0.452915,0.143498,0.775785,0.291480,0.000000,0.000000,0.304933,0.121076,0.116592,0.524664,0.690583,N/A,,,,NDS 2019,
2025-05-12,HENDERSON DETENTION,18 E BASIC ROAD,HENDERSON,NV,89015,SLC,USMS IGA,Female/Male,27.742284,14.910314,22.080717,23.784753,10.035874,37.766816,17.672646,8.928251,6.443946,12.183857,7.363229,6.336323,44.928251,55.331839,N/A,ODO,9/19/2024,Scheduled,NDS 2019,Pass
2025-05-12,HONOLULU FEDERAL DETENTION CENTER,351 ELLIOTT ST.,HONOLULU,HI,96819,SFR,BOP,Female/Male,45.007042,4.004484,8.852018,14.659193,3.838565,16.860987,9.905830,0.645740,3.941704,10.224215,4.089686,2.529148,14.511211,24.264574,N/A,,,,,
2025-05-12,HOPKINS COUNTY JAIL,2250 LAFOON TRAIL,MADISONVILLE,KY,42431,CHI,USMS IGA,,2.566667,0.560538,0.228700,0.412556,0.340807,0.923767,0.587444,0.026906,0.004484,0.071749,0.313901,0.286996,0.869955,0.479821,N/A,,,,FPBDS,
2025-05-12,HOUSTON CONTRACT DETENTION FACILITY,15850 EXPORT PLAZA DRIVE,HOUSTON,TX,77032,HOU,CDF,Female/Male,45.591583,731.878924,63.417040,24.161435,9.165919,37.322870,450.147982,20.340807,320.811659,17.461883,14.968610,16.434978,779.757848,464.573991,750,ODO,1/30/2025,,PBNDS 2011 - 2016 Revised,Pass
2025-05-12,IAH SECURE ADULT DETENTION FACILITY (POLK),3400 FM 350 SOUTH,LIVINGSTON,TX,77351,HOU,DIGSA,Male,33.393599,635.730942,113.103139,36.986547,13.479821,82.165919,717.134529,0.000000,0.000000,14.892377,14.417040,31.174888,738.816143,401.408072,350,ODO,2/13/2025,,NDS 2019,Pending Final Report
2025-05-12,IMPERIAL REGIONAL DETENTION FACILITY,1572 GATEWAY,CALEXICO,CA,92231,SND,CDF,Female/Male,56.263623,573.991031,27.452915,30.556054,34.340807,81.089686,523.699552,1.390135,60.161435,30.811659,12.098655,12.762332,610.668161,218.762332,640,ODO,1/16/2025,,PBNDS 2011 - 2016 Revised,Pass
2025-05-12,JACKSON PARISH CORRECTIONAL CENTER,327 INDUSTRIAL DRIVE,JONESBORO,LA,71251,NOL,DIGSA,Female/Male,30.739955,917.376682,104.412556,3.322870,1.497758,33.802691,986.246637,1.188341,5.372197,2.591928,4.910314,11.757848,1007.349776,382.713004,500,ODO,12/12/2024,,PBNDS 2011 - 2016 Revised,Pass
2025-05-12,JEFFERSON COUNTY JAIL,219 EAST FREMONT AVENUE,RIGBY,ID,83442,SLC,IGSA,Female/Male,2.570248,0.887892,1.336323,1.381166,0.663677,3.206278,1.013453,0.044843,0.004484,0.040359,0.139013,0.098655,3.991031,3.390135,N/A,ODO,7/18/2024,Scheduled,NDS 2019,Pass
2025-05-12,JOE CORLEY PROCESSING CTR,500 HILBIG RD,CONROE,TX,77301,HOU,IGSA,Female/Male,41.767319,683.017937,89.565022,25.511211,12.811659,72.887892,738.017937,0.000000,0.000000,26.094170,14.573991,21.946188,748.291480,682.506726,N/A,ODO,12/19/2024,Scheduled,NDS 2019,Pass
2025-05-12,JTF CAMP SIX,AVENUE C PSC 1005 BOX 55,FPO,FL,34009,MIA,DOD,,8.917266,0.802691,0.681614,5.022422,5.295964,5.542601,6.260090,0.000000,0.000000,1.932735,1.139013,1.174888,7.556054,11.802691,N/A,,,,,
2025-05-12,KANDIYOHI COUNTY JAIL,2201 23RD ST NE,WILLMAR,MN,56201,SPM,IGSA,Female/Male,51.120898,27.125561,19.636771,73.538117,23.941704,73.654709,58.865471,7.726457,3.995516,26.991031,11.708520,8.524664,97.017937,110.237668,N/A,ODO,3/13/2025,,NDS 2019,Pass
2025-05-12,KARNES COUNTY IMMIGRATION PROCESSING CENTER,409 FM 1144,KARNES CITY,TX,78118,SNA,DIGSA,Female/Male,30.139271,790.479821,36.313901,1.179372,0.278027,22.457399,561.802691,4.399103,239.591928,0.905830,3.596413,18.659193,805.089686,459.174888,928,ODO,9/19/2024,Scheduled,PBNDS 2011 - 2016 Revised,Pass
2025-05-12,KAY CO JUSTICE FACILITY,1101 WEST DRY ROAD,NEWKIRK,OK,74647,CHI,IGSA,Female/Male,27.352632,37.843049,27.376682,22.026906,12.874439,46.295964,53.793722,0.000000,0.031390,10.309417,8.107623,9.143498,72.560538,84.932735,N/A,ODO,3/7/2025,,NDS 2019,Pending Final Report
2025-05-12,KNOX COUNTY DETENTION FACILITY,5001 MALONEYVILLE RD,KNOXVILLE,TN,37918,NOL,USMS IGA,Female/Male,2.946903,6.869955,6.165919,5.183857,2.071749,9.995516,8.784753,0.569507,0.941704,0.237668,0.161435,0.318386,19.573991,12.874439,N/A,ODO,9/26/2024,Scheduled,NDS 2019,Pass
2025-05-12,KROME NORTH SERVICE PROCESSING CENTER,18201 SW 12TH ST,MIAMI,FL,33194,MIA,SPC,Male,20.036382,165.910314,54.663677,294.775785,288.013453,440.385650,361.784753,0.775785,0.417040,84.811659,33.336323,30.529148,654.686099,512.829596,450,ODO,5/1/2025,,PBNDS 2011 - 2016 Revised,Pending Final Report
2025-05-12,LA SALLE COUNTY REGIONAL DETENTION CENTER,832 EAST TEXAS STATE HIGHWAY 44,ENCINAL,TX,78019,SNA,USMS IGA,Male,13.685714,32.748879,2.139013,0.049327,0.408072,3.345291,32.000000,0.000000,0.000000,0.000000,0.017937,2.538117,32.789238,23.017937,N/A,ODO,2/7/2025,,,Pending Final Report
2025-05-12,LAREDO PROCESSING CENTER,4702 EAST SAUNDERS STREET,LAREDO,TX,78041,HLG,DIGSA,Female/Male,29.398129,332.475336,7.986547,6.834081,7.443946,0.309417,4.901345,15.322870,334.206278,3.744395,3.228700,6.874439,340.892377,203.565022,N/A,ODO,3/20/2025,,NDS 2019,Pass
2025-05-12,LAUREL COUNTY SHERIFFS JAIL,203 SOUTH BROAD ST.,LONDON,KY,40741,CHI,USMS IGA,Female/Male,2.627273,0.524664,0.246637,0.309417,0.246637,0.390135,0.089686,0.273543,0.573991,0.013453,0.000000,0.017937,1.295964,0.762332,N/A,,,,FPBDS,
2025-05-12,LEAVENWORTH US PENITENTIARY,1300 METROPOLITAN AVE.,LEAVENWORTH,KS,66048,CHI,BOP,Female/Male,19.824675,9.748879,2.977578,5.730942,7.713004,15.910314,10.260090,0.000000,0.000000,6.286996,1.515695,1.735426,16.632287,25.282511,N/A,,,,,
2025-05-12,LEXINGTON COUNTY JAIL,521 GIBSON ROAD,LEXINGTON,SC,29072,ATL,USMS IGA,Female/Male,1.511667,1.165919,1.860987,0.713004,0.300448,1.856502,1.735426,0.076233,0.372197,0.026906,0.013453,0.000000,4.000000,2.852018,N/A,ODO,8/8/2024,Scheduled,NDS 2019,Pass
2025-05-12,LIMESTONE COUNTY DETENTION CENTER,910 NORTH TYUS STREET,GROESBECK,TX,76642,HOU,USMS IGA,Male,12.114754,16.139013,2.089686,5.659193,4.237668,8.529148,19.596413,0.000000,0.000000,1.394619,0.497758,0.004484,26.228700,23.130045,N/A,ODO,3/27/2025,,NDS 2019,Pass
2025-05-12,LINCOLN COUNTY JAIL,3020 N JEFFERS,NORTH PLATTE,NE,69101,SPM,USMS IGA,Female/Male,4.304762,0.511211,0.560538,0.982063,0.286996,1.291480,0.887892,0.000000,0.161435,0.103139,0.049327,0.022422,2.165919,1.798206,N/A,ODO,12/23/2024,,,Pending Final Report
2025-05-12,LUBBOCK COUNTY DETENTION CENTER,811 MAIN STREET,LUBBOCK,TX,79401,DAL,USMS IGA,Female/Male,1.544776,0.784753,0.865471,0.233184,0.044843,0.645740,1.183857,0.017937,0.080717,0.076233,0.022422,0.076233,1.753363,0.977578,N/A,ORSA,3/26/2024,Scheduled,ORSA NDS 2019,Pass
2025-05-12,MADISON COUNTY JAIL,2935 HIGHWAY 51,CANTON,MS,39046,NOL,USMS IGA,Female/Male,2.145374,1.461883,1.349776,1.013453,0.650224,1.668161,2.529148,0.040359,0.237668,0.017937,0.031390,0.017937,4.408072,3.031390,N/A,ODO,9/26/2024,Scheduled,NDS 2019,Pass
2025-05-12,MAHONING COUNTY JAIL,110 FIFTH AVENUE,YOUNGSTOWN,OH,44503,DET,USMS IGA,Female/Male,11.920000,9.004484,1.040359,0.269058,0.390135,1.434978,7.524664,0.183857,1.560538,0.502242,0.479821,0.524664,9.197309,6.017937,N/A,,,,FPBDS,
2025-05-12,MARION COUNTY JAIL,40 SOUTH ALABAMA STREET,INDIANAPOLIS,IN,46204,CHI,USMS IGA,Female/Male,8.612403,9.506726,4.986547,8.197309,4.726457,13.094170,14.286996,0.004484,0.031390,2.762332,2.672646,3.484305,18.497758,12.538117,N/A,ORSA,,,ORSA NDS 2019,Pass
2025-05-12,MESA VERDE ICE PROCESSING CENTER,425 GOLDEN STATE AVE,BAKERSFIELD,CA,93301,SFR,CDF,Female/Male,190.058824,0.000000,2.847534,13.260090,34.784753,50.892377,0.000000,0.000000,0.000000,35.502242,1.744395,0.614350,13.031390,42.479821,320,ODO,6/13/2024,Scheduled,PBNDS 2011 - 2016 Revised,Pass
2025-05-12,MIAMI FEDERAL DETENTION,33 NE 4 STREET,MIAMI,FL,33132,MIA,BOP,Female/Male,29.395420,14.699552,11.403587,79.565022,46.044843,78.825112,72.708520,0.179372,0.000000,22.852018,10.322870,5.964126,112.573991,80.511211,N/A,,,,,
2025-05-12,MIGRANT OPS CENTER MAIN A,AVENUE C PSC 1005 BOX 55,FPO,FL,34009,MIA,MOC,,8.160714,8.112108,1.269058,0.098655,0.031390,1.107623,8.403587,0.000000,0.000000,0.004484,0.224215,0.654709,8.627803,9.511211,N/A,,,,,
2025-05-12,MILLER COUNTY JAIL,2300 EAST STREET,TEXARKANA,AR,71854,NOL,USMS IGA,Female/Male,2.319328,0.219731,0.309417,0.587444,0.134529,0.735426,0.493274,0.008969,0.013453,0.000000,0.008969,0.026906,1.215247,0.726457,N/A,ORSA,3/11/2024,,ORSA NDS 2019,Pass
2025-05-12,MONROE COUNTY DETENTION-DORM,7000 EAST DUNBAR ROAD,MONROE,MI,48161,DET,IGSA,Male,39.219144,69.771300,20.645740,3.295964,2.040359,11.506726,83.901345,0.000000,0.345291,1.291480,1.753363,3.659193,89.049327,60.852018,N/A,ODO,3/13/2025,,NDS 2019,Pass
2025-05-12,MONTGOMERY ICE PROCESSING CENTER,806 HILBIG RD,CONROE,TX,77301,HOU,CDF,Female/Male,32.798744,147.578475,578.071749,345.430493,147.829596,635.856502,473.923767,48.946188,60.183857,221.780269,146.067265,162.739910,688.322870,868.147982,750,ODO,12/5/2024,Scheduled,PBNDS 2011 - 2016 Revised,Pass
2025-05-12,MOSHANNON VALLEY PROCESSING CENTER,555 GEO DRIVE,PHILIPSBURG,PA,16866,PHI,DIGSA,Female/Male,68.869438,252.443946,99.107623,543.995516,404.547085,711.632287,539.582960,26.201794,22.677130,237.627803,71.762332,83.452915,907.251121,870.452915,800,ODO,3/6/2025,,PBNDS 2011 - 2016 Revised,Pass
2025-05-12,MUSCATINE COUNTY JAIL,400 WALNUT STREET,MUSCATINE,IA,52761,SPM,USMS IGA,Female/Male,12.352941,0.690583,2.071749,0.143498,0.278027,1.556054,1.260090,0.156951,0.210762,0.434978,0.556054,0.466368,1.726457,2.452915,N/A,,,,,
2025-05-12,NASSAU COUNTY CORRECTIONAL CENTER,100 CARMAN AVENUE,EAST MEADOW,NY,11554,NYC,USMS IGA,Female/Male,2.173684,5.139013,0.807175,1.062780,0.726457,2.201794,5.515695,0.013453,0.004484,0.004484,0.008969,0.000000,7.721973,6.735426,N/A,,,,FPBDS,
2025-05-12,NEVADA SOUTHERN DETENTION CENTER,2190 EAST MESQUITE AVENUE,PAHRUMP,NV,89060,SLC,USMS CDF,Female/Male,34.790878,99.210762,104.313901,59.112108,43.739910,194.955157,110.847534,0.147982,0.426009,50.008969,26.000000,20.762332,209.605381,225.910314,N/A,ODO, 9/19/2024,Scheduled,NDS 2019,Pass
2025-05-12,NEW HANOVER COUNTY JAIL,3950 JUVENILE RD,CASTLE HAYNE,NC,28429,ATL,USMS IGA,Female/Male,2.397059,0.390135,0.242152,0.313901,0.538117,0.932735,0.538117,0.013453,0.000000,0.017937,0.000000,0.008969,1.457399,1.085202,N/A,ODO,8/22/2024,Scheduled,NDS 2019,Pass
2025-05-12,NORTHEAST OHIO CORRECTIONAL CENTER,2240 HUBBARD ROAD,YOUNGSTOWN,OH,44505,DET,USMS IGA,Male,17.731266,30.309417,14.645740,9.017937,7.802691,20.291480,41.466368,0.000000,0.017937,5.699552,2.273543,3.950673,49.852018,41.206278,N/A,,,,FPBDS,
2025-05-12,NORTHWEST ICE PROCESSSING CENTER,1623 E. J STREET,TACOMA,WA,98421,SEA,CDF,Female/Male,68.213909,516.497758,102.147982,185.139013,197.452915,355.928251,533.726457,41.304933,70.278027,178.820628,44.515695,28.748879,749.152466,744.161435,"1,181",ODO,1/30/2025,,PBNDS 2011 - 2016 Revised,Pass
2025-05-12,NORTHWEST STATE CORRECTIONAL CENTER,3649 LOWER NEWTON ROAD,SWANTON,VT,05488,BOS,USMS IGA,Female/Male,4.601626,6.887892,0.421525,0.309417,0.130045,0.668161,7.044843,0.000000,0.035874,0.000000,0.004484,0.000000,7.744395,4.632287,N/A,ODO,6/27/2024,Scheduled,NDS 2019,Pass
2025-05-12,OLDHAM COUNTY JAIL,100 W MAIN STREET,LA GRANGE,KY,40031,CHI,USMS IGA,Female/Male,7.833333,12.560538,2.659193,6.650224,5.201794,14.152466,12.376682,0.044843,0.497758,2.766816,3.156951,2.304933,18.843049,14.475336,N/A,ODO,9/19/2024,Scheduled,NDS 2019,Pass
2025-05-12,ORANGE COUNTY JAIL (FL),3855 SOUTH JOHN YOUNG PARKWAY,ORLANDO,FL,32839,MIA,USMS IGA,Female/Male,1.809972,2.950673,1.735426,2.883408,1.242152,2.726457,4.663677,0.354260,1.067265,0.071749,0.013453,0.008969,8.717489,4.744395,N/A,ODO,8/15/2024,Scheduled,NDS 2019,Pass
2025-05-12,ORANGE COUNTY JAIL (NY),110 WELLS FARM ROAD,GOSHEN,NY,10924,NYC,IGSA,Female/Male,39.262911,32.560538,25.506726,24.578475,22.242152,66.017937,38.869955,0.000000,0.000000,11.874439,13.878924,13.426009,65.708520,63.345291,N/A,ODO,12/12/2024,Scheduled,NDS 2019,Pass
2025-05-12,OTAY MESA DETENTION CENTER,7488 CALZADA DE LA FUENTE,SAN DIEGO,CA,92154,SND,CDF,Female/Male,27.388578,781.399103,451.107623,59.121076,54.928251,168.946188,920.363229,16.641256,240.605381,65.000000,28.376682,27.085202,1226.094170,501.112108,750,ODO,11/7/2024,,PBNDS 2011 - 2016 Revised,Pass
2025-05-12,OTERO COUNTY PROCESSING CENTER,26 MCGREGOR RANGE ROAD,CHAPARRAL,NM,88081,ELP,DIGSA,Female/Male,30.252876,657.591928,99.080717,47.237668,18.623318,150.748879,516.179372,6.632287,148.973094,23.062780,19.156951,49.174888,731.139013,687.605381,500,ODO,11/7/2024,,PBNDS 2011 - 2016 Revised,Pass
2025-05-12,PENNINGTON COUNTY JAIL (SOUTH DAKOTA),300 KANSAS CITY STREET NONE,RAPID CITY,SD,57701,SPM,USMS IGA,Female/Male,4.816667,0.300448,0.340807,0.565022,0.125561,0.488789,0.825112,0.000000,0.017937,0.000000,0.071749,0.044843,1.215247,1.062780,N/A,ORSA,3/8/2024,Scheduled,ORSA NDS 2019,Pass
2025-05-12,PHELPS COUNTY JAIL (MO),301 W. 2ND,ROLLA,MO,65401,CHI,USMS IGA,,8.341176,1.860987,1.914798,2.744395,0.515695,2.838565,3.686099,0.022422,0.488789,0.143498,0.542601,0.565022,5.784753,4.551570,N/A,,,,FPBDS,
2025-05-12,PHELPS COUNTY JAIL (NE),715 5TH AVENUE,HOLDREGE,NE,68949,SPM,USMS IGA,Female/Male,43.208861,2.237668,6.910314,10.995516,10.596413,24.901345,4.766816,0.802691,0.269058,2.852018,2.771300,2.147982,22.968610,25.071749,N/A,ODO,2/6/2025,,NDS 2019,Pass
2025-05-12,PICKENS COUNTY DET CTR,188 CEMETERY ST,CARROLLTON,AL,35447,NOL,IGSA,Female/Male,2.982032,10.668161,11.798206,11.125561,4.964126,15.224215,18.775785,2.412556,2.143498,0.304933,0.681614,0.565022,37.004484,29.766816,N/A,ODO,8/6/2024,Scheduled,NDS 2019,Pass
2025-05-12,PIKE COUNTY JAIL,175 PIKE COUNTY BOULEVARD,LORDS VALLEY,PA,18428,PHI,IGSA,Male,44.630580,101.089686,22.556054,33.278027,26.237668,67.663677,115.497758,0.000000,0.000000,10.098655,7.901345,11.735426,153.426009,140.560538,100,ODO,2/27/2025,,PBNDS 2011 - 2016 Revised,Pass
2025-05-12,PINE PRAIRIE ICE PROCESSING CENTER,1133 HAMPTON DUPRE ROAD,PINE PRAIRIE,LA,70576,NOL,DIGSA,Male,10.778750,324.910314,135.511211,158.632287,95.860987,277.591928,436.560538,0.255605,0.506726,31.789238,27.609865,30.264574,625.251121,608.816143,N/A,ODO,4/10/2025,,PBNDS 2011 - 2016 Revised,Pending Final Report
2025-05-12,PINELLAS COUNTY JAIL,14400 49TH STREET NORTH,CLEARWATER,FL,33762,MIA,USMS IGA,Female/Male,1.508244,3.098655,2.825112,2.811659,0.811659,3.713004,5.210762,0.156951,0.466368,0.008969,0.031390,0.040359,9.466368,5.556054,N/A,ODO,9/26/2024,Scheduled,NDS 2019,Pass
2025-05-12,PLATTE COUNTY JAIL,850 MAPLE STREET,WHEATLAND,WY,82201,DEN,USMS IGA,Female/Male,1.891192,0.520179,0.497758,0.479821,0.147982,0.937220,0.708520,0.000000,0.000000,0.107623,0.022422,0.044843,1.470852,1.273543,N/A,ORSA,3/22/2024,Scheduled,ORSA NDS 2019,Pass
2025-05-12,PLYMOUTH COUNTY CORRECTIONAL FACILITY,26 LONG POND ROAD,PLYMOUTH,MA,02360,BOS,IGSA,Male,45.726351,157.717489,26.650224,131.192825,108.448430,142.376682,280.309417,0.264574,1.058296,34.573991,10.735426,13.650224,365.049327,245.686099,N/A,ODO,11/21/2024,,NDS 2019,Pass
2025-05-12,POLK COUNTY JAIL,1985 NE 51ST PLACE,DES MOINES,IA,50313,SPM,USMS IGA,Female/Male,34.563574,6.623318,12.381166,10.739910,10.309417,32.730942,6.977578,0.053812,0.291480,2.995516,0.506726,2.452915,34.098655,35.130045,N/A,ODO,2/16/2025,,NDS 2019,Fail
2025-05-12,PORT ISABEL SPC,27991 BUENA VISTA BOULEVARD,LOS FRESNOS,TX,78566,HLG,SPC,Female/Male,15.129383,991.134529,32.717489,3.798206,6.242152,127.457399,904.865471,0.551570,1.017937,28.717489,32.452915,50.354260,922.367713,599.004484,650,ODO,3/27/2025,,PBNDS 2011 - 2016 Revised,Pending Final Report
2025-05-12,POTTAWATTAMIE COUNTY JAIL,1400 BIG LAKE ROAD,COUNCIL BLUFFS,IA,51501,SPM,USMS IGA,Female/Male,21.121581,2.569507,4.914798,11.502242,16.206278,30.013453,4.049327,0.394619,0.735426,7.278027,2.313901,1.179372,24.421525,29.367713,N/A,ODO,10/24/2024,Scheduled,NDS 2019,Pass
2025-05-12,PRAIRIELAND DETENTION CENTER,1209 SUNFLOWER LN,ALVARADO,TX,76009,DAL,DIGSA,Female/Male,21.059352,297.668161,92.524664,218.125561,132.062780,284.417040,391.488789,23.488789,40.986547,94.242152,54.340807,42.058296,549.739910,451.210762,525,ODO,12/19/2024,Scheduled,PBNDS 2011 - 2016 Revised,Pass
2025-05-12,PRINCE EDWARD COUNTY (FARMVILLE),508 WATERWORKS ROAD,FARMVILLE,VA,23901,WAS,DIGSA,Male,50.684564,171.973094,79.847534,142.278027,139.982063,287.461883,246.022422,0.327354,0.269058,76.156951,32.565022,34.914798,390.443946,333.511211,459,ODO,12/19/2024,,PBNDS 2011 - 2016 Revised,Pass
2025-05-12,PUTNAM COUNTY SHERIFF,421 E SPRING ST.,COOKEVILLE,TN,38501,NOL,USMS IGA,,1.746193,0.573991,0.686099,0.278027,0.085202,0.887892,0.735426,0.000000,0.000000,0.026906,0.026906,0.000000,1.569507,0.825112,N/A,,,,FPBDS,
2025-05-12,RICHWOOD CORRECTIONAL CENTER,180 PINE BAYOU CIRCLE,MONROE,LA,71202,NOL,DIGSA,Male,41.749234,772.968610,47.269058,18.771300,13.982063,37.139013,55.421525,16.067265,744.363229,14.309417,8.771300,16.224215,813.686099,338.964126,677,ODO,11/7/2024,,PBNDS 2011 - 2016 Revised,Pass
2025-05-12,RIO GRANDE DETENTION CENTER,1001 SAN RIO BOULEVARD,LAREDO,TX,78046,HLG,USMS CDF,Male,34.253311,614.484305,10.582960,1.107623,0.932735,27.820628,599.125561,0.000000,0.161435,2.367713,6.896861,17.309417,600.533632,370.183857,275,ODO,1/9/2025,,NDS 2019,Pass
2025-05-12,RIVER CORRECTIONAL CENTER,26362 HIGHWAY 15,FERRIDAY,LA,71334,NOL,DIGSA,Male,84.895369,478.865471,73.349776,3.116592,0.838565,20.816143,535.040359,0.000000,0.313901,1.896861,2.793722,7.587444,543.892377,320.627803,361,ODO,11/21/2024,,PBNDS 2011 - 2016 Revised,Pass
2025-05-12,ROBERT A DEYTON DETENTION FACILITY,11866 HASTINGS BRIDGE ROAD P.O. BOX 429,LOVEJOY,GA,30250,ATL,USMS CDF,Female/Male,2.409739,2.762332,2.174888,3.269058,0.789238,4.300448,4.695067,0.000000,0.000000,0.026906,0.049327,0.000000,8.919283,7.134529,N/A,ODO,,Scheduled,NDS 2019,Pass
2025-05-12,SAIPAN DEPARTMENT OF CORRECTIONS (SUSUPE),"VICENTE T. SEMAN BLDG, CIVIC CENTER",SAIPAN,MP,96950,SFR,USMS IGA,Female/Male,35.357143,2.560538,2.304933,0.443946,0.000000,2.878924,1.959641,0.000000,0.470852,1.717489,0.439462,0.000000,3.152466,4.390135,N/A,ORSA,4/11/2025,,ORSA NDS 2019,Pending Final Rating
2025-05-12,SALT LAKE COUNTY METRO JAIL,3415 SOUTH 900 WEST,SALT LAKE CITY,UT,84119,SLC,USMS IGA,Female/Male,1.801361,1.152466,4.233184,0.466368,0.107623,3.896861,1.587444,0.219731,0.255605,0.681614,0.143498,0.237668,4.896861,5.017937,N/A,ODO,9/27/2024,Scheduled,NDS 2019,Pass
2025-05-12,SAN JUAN STAGING,"651 FEDERAL DRIVE, SUITE 104",GUAYNABO,PR,00965,MIA,STAGING,Female/Male,2.848014,5.968610,0.511211,1.008969,0.372197,1.408072,5.623318,0.080717,0.748879,0.071749,0.044843,0.098655,7.645740,4.825112,N/A,,,,,
2025-05-12,SAN LUIS REGIONAL DETENTION CENTER,406 NORTH AVENUE D,SAN LUIS,AZ,85349,SND,IGSA,Female/Male,8.217870,84.811659,27.116592,3.556054,7.874439,15.067265,83.367713,0.950673,23.973094,8.627803,1.399103,1.659193,111.672646,96.224215,100,ODO,9/26/2024,Scheduled,NDS 2019,Pass
2025-05-12,SEBASTIAN COUNTY DETENTION CENTER,801 SOUTH A STREET,FORT SMITH,AR,72901,NOL,USMS IGA,Female/Male,1.852349,0.529148,0.295964,0.269058,0.152466,0.556054,0.618834,0.044843,0.026906,0.013453,0.000000,0.000000,1.233184,0.914798,N/A,,,Scheduled,FPBDS,
2025-05-12,SENECA COUNTY JAIL,3040 SOUTH STATE HIGHWAY 100,TIFFIN,OH,44883,DET,IGSA,Female/Male,40.769029,21.399103,11.035874,13.641256,14.869955,36.977578,19.520179,2.385650,2.062780,9.757848,3.179372,4.112108,43.896861,50.040359,N/A,ODO,10/31/2024,,NDS 2019,Pass
2025-05-12,SHERBURNE COUNTY JAIL,13880 BUSINESS CENTER DRIVE,ELK RIVER,MN,55330,SPM,IGSA,Female/Male,21.933579,7.730942,10.686099,18.605381,4.708520,21.919283,17.421525,1.121076,1.269058,8.000000,2.887892,3.443946,27.399103,32.591928,N/A,ODO,5/2/2024,Scheduled,NDS 2019,Pass
2025-05-12,SOUTH CENTRAL REGIONAL JAIL,1001 CENTER WAY,CHARLESTON,WV,25309,PHI,IGSA,Female/Male,8.055215,3.107623,2.278027,2.748879,1.062780,4.390135,4.807175,0.000000,0.000000,0.618834,0.466368,0.650224,7.461883,7.044843,N/A,ODO,9/26/2024,Scheduled,NDS 2019,Pass
2025-05-12,SOUTH LOUISIANA ICE PROCESSING CENTER,3843 STAGG AVENUE,BASILE,LA,70515,NOL,DIGSA,Female/Male,37.771764,602.040359,104.654709,111.816143,41.022422,3.219731,4.596413,125.179372,726.538117,57.645740,27.506726,24.390135,749.991031,492.053812,700,ODO,3/6/2025,,PBNDS 2011 - 2016 Revised,Pass
2025-05-12,SOUTH TEXAS ICE PROCESSING CENTER,566 VETERANS DRIVE,PEARSALL,TX,78061,SNA,CDF,Female/Male,54.892699,1258.780269,126.520179,196.780269,76.040359,363.547085,1249.143498,24.170404,21.260090,85.744395,77.434978,183.466368,1311.475336,1041.466368,"1,350",ODO,2/6/2025,,PBNDS 2011 - 2016 Revised,Pass
2025-05-12,ST. CLAIR COUNTY JAIL,1170 MICHIGAN ROAD,PORT HURON,MI,48060,DET,IGSA,Male,43.289189,41.811659,12.524664,9.856502,5.668161,20.260090,49.600897,0.000000,0.000000,4.991031,3.717489,3.802691,57.349776,55.004484,N/A,ODO,9/19/2024,Scheduled,NDS 2019,Pass
2025-05-12,STE. GENEVIEVE COUNTY SHERIFF/JAIL,5 BASLER DR.,STE. GENEVIEVE,MO,63670,CHI,USMS IGA,,13.360360,1.062780,6.497758,3.986547,0.905830,4.547085,6.973094,0.156951,0.775785,1.080717,0.452915,0.843049,10.076233,6.950673,N/A,,,,FPBDS,
2025-05-12,STEWART DETENTION CENTER,146 CCA ROAD,LUMPKIN,GA,31815,ATL,DIGSA,Female/Male,52.333628,784.654709,253.139013,413.354260,326.215247,727.618834,835.443946,49.565022,164.735426,214.614350,130.829596,107.506726,1324.412556,1150.112108,"1,600",ODO,3/20/2025,,PBNDS 2011 - 2016 Revised,Pass
2025-05-12,STRAFFORD COUNTY CORRECTIONS,266 COUNTY FARM ROAD,DOVER,NH,03820,BOS,IGSA,Female/Male,69.323988,6.883408,0.829596,48.730942,41.605381,45.174888,39.147982,6.421525,7.304933,15.587444,6.771300,7.627803,68.062780,61.780269,N/A,ODO,9/12/2024,Scheduled,NDS 2019,Pass
2025-05-12,T DON HUTTO DETENTION CENTER,1001 WELCH STREET,TAYLOR,TX,76574,SNA,DIGSA,Male,58.152836,199.986547,39.488789,117.654709,70.744395,235.448430,192.426009,0.000000,0.000000,65.417040,57.049327,101.273543,204.134529,302.991031,461,ODO,12/19/2024,Scheduled,PBNDS 2011 - 2016 Revised,Pass
2025-05-12,"TORRANCE/ESTANCIA, NM",209 COUNTY ROAD 49,ESTANCIA,NM,87016,ELP,IGSA,Male,33.497292,362.852018,69.049327,6.237668,3.372197,64.973094,376.538117,0.000000,0.000000,1.901345,4.699552,24.345291,410.565022,291.538117,505,ODO,10/24/2024,Scheduled,PBNDS 2011 - 2016 Revised,Pass
2025-05-12,TULSA COUNTY JAIL (DAVID L. MOSS JUSTICE CTR),300 NORTH DENVER AVENUE,TULSA,OK,74103,DAL,IGSA,Female/Male,4.787671,18.668161,6.551570,6.704036,3.278027,11.295964,19.816143,0.614350,3.475336,0.457399,0.313901,0.215247,34.215247,13.264574,N/A,ODO,9/19/2024,Scheduled,NDS 2019,Pass
2025-05-12,TWO BRIDGES REGIONAL JAIL,522 BATH RD,WISCASSET,ME,04578,BOS,USMS IGA,Male,34.666667,0.000000,0.000000,3.385650,3.654709,3.470852,3.569507,0.000000,0.000000,1.968610,0.403587,0.331839,4.336323,3.798206,N/A,,,,FPBDS,
2025-05-12,WALTON COUNTY JAIL,40 SHERIFF CIR,DEFUNIAK SPRINGS,FL,32433,MIA,USMS IGA,,1.639594,1.269058,0.174888,0.076233,0.094170,0.390135,1.219731,0.004484,0.000000,0.017937,0.000000,0.035874,1.560538,0.461883,N/A,,,,FPBDS,
2025-05-12,WASHINGTON COUNTY DETENTION CENTER,1155 WEST CLYDESDALE DRIVE,FAYETTEVILLE,AR,72701,NOL,USMS IGA,Female/Male,1.676311,1.044843,1.197309,1.475336,0.434978,1.560538,2.354260,0.107623,0.130045,0.035874,0.017937,0.031390,4.067265,3.165919,N/A,ODO,4/22/2025,,NDS 2019,Pending Final Report
2025-05-12,WASHOE COUNTY JAIL,911 PARR BLVD 775 328 3308,RENO,NV,89506,SLC,USMS IGA,Female/Male,8.515060,0.744395,2.300448,4.215247,3.408072,7.843049,2.246637,0.439462,0.139013,1.798206,0.152466,0.452915,8.264574,9.269058,N/A,ODO,11/7/2024,,NDS 2019,Pass
2025-05-12,WEBB COUNTY DETENTION CENTER (CCA),9998 SOUTH HIGHWAY 83,LAREDO,TX,78041,HLG,DIGSA,Female/Male,28.815991,259.789238,5.255605,32.645740,53.130045,39.071749,277.443946,4.838565,29.466368,16.080717,10.923767,11.026906,312.789238,201.085202,250,ODO,2/6/2025,,PBNDS 2011 - 2016 Revised,Pass
2025-05-12,WINN CORRECTIONAL CENTER,560 GUM SPRING ROAD,WINNFIELD,LA,71483,NOL,DIGSA,Male,71.043962,1002.605381,219.076233,204.502242,111.354260,317.426009,1219.354260,0.578475,0.179372,65.170404,47.982063,45.730942,1378.654709,961.228700,946,ODO,1/16/2025,,PBNDS 2011 - 2016 Revised,Pass
2025-05-12,WOODBURY COUNTY JAIL,407 7TH STREET,SIOUX CITY,IA,51101,SPM,USMS IGA,Female/Male,8.418919,0.569507,0.556054,2.076233,1.991031,4.609865,0.506726,0.049327,0.026906,1.367713,0.430493,0.668161,2.726457,4.434978,N/A,ORSA,3/26/2024,Scheduled,ORSA NDS 2019,Pass
2025-05-12,WYATT DETENTION CENTER,950 HIGH STREET,CENTRAL FALLS,RI,02863,BOS,USMS IGA,Male,47.918715,12.161435,3.053812,47.394619,49.242152,58.475336,49.860987,1.659193,1.856502,18.560538,1.946188,2.152466,89.192825,76.053812,N/A,ODO,9/19/2024,Scheduled,NDS 2019,Pass
2025-04-28,ADAMS COUNTY DET CENTER,20 HOBO FORK RD.,NATCHEZ,MS,39120,NOL,DIGSA,Female/Male,30.569568,1894.535885,261.334928,9.645933,4.990431,20.741627,2149.765550,0.000000,0.000000,1.937799,2.239234,4.770335,2161.559809,504.105263,"1,100",ODO,1/16/2025,,PBNDS 2011 - 2016 Revised,Pass
2025-04-28,ADELANTO ICE PROCESSING CENTER,10250 RANCHO ROAD,ADELANTO,CA,92301,LOS,CDF,Female/Male,1796.000000,11.875598,8.540670,39.516746,56.502392,89.770335,26.665072,0.000000,0.000000,51.425837,17.119617,8.976077,38.913876,66.880383,640,ODO,7/18/2024,Scheduled,PBNDS 2011 - 2016 Revised,Pass
2025-04-28,ALAMANCE COUNTY DETENTION FACILITY,109 SOUTH MAPLE STREET,GRAHAM,NC,27253,ATL,IGSA,Female/Male,4.434911,4.923445,3.267943,5.899522,5.842105,13.090909,6.392344,0.153110,0.296651,0.655502,0.224880,0.057416,18.995215,14.913876,40,ODO,9/19/2024,Scheduled,NDS 2019,Pass
2025-04-28,ALEXANDRIA STAGING FACILITY,96 GEORGE THOMPSON DRIVE,ALEXANDRIA,LA,71303,NOL,STAGING,Male,3.075916,140.827751,49.124402,75.947368,52.593301,145.779904,172.521531,0.057416,0.133971,55.177033,31.775120,38.976077,192.564593,313.708134,N/A,ODO,2/27/2025,,PBNDS 2011 - 2016 Revised,Pending Final Report
2025-04-28,ALLEGANY COUNTY JAIL,4884 STATE ROUTE 19,BELMONT,NY,14813,BUF,IGSA,Female/Male,,2.555024,0.205742,0.052632,0.000000,0.000000,0.114833,0.167464,2.531100,0.114833,0.000000,0.000000,2.698565,1.157895,N/A,,,,,
2025-04-28,ALLEN PARISH PUBLIC SAFETY COMPLEX,7340 HIGHWAY 26 WEST,OBERLIN,LA,70655,NOL,IGSA,Male,59.500000,101.344498,29.889952,33.521531,11.712919,50.631579,125.837321,0.000000,0.000000,13.813397,8.598086,5.698565,148.358852,110.301435,170,ODO,12/12/2024,,PBNDS 2011 - 2016 Revised,Pass
2025-04-28,ATLANTA US PEN,"601 MCDONOUGH BOULEVARD, SE",ATLANTA,GA,30315,ATL,BOP,Female/Male,,21.990431,6.459330,5.119617,3.622010,12.516746,24.674641,0.000000,0.000000,1.478469,0.349282,0.291866,35.071770,32.751196,N/A,N/A,N/A,N/A,N/A,N/A
2025-04-28,BAKER COUNTY SHERIFF DEPT.,1 SHERIFF OFFICE DRIVE,MACCLENNY,FL,32063,MIA,IGSA,Female/Male,61.549020,31.827751,36.449761,91.995215,86.349282,151.057416,55.808612,22.062201,17.693780,36.626794,17.148325,13.076555,179.770335,177.047847,192,ODO,10/24/2024,,NDS 2019,Pass
2025-04-28,BERLIN FED. CORR. INST.,1 SUCCESS LOOP DR.,BERLIN,NH,03570,BOS,BOP,Female/Male,,22.325359,2.387560,7.076555,8.095694,9.516746,30.354067,0.000000,0.014354,4.277512,0.789474,3.272727,31.545455,10.598086,N/A,N/A,N/A,N/A,N/A,N/A
2025-04-28,BLUEBONNET DETENTION FACILITY,400 2ND STREET,ANSON,TX,79501,DAL,DIGSA,Male,56.166667,350.746411,173.755981,251.923445,105.009569,343.425837,466.148325,12.574163,59.287081,75.196172,49.626794,75.444976,681.167464,507.976077,750,ODO,12/12/2024,,PBNDS 2011 - 2016 Revised,Pass
2025-04-28,BOONE COUNTY JAIL,3020 CONRAD LANE,BURLINGTON,KY,41005,CHI,USMS IGA,Female/Male,86.000000,32.483254,26.019139,35.263158,54.708134,108.143541,35.492823,3.842105,0.995215,38.555024,12.722488,12.866029,84.330144,99.076555,N/A,ODO,11/21/2024,Scheduled,NDS 2019,Pass
2025-04-28,BROOME COUNTY JAIL,897 FRONT STREET,BINGHAMPTON,NY,13905,BUF,IGSA,Female/Male,,1.799043,0.153110,0.023923,0.009569,0.200957,1.736842,0.000000,0.047847,0.004785,0.000000,0.000000,1.980861,0.492823,N/A,,,,,
2025-04-28,BROWARD COUNTY JAIL,555 SE 1ST AVENUE,FT.LAUDERDALE,FL,33301,MIA,IGSA,Female/Male,,0.430622,0.244019,1.215311,0.311005,0.358852,1.622010,0.052632,0.167464,0.000000,0.000000,0.000000,2.200957,1.215311,N/A,N/A,N/A,N/A,N/A,N/A
2025-04-28,BROWARD TRANSITIONAL CENTER,3900 NORTH POWERLINE ROAD,POMPANO BEACH,FL,33073,MIA,CDF,Female/Male,48.847561,480.956938,155.593301,5.770335,0.947368,122.454545,425.425837,14.976077,80.411483,11.851675,19.186603,23.641148,588.588517,409.770335,700,ODO,12/19/2024,,PBNDS 2011 - 2016 Revised,Pass
2025-04-28,BUFFALO SERVICE PROCESSING CENTER,4250 FEDERAL DRIVE,BATAVIA,NY,14020,BUF,SPC,Male,63.213333,248.909091,51.334928,135.803828,147.162679,257.923445,325.287081,0.000000,0.000000,104.712919,17.894737,20.751196,439.851675,432.047847,400,ODO,10/31/2024,Scheduled,PBNDS 2011 - 2016 Revised,Pass
2025-04-28,BUTLER COUNTY JAIL,705 HANOVER STREET,HAMILTON,OH,45011,DET,USMS IGA,Female/Male,,25.057416,6.157895,8.057416,3.148325,10.569378,28.215311,0.564593,3.071770,2.081340,2.090909,3.315789,34.933014,23.205742,N/A,ODO,,,NDS 2019,Pass
2025-04-28,CALHOUN COUNTY CORRECTIONAL CENTER,185 EAST MICHIGAN AVENUE,BATTLE CREEK,MI,49014,DET,IGSA,Female/Male,67.696970,61.856459,34.344498,30.397129,14.397129,46.636364,80.392344,2.760766,11.205742,11.210526,5.071770,10.258373,114.454545,111.617225,75,ODO,8/22/2024,Scheduled,NDS 2019,Pass
2025-04-28,CAMPBELL CO DET CTR,601 CENTRAL AVE,NEWPORT,KY,41071,CHI,USMS IGA,Female/Male,,2.861244,1.502392,3.157895,0.856459,3.205742,5.172249,0.000000,0.000000,1.177033,0.846890,1.071770,5.282297,1.569378,N/A,,,,,
2025-04-28,CAROLINE DETENTION FACILITY,11093 S.W. LEWIS MEMORIAL DRIVE,BOWLING GREEN,VA,22427,WAS,DIGSA,Female/Male,96.446281,112.779904,37.306220,66.593301,76.224880,131.961722,147.650718,8.124402,5.167464,41.516746,15.129187,16.909091,219.349282,169.066986,224,ODO,4/15/2025,,PBNDS 2011 - 2016 Revised,Pending Final Report
2025-04-28,"CCA, FLORENCE CORRECTIONAL CENTER",1100 BOWLING ROAD,FLORENCE,AZ,85232,PHO,USMS IGA,Male,70.158333,61.885167,42.837321,148.598086,142.516746,245.119617,150.717703,0.000000,0.000000,51.105263,23.559809,25.885167,295.287081,248.636364,N/A,ODO,11/13/2024,Scheduled,NDS 2019,Pass
2025-04-28,CENTRAL LOUISIANA ICE PROCESSING CENTER (CLIPC),830 PINEHILL ROAD,JENA,LA,71342,NOL,DIGSA,Female/Male,13.669118,408.918660,226.904306,339.555024,210.913876,513.732057,671.636364,0.339713,0.583732,105.875598,54.387560,60.540670,965.488038,906.430622,"1,170",ODO,1/9/2025,,PBNDS 2011 - 2016 Revised,Pass
2025-04-28,CHASE COUNTY JAIL,301 SOUTH WALNUT STREET,COTTONWOOD FALL,KS,66845,CHI,IGSA,Female/Male,54.466667,23.416268,19.612440,34.363636,18.301435,50.330144,37.220096,4.645933,3.497608,12.684211,5.645933,7.894737,69.468900,83.703349,N/A,ODO,3/13/2025,,NDS 2019,Pending Final Report
2025-04-28,CHIPPEWA COUNTY SSM,325 COURT STREET,SAULT STE MARIE,MI,49783,DET,IGSA,Female/Male,69.000000,10.961722,5.444976,6.808612,5.564593,11.349282,17.430622,0.000000,0.000000,4.870813,0.540670,1.263158,22.105263,22.392344,N/A,ODO,4/3/2025,,NDS 2019,Pass
2025-04-28,CHITTENDEN REGIONAL CORRECTIONAL FACILITY,7 FARRELL STREET,SOUTH BURLINGTON,VT,05403,BOS,USMS IGA,Female/Male,2.500000,2.325359,0.076555,0.004785,0.000000,0.000000,0.009569,0.162679,2.234450,0.000000,0.000000,0.057416,2.349282,1.363636,N/A,ORSA,4/12/2024,Scheduled,ORSA NDS 2019,Pass
2025-04-28,CIBOLA COUNTY CORRECTIONAL CENTER,2000 CIBOLA LOOP,MILAN,NM,87021,ELP,IGSA,Male,26.982143,160.100478,41.669856,9.138756,4.990431,25.569378,190.244019,0.086124,0.000000,6.392344,2.401914,8.196172,198.909091,174.272727,N/A,ODO,2/27/2025,,PBNDS 2011 - 2016 Revised,Pending Final Report
2025-04-28,CIMMARRON CORR FACILITY,3700 S. KINGS HWY,CUSHING,OK,74023,DAL,USMS IGA,Female/Male,,60.483254,15.693780,0.133971,0.000000,12.913876,63.397129,0.000000,0.000000,1.248804,1.813397,2.497608,70.751196,44.669856,N/A,,,NA,NA,NA
2025-04-28,CLARK COUNTY JAIL (IN),501 EAST COURT AVE.,JEFFERSONVILLE,IN,47130,CHI,USMS IGA,Female/Male,,2.014354,0.813397,0.751196,0.818182,0.172249,0.488038,1.148325,2.588517,0.722488,0.234450,0.315789,3.124402,1.492823,N/A,,,,,
2025-04-28,CLAY COUNTY JUSTICE CENTER,611 EAST JACKSON STREET,BRAZIL,IN,47834,CHI,USMS IGA,Female/Male,19.190476,61.526316,30.148325,90.105263,61.770335,135.923445,93.808612,7.593301,6.224880,33.267943,11.990431,15.416268,182.875598,163.244019,N/A,ODO,6/27/2024,Scheduled,NDS 2019,Pass
2025-04-28,CLINTON COUNTY CORRECTIONAL FACILITY,58 PINE MOUNTAIN RD.,MCELHATTAN,PA,17748,PHI,USMS IGA,Male,180.428571,3.918660,24.373206,35.071770,16.622010,71.516746,4.937799,2.287081,1.244019,27.976077,9.440191,1.789474,40.779904,65.956938,N/A,ODO,1/16/2025,,NDS 2019,Pass
2025-04-28,CLINTON COUNTY JAIL,25 MCCARTHY DRIVE,PLATTSBURGH,NY,12901,BUF,USMS IGA,Female/Male,11.914286,2.578947,0.803828,1.827751,0.181818,0.488038,0.717703,1.220096,2.966507,0.789474,0.019139,0.909091,3.674641,3.200957,N/A,ODO,6/6/2024,Scheduled,NDS 2019,Pass
2025-04-28,COASTAL BEND DETENTION FACILITY,4909 FM 2826,ROBSTOWN,TX,78380,HLG,USMS IGA,Male,0.518987,6.129187,4.229665,2.770335,1.047847,4.138756,8.521531,0.267943,1.248804,0.875598,0.531100,1.129187,11.641148,13.354067,N/A,ODO,2/6/2025,,NDS 2019,Pass
2025-04-28,COLLIER COUNTY NAPLES JAIL CENTER,3347 TAMIAMI TRAIL E,NAPLES,FL,34112,MIA,IGSA,Female/Male,3.161538,6.444976,1.956938,2.641148,1.602871,6.368421,5.760766,0.196172,0.320574,0.124402,0.114833,0.330144,12.076555,8.244019,N/A,ODO,12/5/2024,,NDS 2019,Pass
2025-04-28,CORR. CTR OF NORTHWEST OHIO,"3151 ROAD 24.25, ROUTE 1",STRYKER,OH,43557,DET,USMS IGA,Male,,4.291866,1.526316,2.765550,1.105263,3.535885,4.215311,0.272727,1.665072,1.578947,0.488038,1.162679,6.459330,6.124402,N/A,,,,,
2025-04-28,CUMBERLAND COUNTY JAIL,50 COUNTY WAY,PORTLAND,ME,04102,BOS,USMS IGA,Female/Male,7.084746,8.287081,1.612440,22.870813,18.023923,21.631579,19.301435,3.124402,6.736842,6.205742,1.363636,3.866029,39.358852,34.220096,N/A,ODO,9/12/2024,Scheduled,NDS 2019,Pass
2025-04-28,DAKOTA COUNTY JAIL,1601 BROADWAY,DAKOTA CITY,NE,68731,SPM,USMS IGA,Female/Male,2.500000,3.014354,3.320574,5.267943,2.583732,9.090909,3.990431,0.224880,0.880383,0.516746,1.377990,2.851675,9.440191,8.181818,N/A,ORSA,12/7/2024,,ORSA NDS 2019,Pass
2025-04-28,DALLAS COUNTY JAIL - LEW STERRETT JUSTICE CENTER,111 WEST COMMERCE STREET,DALLAS,TX,75202,DAL,USMS IGA,Female/Male,1.261818,7.650718,0.000000,0.009569,0.009569,2.937799,4.191388,0.157895,0.382775,0.000000,0.014354,0.004785,7.650718,3.679426,N/A,ODO,7/18/2024,Scheduled,NDS 2019,Pass
2025-04-28,DENVER CONTRACT DETENTION FACILITY,3130 OAKLAND ST,AURORA,CO,80010,DEN,CDF,Female/Male,47.161836,596.215311,201.081340,200.344498,148.913876,291.334928,787.191388,20.822967,47.205742,121.315789,56.157895,53.038278,916.043062,671.162679,600,ODO,2/13/2025,,PBNDS 2011 - 2016 Revised,Pass
2025-04-28,DEPARTMENT OF CORRECTIONS HAGATNA,203 ASPINAL AVE. PO BOX 3236,HAGATNA,GU,96910,SFR,USMS IGA,Female/Male,,0.000000,2.339713,2.851675,0.511962,4.751196,0.952153,0.000000,0.000000,3.454545,0.794258,0.373206,1.081340,5.301435,N/A,ORSA,3/14/2024,Scheduled,ORSA NDS 2019,Pass
2025-04-28,DESERT VIEW ANNEX,10450 RANCHO ROAD,ADELANTO,CA,92301,LOS,CDF,Male,37.470238,213.803828,34.521531,71.186603,90.181818,154.406699,255.129187,0.000000,0.157895,22.224880,8.373206,8.224880,370.870813,246.741627,480,ODO,2/27/2025,,PBNDS 2011 - 2016 Revised,Pending Final Report
2025-04-28,DILLEY IMMIGRATION PROCESSING CENTER,300 EL RANCHO WAY,DILLEY,TX,78017,SNA,DIGSA,Female/Male,114.940678,12.598086,0.119617,0.000000,0.000000,0.071770,6.157895,0.014354,6.473684,0.000000,0.000000,0.038278,12.679426,9.397129,960,ODO,6/4/2024,,FRS,Pass
2025-04-28,DODGE COUNTY JAIL,215 WEST CENTRAL STREET,JUNEAU,WI,53039,CHI,USMS IGA,Female/Male,111.548387,11.009569,16.071770,45.358852,41.631579,86.401914,26.133971,0.382775,1.153110,22.617225,9.440191,8.942584,73.071770,86.368421,N/A,ODO,4/3/2025,,NDS 2019,Pending Final Report
2025-04-28,EAST HIDALGO DETENTION CENTER,1330 HIGHWAY 107,LA VILLA,TX,78562,HLG,USMS IGA,Female/Male,1.500000,5.746411,1.899522,2.311005,1.315789,4.995215,5.444976,0.172249,0.660287,2.679426,0.712919,0.985646,6.894737,11.004785,N/A,ORSA,8/22/2024,Scheduled,ORSA NDS 2019,Pass
2025-04-28,EDEN DETENTION CTR,702 E BROADWAY ST,EDEN,TX,76837,DAL,USMS IGA,Male,27.031008,99.550239,9.023923,1.301435,0.511962,7.626794,102.760766,0.000000,0.000000,0.229665,0.143541,1.186603,108.827751,49.794258,N/A,ODO,2/27/2025,,NDS 2019,Pending Final Report
2025-04-28,EL PASO SERVICE PROCESSING CENTER,8915 MONTANA AVE.,EL PASO,TX,79925,ELP,SPC,Female/Male,42.984375,323.177033,185.851675,147.641148,86.277512,284.200957,256.698565,62.234450,139.813397,80.698565,63.746411,92.904306,505.598086,604.110048,450,ODO,2/13/2025,,PBNDS 2011 - 2016 Revised,Pending Final Report
2025-04-28,EL PASO SOFT SIDED FACILITY,12501 GATEWAY BLVD S,EL PASO,TX,79934,ELP,STAGING,Female/Male,,11.440191,10.023923,5.023923,2.449761,14.564593,12.540670,0.746411,1.086124,3.583732,3.267943,7.473684,14.612440,28.081340,N/A,N/A,N/A,N/A,N/A,N/A
2025-04-28,EL VALLE DETENTION FACILITY,1800 INDUSTRIAL DRIVE,RAYMONDVILLE,TX,78580,HLG,DIGSA,Female/Male,26.624204,713.086124,47.296651,54.449761,38.688995,121.196172,282.062201,19.545455,430.717703,34.995215,18.712919,19.918660,779.894737,493.846890,600,ODO,3/6/2025,,PBNDS 2011 - 2016 Revised,Pending Final Report
2025-04-28,ELIZABETH CONTRACT DETENTION FACILITY,625 EVANS STREET,ELIZABETH,NJ,07201,NEW,CDF,Female/Male,4.078772,92.334928,164.827751,21.358852,7.808612,60.688995,207.985646,1.746411,15.909091,5.899522,10.100478,14.220096,256.110048,158.373206,285,ODO,12/5/2024,,PBNDS 2011 - 2016 Revised,Pass
2025-04-28,ELOY FEDERAL CONTRACT FACILITY,1705 EAST HANNA RD.,ELOY,AZ,85131,PHO,DIGSA,Female/Male,13.584405,1035.239234,51.928230,123.956938,134.727273,167.703349,532.277512,81.162679,564.708134,99.186603,47.746411,67.655502,1131.263158,760.105263,900,ODO,10/31/2024,,PBNDS 2011 - 2016 Revised,Pass
2025-04-28,ERIE COUNTY JAIL,DEPARTMENT OF CORRECTIONS 1618 ASH STREET,ERIE,PA,16503,PHI,USMS IGA,Female/Male,3.545455,3.598086,2.019139,0.942584,0.526316,1.397129,5.550239,0.000000,0.138756,0.244019,0.023923,0.196172,6.622010,2.923445,N/A,ORSA,3/20/2024,,ORSA NDS 2019,Pass
2025-04-28,ETOWAH COUNTY JAIL (ALABAMA),827 FORREST AVENUE,GADSDEN,AL,35901,NOL,USMS IGA,Male,,7.899522,3.894737,5.019139,1.923445,6.760766,9.684211,0.952153,1.339713,0.033493,0.086124,0.119617,18.497608,9.119617,N/A,ODO,,Scheduled,NDS 2000,Pass
2025-04-28,FDC PHILADELPHIA,700 ARCH ST.,PHILADELPHIA,PA,19106,PHI,BOP,Female/Male,,15.808612,4.516746,6.124402,8.894737,17.258373,18.086124,0.000000,0.000000,5.220096,2.234450,1.483254,26.406699,21.110048,N/A,N/A,N/A,N/A,N/A,N/A
2025-04-28,FLORENCE SERVICE PROCESSING CENTER,3250 NORTH PINAL PARKWAY,FLORENCE,AZ,85132,PHO,SPC,Male,6.629778,304.688995,73.995215,2.679426,1.990431,80.157895,302.904306,0.153110,0.138756,1.387560,5.789474,32.473684,343.703349,203.679426,392,ODO,2/13/2025,,PBNDS 2011 - 2016 Revised,Pass
2025-04-28,FLORENCE STAGING FACILITY,3250 NORTH PINAL PARKWAY,FLORENCE,AZ,85232,PHO,STAGING,Male,3.391034,101.622010,40.918660,28.846890,13.177033,61.325359,117.349282,2.842105,3.047847,4.177033,2.650718,4.990431,172.746411,129.229665,N/A,ODO,12/12/2024,Scheduled,PBNDS 2011 - 2016 Revised,Pass
2025-04-28,FOLKSTON ANNEX IPC,3424 HIGHWAY 252 EAST,FOLKSTON,GA,31537,ATL,DIGSA,Male,62.876106,187.004785,31.076555,39.143541,14.846890,64.444976,207.440191,0.000000,0.186603,8.449761,3.980861,8.483254,251.157895,176.607656,338,ODO,1/30/2025,,PBNDS 2011 - 2016 Revised,Pass
2025-04-28,FOLKSTON MAIN IPC,3026 HWY 252 EAST,FOLKSTON,GA,31537,ATL,DIGSA,Male,44.281250,344.569378,142.803828,95.004785,42.784689,173.593301,451.253589,0.315789,0.000000,17.794258,14.631579,22.454545,570.282297,416.430622,544,ODO,1/30/2025,,PBNDS 2011 - 2016 Revised,Pass
2025-04-28,FREEBORN COUNTY ADULT DETENTION CENTER,411 SOUTH BROADWAY AVENUE,ALBERT LEA,MN,56007,SPM,IGSA,Male,78.333333,14.952153,11.775120,38.043062,11.507177,43.066986,33.210526,0.000000,0.000000,10.875598,3.861244,5.909091,55.631579,55.765550,N/A,ODO,3/6/2025,,NDS 2019,Pending Final Report
2025-04-28,GEAUGA COUNTY JAIL,12450 MERRITT DR,CHARDON,OH,44024,DET,USMS IGA,Female/Male,133.800000,23.129187,12.397129,6.837321,2.488038,17.086124,20.071770,1.397129,6.296651,2.598086,2.775120,1.679426,37.799043,34.076555,N/A,ODO,1/30/2025,,NDS 2019,Pass
2025-04-28,GLADES COUNTY DETENTION CENTER,1297 EAST SR 78,MOORE HAVEN,FL,33471,MIA,IGSA,Female/Male,,3.382775,0.961722,5.167464,6.181818,9.377990,6.200957,0.114833,0.000000,5.334928,0.870813,0.540670,8.947368,15.315789,500,ODO,,Scheduled,NDS 2019,Pass
2025-04-28,GOLDEN STATE ANNEX,611 FRONTAGE RD,MCFARLAND,CA,93250,SFR,CDF,Female/Male,139.531250,199.990431,67.440191,119.440191,168.880383,283.291866,272.301435,0.000000,0.157895,139.315789,23.851675,11.028708,381.555024,301.904306,560,ODO,1/30/2025,,PBNDS 2011 - 2016 Revised,Pass
2025-04-28,GRAND FORKS COUNTY CORRECTIONAL FACILITY,1701 NORTH WASHINGTON ST,GRAND FORKS,ND,58203,SPM,USMS IGA,Female/Male,1.375000,0.239234,0.023923,3.875598,0.124402,1.622010,2.526316,0.052632,0.062201,0.000000,0.095694,0.052632,4.114833,2.531100,N/A,ODO,7/11/2024,Scheduled,NDS 2019,Pass
2025-04-28,GRAYSON COUNTY JAIL,320 SHAW STATION ROAD,LEITCHFIELD,KY,42754,CHI,USMS IGA,Female/Male,1.789474,12.086124,4.071770,8.866029,2.789474,3.693780,1.832536,9.583732,12.703349,4.215311,1.684211,4.186603,17.727273,16.641148,N/A,ODO,8/22/2024,Scheduled,NDS 2019,Pass
2025-04-28,GREENE COUNTY JAIL,1199 N HASELTINE RD,SPRINGFIELD,MO,65802,CHI,IGSA,Female/Male,,29.947368,7.483254,22.220096,14.377990,35.263158,34.224880,1.746411,2.794258,9.062201,6.521531,6.464115,51.980861,53.746411,N/A,,,,,
2025-04-28,HANCOCK COUNTY PUBLIC SAFETY COMPLEX,8450 HIGHWAY 90,BAY ST. LOUIS,MS,39520,NOL,IGSA,Female/Male,2.238390,9.842105,5.722488,3.889952,1.138756,5.258373,13.272727,0.306220,1.755981,0.100478,0.157895,0.110048,20.224880,12.526316,N/A,ODO,5/9/2024,Scheduled,NDS 2019,Fail
2025-04-28,HENDERSON DETENTION,18 E BASIC ROAD,HENDERSON,NV,89015,SLC,USMS IGA,Female/Male,12.117647,14.239234,21.631579,24.535885,10.406699,39.110048,16.942584,8.569378,6.191388,12.665072,9.052632,6.416268,42.679426,55.822967,N/A,ODO,9/19/2024,Scheduled,NDS 2019,Pass
2025-04-28,HONOLULU FEDERAL DETENTION CENTER,351 ELLIOTT ST.,HONOLULU,HI,96819,SFR,BOP,Female/Male,,3.980861,8.220096,13.952153,3.818182,16.301435,9.220096,0.688995,3.760766,10.071770,4.062201,2.234450,13.602871,23.387560,N/A,N/A,N/A,N/A,N/A,N/A
2025-04-28,HOUSTON CONTRACT DETENTION FACILITY,15850 EXPORT PLAZA DRIVE,HOUSTON,TX,77032,HOU,CDF,Female/Male,42.700000,744.598086,56.942584,22.253589,8.889952,35.588517,454.224880,18.301435,324.569378,15.928230,14.248804,15.746411,786.760766,451.330144,750,ODO,1/30/2025,,PBNDS 2011 - 2016 Revised,Pass
2025-04-28,IAH SECURE ADULT DETENTION FACILITY (POLK),3400 FM 350 SOUTH,LIVINGSTON,TX,77351,HOU,DIGSA,Male,27.278932,646.526316,104.181818,35.047847,12.971292,75.052632,723.674641,0.000000,0.000000,13.866029,13.392344,28.856459,742.612440,380.129187,350,ODO,2/13/2025,,NDS 2019,Pending Final Report
2025-04-28,IMPERIAL REGIONAL DETENTION FACILITY,1572 GATEWAY,CALEXICO,CA,92231,SND,CDF,Female/Male,31.403509,577.885167,24.861244,30.363636,32.851675,78.076555,526.047847,1.244019,60.593301,29.444976,11.153110,12.157895,613.205742,217.349282,640,ODO,1/16/2025,,PBNDS 2011 - 2016 Revised,Pass
2025-04-28,JACKSON PARISH CORRECTIONAL CENTER,327 INDUSTRIAL DRIVE,JONESBORO,LA,71251,NOL,DIGSA,Female/Male,29.864312,916.909091,100.210526,2.980861,1.535885,29.641148,984.928230,1.267943,5.799043,2.416268,5.090909,10.028708,1004.100478,366.435407,500,ODO,12/12/2024,,PBNDS 2011 - 2016 Revised,Pass
2025-04-28,JEFFERSON COUNTY JAIL,219 EAST FREMONT AVENUE,RIGBY,ID,83442,SLC,IGSA,Female/Male,2.437500,0.842105,1.196172,1.392344,0.693780,3.090909,0.980861,0.047847,0.004785,0.062201,0.325359,0.100478,3.636364,3.291866,N/A,ODO,7/18/2024,Scheduled,NDS 2019,Pass
2025-04-28,JOE CORLEY PROCESSING CTR,500 HILBIG RD,CONROE,TX,77301,HOU,IGSA,Female/Male,27.171598,688.354067,81.038278,24.559809,12.449761,65.789474,740.612440,0.000000,0.000000,23.440191,13.478469,19.291866,750.191388,684.521531,N/A,ODO,12/19/2024,,NDS 2019,Pass
2025-04-28,KANDIYOHI COUNTY JAIL,2201 23RD ST NE,WILLMAR,MN,56201,SPM,IGSA,Female/Male,52.285714,26.875598,19.531100,73.569378,24.038278,73.775120,58.468900,7.712919,4.057416,26.703349,11.995215,7.741627,97.574163,108.564593,N/A,ODO,3/13/2025,,NDS 2019,Pending Final Report
2025-04-28,KARNES COUNTY IMMIGRATION PROCESSING CENTER,409 FM 1144,KARNES CITY,TX,78118,SNA,DIGSA,Female/Male,44.661355,788.220096,26.004785,1.148325,0.239234,15.248804,553.162679,3.607656,243.593301,0.502392,2.296651,12.258373,800.555024,465.153110,928,ODO,9/19/2024,Scheduled,PBNDS 2011 - 2016 Revised,Pass
2025-04-28,KAY CO JUSTICE FACILITY,1101 WEST DRY ROAD,NEWKIRK,OK,74647,CHI,IGSA,Female/Male,77.428571,37.162679,26.607656,21.502392,12.363636,45.009569,52.626794,0.000000,0.000000,10.416268,8.665072,8.468900,70.086124,80.693780,N/A,ODO,3/7/2025,,NDS 2019,Pending Final Report
2025-04-28,KNOX COUNTY DETENTION FACILITY,5001 MALONEYVILLE RD,KNOXVILLE,TN,37918,NOL,USMS IGA,Female/Male,1.718310,5.846890,5.511962,4.794258,1.933014,8.885167,7.837321,0.550239,0.813397,0.253589,0.239234,0.334928,17.258373,11.148325,N/A,ODO,9/26/2024,Scheduled,NDS 2019,Pass
2025-04-28,KROME NORTH SERVICE PROCESSING CENTER,18201 SW 12TH ST,MIAMI,FL,33194,MIA,SPC,Male,46.278195,146.636364,51.755981,290.875598,289.038278,438.937799,338.167464,0.765550,0.435407,84.411483,30.459330,27.660287,635.775120,497.636364,450,ODO,5/1/2025,,PBNDS 2011 - 2016 Revised,Pending Final Report
2025-04-28,LA SALLE COUNTY REGIONAL DETENTION CENTER,832 EAST TEXAS STATE HIGHWAY 44,ENCINAL,TX,78019,SNA,USMS IGA,Male,,25.253589,1.617225,0.052632,0.435407,2.382775,24.976077,0.000000,0.000000,0.000000,0.019139,1.703349,25.636364,18.559809,N/A,,2/7/2025,,,Pending Final Report
2025-04-28,LAREDO PROCESSING CENTER,4702 EAST SAUNDERS STREET,LAREDO,TX,78041,HLG,DIGSA,Female/Male,16.805970,333.148325,7.086124,6.239234,6.918660,0.263158,5.100478,13.564593,334.464115,3.430622,2.626794,5.866029,341.468900,200.889952,N/A,ODO,3/20/2025,,NDS 2019,Pending Final Report
2025-04-28,LAUREL COUNTY SHERIFFS JAIL,203 SOUTH BROAD ST.,LONDON,KY,40741,CHI,IGSA,Female/Male,,0.526316,0.234450,0.301435,0.258373,0.363636,0.066986,0.263158,0.626794,0.086124,0.043062,0.028708,1.162679,0.650718,N/A,,,,,
2025-04-28,LEAVENWORTH US PENITENTIARY,1300 METROPOLITAN AVE.,LEAVENWORTH,KS,66048,CHI,BOP,Female/Male,,8.540670,2.622010,5.440191,7.009569,14.133971,9.478469,0.000000,0.000000,5.421053,1.645933,1.406699,15.138756,22.502392,N/A,N/A,N/A,N/A,N/A,N/A
2025-04-28,LEXINGTON COUNTY JAIL,521 GIBSON ROAD,LEXINGTON,SC,29072,ATL,USMS IGA,Female/Male,1.745763,1.143541,1.827751,0.736842,0.315789,1.904306,1.698565,0.062201,0.358852,0.019139,0.009569,0.033493,3.961722,2.693780,N/A,ODO,8/8/2024,Scheduled,NDS 2019,Pass
2025-04-28,LIMESTONE COUNTY DETENTION CENTER,910 NORTH TYUS STREET,GROESBECK,TX,76642,HOU,USMS IGA,Male,30.521739,16.133971,1.971292,5.373206,4.066986,8.224880,19.320574,0.000000,0.000000,1.526316,0.377990,0.421053,25.220096,23.143541,N/A,ODO,3/27/2025,,NDS 2019,Pending Final Report
2025-04-28,LINCOLN COUNTY JAIL,3020 N JEFFERS,NORTH PLATTE,NE,69101,SPM,USMS IGA,Female/Male,1.000000,0.468900,0.377990,0.760766,0.291866,1.114833,0.612440,0.000000,0.172249,0.000000,0.000000,0.023923,1.875598,1.258373,N/A,,12/23/2024,,,Pending Final Report
2025-04-28,LUBBOCK COUNTY DETENTION CENTER,811 MAIN STREET,LUBBOCK,TX,79401,DAL,USMS IGA,Female/Male,1.333333,0.712919,0.870813,0.248804,0.062201,0.674641,1.133971,0.000000,0.086124,0.076555,0.038278,0.047847,1.732057,0.952153,N/A,ORSA,3/26/2024,Scheduled,ORSA NDS 2019,Pass
2025-04-28,MADISON COUNTY JAIL,2935 HIGHWAY 51,CANTON,MS,39046,NOL,USMS IGA,Female/Male,2.050000,1.440191,1.344498,1.000000,0.693780,1.693780,2.488038,0.043062,0.253589,0.019139,0.023923,0.033493,4.401914,2.980861,N/A,ODO,9/26/2024,Scheduled,NDS 2019,Pass
2025-04-28,MAHONING COUNTY JAIL,110 FIFTH AVENUE,YOUNGSTOWN,OH,44503,DET,USMS IGA,Female/Male,,4.066986,0.449761,0.090909,0.229665,0.674641,3.373206,0.090909,0.698565,0.282297,0.196172,0.253589,4.105263,2.679426,N/A,,,,,
2025-04-28,MARION COUNTY JAIL,40 SOUTH ALABAMA STREET,INDIANAPOLIS,IN,46204,CHI,USMS IGA,Female/Male,,8.110048,4.344498,6.842105,3.827751,10.961722,12.124402,0.004785,0.033493,2.416268,1.923445,2.909091,15.875598,9.459330,N/A,ORSA,,,ORSA NDS 2019,Pass
2025-04-28,MESA VERDE ICE PROCESSING CENTER,425 GOLDEN STATE AVE,BAKERSFIELD,CA,93301,SFR,CDF,Female/Male,307.333333,0.000000,2.770335,13.090909,34.966507,50.827751,0.000000,0.000000,0.000000,36.827751,1.526316,0.588517,11.885167,42.641148,320,ODO,6/13/2024,Scheduled,PBNDS 2011 - 2016 Revised,Pass
2025-04-28,MIAMI FEDERAL DETENTION,33 NE 4 STREET,MIAMI,FL,33132,MIA,BOP,Female/Male,,15.626794,12.138756,70.904306,40.631579,70.775120,68.401914,0.124402,0.000000,19.736842,9.540670,5.220096,104.803828,71.306220,N/A,N/A,N/A,N/A,N/A,N/A
2025-04-28,MIAMI STAGING FACILITY,UNAVAILABLE,MIAMI,FL,33101,MIA,STAGING,Female/Male,0.024390,2.004785,0.679426,0.526316,0.296651,0.382775,0.856459,0.545455,1.722488,0.014354,0.000000,0.100478,3.392344,2.459330,N/A,N/A,N/A,N/A,N/A,N/A
2025-04-28,MONROE COUNTY DETENTION-DORM,7000 EAST DUNBAR ROAD,MONROE,MI,48161,DET,IGSA,Male,79.700000,68.631579,20.143541,3.186603,1.947368,10.545455,83.000000,0.000000,0.363636,1.095694,1.746411,3.435407,87.631579,55.033493,N/A,ODO,3/13/2025,,NDS 2019,Pending Final Report
2025-04-28,MONTGOMERY ICE PROCESSING CENTER,806 HILBIG RD,CONROE,TX,77301,HOU,CDF,Female/Male,27.140351,148.258373,574.894737,347.449761,151.976077,641.411483,470.492823,50.703349,59.971292,232.588517,151.062201,166.933014,671.995215,852.880383,750,ODO,12/5/2024,,PBNDS 2011 - 2016 Revised,Pass
2025-04-28,MOSHANNON VALLEY PROCESSING CENTER,555 GEO DRIVE,PHILIPSBURG,PA,16866,PHI,DIGSA,Female/Male,128.500000,244.454545,98.684211,543.746411,405.282297,711.808612,531.435407,26.339713,22.583732,236.751196,72.746411,80.741627,901.928230,859.861244,800,ODO,3/6/2025,,PBNDS 2011 - 2016 Revised,Pass
2025-04-28,MUSCATINE COUNTY JAIL,400 WALNUT STREET,MUSCATINE,IA,52761,SPM,USMS IGA,Female/Male,,0.205742,1.229665,0.057416,0.191388,0.885167,0.602871,0.100478,0.095694,0.220096,0.330144,0.258373,0.875598,0.995215,N/A,N/A,N/A,N/A,N/A,N/A
2025-04-28,NASSAU COUNTY CORRECTIONAL CENTER,100 CARMAN AVENUE,EAST MEADOW,NY,11554,NYC,USMS IGA,Female/Male,,4.669856,0.813397,1.028708,0.727273,2.143541,5.076555,0.014354,0.004785,0.004785,0.009569,0.000000,7.224880,6.330144,N/A,,,,,
2025-04-28,NEVADA SOUTHERN DETENTION CENTER,2190 EAST MESQUITE AVENUE,PAHRUMP,NV,89060,SLC,USMS CDF,Female/Male,87.636364,97.263158,99.894737,57.626794,44.631579,191.105263,108.062201,0.157895,0.090909,49.535885,27.966507,21.856459,200.057416,218.153110,N/A,ODO, 9/19/2024,Scheduled,NDS 2019,Pass
2025-04-28,NEW HANOVER COUNTY JAIL,3950 JUVENILE RD,CASTLE HAYNE,NC,28429,ATL,USMS IGA,Female/Male,2.535714,0.363636,0.234450,0.325359,0.492823,0.894737,0.507177,0.014354,0.000000,0.004785,0.000000,0.000000,1.411483,1.000000,N/A,ODO,8/22/2024,Scheduled,NDS 2019,Pass
2025-04-28,NORTHEAST OHIO CORRECTIONAL CENTER,2240 HUBBARD ROAD,YOUNGSTOWN,OH,44505,DET,USMS IGA,Male,,25.459330,12.794258,8.191388,7.014354,17.449761,35.976077,0.000000,0.033493,5.143541,2.119617,3.229665,42.966507,34.569378,N/A,,,,,
2025-04-28,NORTHWEST ICE PROCESSSING CENTER,1623 E. J STREET,TACOMA,WA,98421,SEA,CDF,Female/Male,85.264151,503.220096,99.626794,178.306220,193.488038,347.382775,516.861244,41.473684,68.923445,180.358852,44.325359,30.382775,719.574163,706.387560,"1,181",ODO,1/30/2025,,PBNDS 2011 - 2016 Revised,Pass
2025-04-28,NORTHWEST STATE CORRECTIONAL CENTER,3649 LOWER NEWTON ROAD,SWANTON,VT,05488,BOS,USMS IGA,Female/Male,2.101449,6.516746,0.397129,0.296651,0.138756,0.660287,6.650718,0.000000,0.038278,0.000000,0.004785,0.023923,7.320574,4.535885,N/A,ODO,6/27/2024,Scheduled,NDS 2019,Pass
2025-04-28,OLDHAM COUNTY JAIL,100 W MAIN STREET,LA GRANGE,KY,40031,CHI,USMS IGA,Female/Male,2.187500,10.784689,2.153110,5.712919,3.980861,11.976077,10.344498,0.043062,0.267943,2.693780,2.229665,1.985646,15.722488,11.736842,N/A,ODO,9/19/2024,Scheduled,NDS 2019,Pass
2025-04-28,ORANGE COUNTY JAIL (FL),3855 SOUTH JOHN YOUNG PARKWAY,ORLANDO,FL,32839,MIA,USMS IGA,Female/Male,2.278689,2.703349,1.645933,2.842105,1.296651,2.746411,4.454545,0.330144,0.956938,0.062201,0.019139,0.009569,8.397129,4.555024,N/A,ODO,8/15/2024,Scheduled,NDS 2019,Pass
2025-04-28,ORANGE COUNTY JAIL (NY),110 WELLS FARM ROAD,GOSHEN,NY,10924,NYC,IGSA,Female/Male,38.300000,32.282297,26.009569,22.574163,20.775120,63.220096,38.421053,0.000000,0.000000,11.224880,13.535885,12.641148,64.239234,62.545455,N/A,ODO,12/12/2024,Scheduled,NDS 2019,Pass
2025-04-28,OTAY MESA DETENTION CENTER,7488 CALZADA DE LA FUENTE,SAN DIEGO,CA,92154,SND,CDF,Female/Male,20.201494,784.311005,455.976077,57.186603,53.521531,165.167464,927.976077,16.688995,241.162679,60.430622,27.019139,26.980861,1236.564593,490.980861,750,ODO,11/7/2024,,PBNDS 2011 - 2016 Revised,Pass
2025-04-28,OTERO COUNTY PROCESSING CENTER,26 MCGREGOR RANGE ROAD,CHAPARRAL,NM,88081,ELP,DIGSA,Female/Male,21.712446,658.956938,95.617225,44.765550,16.425837,145.961722,513.717703,6.023923,150.062201,21.124402,16.736842,47.550239,730.354067,678.248804,500,ODO,11/7/2024,,PBNDS 2011 - 2016 Revised,Pass
2025-04-28,PENNINGTON COUNTY JAIL (SOUTH DAKOTA),300 KANSAS CITY STREET NONE,RAPID CITY,SD,57701,SPM,USMS IGA,Female/Male,4.500000,0.320574,0.344498,0.492823,0.105263,0.430622,0.813397,0.000000,0.019139,0.000000,0.000000,0.047847,1.215311,0.990431,N/A,ORSA,3/8/2024,,ORSA NDS 2019,Pass
2025-04-28,PHELPS COUNTY JAIL (MO),301 W. 2ND,ROLLA,MO,65401,CHI,USMS IGA,Female/Male,,1.277512,1.229665,2.095694,0.354067,2.143541,2.473684,0.023923,0.315789,0.105263,0.377990,0.464115,4.009569,3.004785,N/A,,,,,
2025-04-28,PHELPS COUNTY JAIL (NE),715 5TH AVENUE,HOLDREGE,NE,68949,SPM,USMS IGA,Female/Male,90.750000,2.114833,6.760766,10.746411,10.698565,24.736842,4.583732,0.822967,0.177033,3.019139,3.263158,2.110048,21.928230,24.181818,N/A,ODO,2/6/2025,,NDS 2019,Pass
2025-04-28,Pickens County,188 CEMETERY ST,CARROLLTON,AL,35447,NOL,IGSA,Female/Male,2.776923,10.545455,12.315789,11.449761,5.162679,15.770335,19.019139,2.488038,2.196172,0.387560,0.588517,0.569378,37.928230,29.186603,N/A,ODO,8/8/2024,Scheduled,NDS 2019,Pass
2025-04-28,PIKE COUNTY JAIL,175 PIKE COUNTY BOULEVARD,LORDS VALLEY,PA,18428,PHI,IGSA,Male,30.744186,102.382775,21.315789,33.224880,26.167464,66.382775,116.708134,0.000000,0.000000,10.138756,7.430622,11.880383,153.641148,141.215311,100,ODO,2/27/2025,,PBNDS 2011 - 2016 Revised,Pending Final Report
2025-04-28,PINE PRAIRIE ICE PROCESSING CENTER,1133 HAMPTON DUPRE ROAD,PINE PRAIRIE,LA,70576,NOL,DIGSA,Male,28.938356,316.325359,130.976077,158.569378,94.794258,274.607656,425.607656,0.057416,0.392344,30.851675,26.636364,30.736842,612.440191,581.708134,N/A,ODO,4/10/2025,,PBNDS 2011 - 2016 Revised,Pending Final Report
2025-04-28,PINELLAS COUNTY JAIL,14400 49TH STREET NORTH,CLEARWATER,FL,33762,MIA,USMS IGA,Female/Male,1.663366,2.708134,2.799043,2.712919,0.789474,3.698565,4.822967,0.143541,0.344498,0.009569,0.019139,0.043062,8.937799,5.148325,N/A,ODO,9/26/2024,Scheduled,NDS 2019,Pass
2025-04-28,PLATTE COUNTY JAIL,850 MAPLE STREET,WHEATLAND,WY,82201,DEN,USMS IGA,Female/Male,1.750000,0.488038,0.473684,0.483254,0.157895,0.937799,0.665072,0.000000,0.000000,0.138756,0.019139,0.047847,1.397129,1.234450,N/A,ORSA,3/22/2024,Scheduled,ORSA NDS 2019,Pass
2025-04-28,PLYMOUTH COUNTY CORRECTIONAL FACILITY,26 LONG POND ROAD,PLYMOUTH,MA,02360,BOS,IGSA,Male,78.284153,155.272727,26.234450,129.090909,109.291866,141.435407,277.291866,0.282297,0.880383,35.937799,10.875598,15.387560,357.688995,239.100478,N/A,ODO,11/21/2024,,NDS 2019,Pass
2025-04-28,POLK COUNTY JAIL,1985 NE 51ST PLACE,DES MOINES,IA,50313,SPM,USMS IGA,Female/Male,87.666667,6.076555,12.320574,11.038278,10.411483,33.028708,6.449761,0.057416,0.311005,3.382775,0.937799,2.076555,33.449761,33.143541,N/A,ODO,2/16/2025,,NDS 2019,Fail
2025-04-28,PORT ISABEL SPC,27991 BUENA VISTA BOULEVARD,LOS FRESNOS,TX,78566,HLG,SPC,Female/Male,7.805763,990.971292,32.009569,3.339713,5.526316,119.516746,911.244019,0.248804,0.837321,27.081340,30.057416,46.535885,928.172249,572.267943,650,ODO,3/27/2025,,PBNDS 2011 - 2016 Revised,Pending Final Report
2025-04-28,POTTAWATTAMIE COUNTY JAIL,1400 BIG LAKE ROAD,COUNCIL BLUFFS,IA,51501,SPM,USMS IGA,Female/Male,52.125000,2.497608,4.866029,11.157895,16.607656,30.325359,3.741627,0.354067,0.708134,6.961722,2.263158,1.311005,24.593301,29.569378,N/A,ODO,10/24/2024,Scheduled,NDS 2019,Pass
2025-04-28,PRAIRIELAND DETENTION CENTER,1209 SUNFLOWER LN,ALVARADO,TX,76009,DAL,DIGSA,Female/Male,9.644444,289.153110,90.956938,214.698565,130.928230,283.167464,379.033493,23.315789,40.220096,98.885167,54.593301,42.220096,530.038278,432.301435,525,ODO,12/19/2024,,PBNDS 2011 - 2016 Revised,Pass
2025-04-28,PRINCE EDWARD COUNTY (FARMVILLE),508 WATERWORKS ROAD,FARMVILLE,VA,23901,WAS,DIGSA,Male,87.681159,168.645933,77.765550,139.459330,140.244019,284.464115,241.033493,0.502392,0.114833,75.377990,31.990431,35.382775,383.363636,320.473684,459,ODO,12/19/2024,,PBNDS 2011 - 2016 Revised,Pass
2025-04-28,RICHWOOD CORRECTIONAL CENTER,180 PINE BAYOU CIRCLE,MONROE,LA,71202,NOL,DIGSA,Male,33.281755,769.645933,43.732057,15.980861,12.028708,31.980861,48.200957,14.287081,746.918660,11.612440,9.023923,14.502392,806.248804,324.483254,677,ODO,11/7/2024,,PBNDS 2011 - 2016 Revised,Pass
2025-04-28,RIO GRANDE DETENTION CENTER,1001 SAN RIO BOULEVARD,LAREDO,TX,78046,HLG,USMS CDF,Male,96.962500,615.344498,9.100478,1.181818,0.995215,24.875598,601.521531,0.000000,0.224880,2.047847,6.191388,15.354067,603.028708,355.100478,275,ODO,1/9/2025,,NDS 2019,Pass
2025-04-28,RIVER CORRECTIONAL CENTER,26362 HIGHWAY 15,FERRIDAY,LA,71334,NOL,DIGSA,Male,73.529126,482.196172,70.645933,2.435407,0.827751,18.679426,537.157895,0.000000,0.267943,1.688995,2.435407,6.708134,545.272727,315.167464,361,ODO,11/21/2024,,PBNDS 2011 - 2016 Revised,Pass
2025-04-28,ROBERT A DEYTON DETENTION FACILITY,11866 HASTINGS BRIDGE ROAD P.O. BOX 429,LOVEJOY,GA,30250,ATL,USMS CDF,Female/Male,1.297872,2.842105,2.253589,3.401914,0.822967,4.507177,4.813397,0.000000,0.000000,0.043062,0.047847,0.028708,9.200957,6.913876,N/A,ODO,,Scheduled,NDS 2019,Pass
2025-04-28,SAIPAN DEPARTMENT OF CORRECTIONS (SUSUPE),"VICENTE T. SEMAN BLDG, CIVIC CENTER",SAIPAN,MP,96950,SFR,USMS IGA,Female/Male,,2.464115,2.258373,0.473684,0.000000,2.803828,1.889952,0.000000,0.502392,1.564593,0.468900,0.000000,3.162679,4.234450,N/A,ORSA,3/8/2024,Scheduled,ORSA NDS 2019,Pass
2025-04-28,SALT LAKE COUNTY METRO JAIL,3415 SOUTH 900 WEST,SALT LAKE CITY,UT,84119,SLC,USMS IGA,Female/Male,2.037975,1.110048,4.200957,0.478469,0.100478,3.880383,1.559809,0.205742,0.244019,0.698565,0.129187,0.200957,4.861244,4.904306,N/A,ODO,9/27/2024,Scheduled,NDS 2019,Pass
2025-04-28,SAN JUAN STAGING,"651 FEDERAL DRIVE, SUITE 104",GUAYNABO,PR,00965,MIA,STAGING,Female/Male,2.392157,5.507177,0.483254,0.880383,0.320574,1.248804,5.215311,0.057416,0.669856,0.033493,0.033493,0.076555,7.047847,4.172249,N/A,N/A,N/A,N/A,N/A,N/A
2025-04-28,SAN LUIS REGIONAL DETENTION CENTER,406 NORTH AVENUE D,SAN LUIS,AZ,85349,SND,IGSA,Female/Male,6.542857,76.138756,23.617225,3.258373,6.574163,12.937799,75.177033,0.837321,20.636364,7.258373,1.119617,1.464115,99.746411,83.004785,100,ODO,9/26/2024,Scheduled,NDS 2019,Pass
2025-04-28,SEBASTIAN COUNTY DETENTION CENTER,801 SOUTH A STREET,FORT SMITH,AR,72901,NOL,USMS IGA,Female/Male,2.142857,0.507177,0.301435,0.263158,0.148325,0.569378,0.578947,0.043062,0.028708,0.009569,0.000000,0.000000,1.210526,0.866029,N/A,,,,,
2025-04-28,SENECA COUNTY JAIL,3040 SOUTH STATE HIGHWAY 100,TIFFIN,OH,44883,DET,IGSA,Female/Male,84.250000,20.339713,11.043062,14.210526,15.626794,38.526316,18.066986,2.540670,2.086124,9.995215,3.435407,4.090909,43.698565,50.511962,N/A,ODO,10/31/2024,,NDS 2019,Pass
2025-04-28,SHERBURNE COUNTY JAIL,13880 BUSINESS CENTER DRIVE,ELK RIVER,MN,55330,SPM,IGSA,Female/Male,1.000000,7.244019,9.483254,16.574163,4.315789,19.851675,15.789474,0.928230,1.047847,6.861244,2.354067,3.746411,24.655502,29.736842,N/A,ODO,5/2/2024,Scheduled,NDS 2019,Pass
2025-04-28,SOUTH LOUISIANA ICE PROCESSING CENTER,3843 STAGG AVENUE,BASILE,LA,70515,NOL,DIGSA,Female/Male,45.152381,602.301435,103.942584,107.387560,39.736842,3.110048,3.535885,122.368421,724.354067,56.578947,26.148325,24.157895,746.483254,464.866029,700,ODO,3/6/2025,,PBNDS 2011 - 2016 Revised,Pending Final Report
2025-04-28,SOUTH TEXAS ICE PROCESSING CENTER,566 VETERANS DRIVE,PEARSALL,TX,78061,SNA,CDF,Female/Male,49.876238,1269.416268,121.937799,193.669856,73.765550,355.397129,1258.583732,23.679426,21.129187,82.119617,77.181818,178.952153,1320.535885,1024.942584,"1,350",ODO,2/6/2025,,PBNDS 2011 - 2016 Revised,Pass
2025-04-28,ST. CLAIR COUNTY JAIL,1170 MICHIGAN ROAD,PORT HURON,MI,48060,DET,IGSA,Male,128.250000,42.976077,12.349282,9.909091,5.598086,20.076555,50.755981,0.000000,0.000000,4.583732,3.550239,4.057416,58.641148,54.172249,N/A,ODO,9/19/2024,Scheduled,NDS 2019,Pass
2025-04-28,STE. GENEVIEVE COUNTY SHERIFF/JAIL,5 BASLER DR.,STE. GENEVIEVE,MO,63670,CHI,USMS IGA,Female/Male,,0.875598,4.918660,3.248804,0.511962,3.909091,5.047847,0.114833,0.483254,1.019139,0.521531,0.803828,7.210526,5.105263,N/A,,,,,
2025-04-28,STEWART DETENTION CENTER,146 CCA ROAD,LUMPKIN,GA,31815,ATL,DIGSA,Female/Male,67.936893,782.143541,237.942584,404.516746,325.913876,718.971292,816.990431,49.444976,165.110048,215.904306,126.674641,103.531100,1304.406699,1103.928230,"1,600",ODO,3/20/2025,,PBNDS 2011 - 2016 Revised,Pending Final Report
2025-04-28,STRAFFORD COUNTY CORRECTIONS,266 COUNTY FARM ROAD,DOVER,NH,03820,BOS,IGSA,Female/Male,148.842105,5.679426,0.688995,48.832536,42.100478,45.411483,38.354067,6.516746,7.019139,19.066986,7.301435,7.617225,63.315789,59.574163,N/A,ODO,9/12/2024,Scheduled,NDS 2019,Pass
2025-04-28,SWEETWATER COUNTY JAIL,50140 UNITED STATES HIGHWAY 191 SOUTH,ROCK SPRINGS,WY,82935,DEN,USMS IGA,Female/Male,3.500000,0.215311,0.574163,0.607656,0.052632,0.952153,0.377990,0.019139,0.100478,0.000000,0.019139,0.028708,1.401914,1.196172,N/A,ORSA,3/26/2024,Scheduled,ORSA NDS 2019,Pass
2025-04-28,T DON HUTTO DETENTION CENTER,1001 WELCH STREET,TAYLOR,TX,76574,SNA,DIGSA,Male,72.062500,200.913876,39.942584,116.794258,70.899522,235.148325,193.401914,0.000000,0.000000,64.875598,55.933014,101.708134,206.033493,303.760766,461,ODO,12/19/2024,,PBNDS 2011 - 2016 Revised,Pass
2025-04-28,"TORRANCE/ESTANCIA, NM",209 COUNTY ROAD 49,ESTANCIA,NM,87016,ELP,IGSA,Male,32.595349,358.210526,66.799043,6.578947,3.531100,63.000000,372.119617,0.000000,0.000000,1.875598,5.014354,25.535885,402.693780,274.205742,505,ODO,10/24/2024,Scheduled,PBNDS 2011 - 2016 Revised,Pass
2025-04-28,TULSA COUNTY JAIL (DAVID L. MOSS JUSTICE CTR),300 NORTH DENVER AVENUE,TULSA,OK,74103,DAL,IGSA,Female/Male,2.344444,17.870813,6.526316,6.693780,3.004785,10.885167,19.133971,0.617225,3.459330,1.100478,0.473684,0.526316,31.995215,11.550239,N/A,ODO,9/19/2024,Scheduled,NDS 2019,Pass
2025-04-28,TWO BRIDGES REGIONAL JAIL,522 BATH RD,WISCASSET,ME,04578,BOS,USMS IGA,Male,,0.000000,0.000000,3.062201,3.000000,2.937799,3.124402,0.000000,0.000000,1.813397,0.296651,0.287081,3.665072,3.282297,N/A,,,,,
2025-04-28,WASHINGTON COUNTY DETENTION CENTER,1155 WEST CLYDESDALE DRIVE,FAYETTEVILLE,AR,72701,NOL,USMS IGA,Female/Male,1.734694,1.100478,1.229665,1.421053,0.459330,1.583732,2.392344,0.095694,0.138756,0.004785,0.004785,0.014354,4.186603,2.995215,N/A,ODO,4/22/2025,,ORSA,Pending Final Report
2025-04-28,WASHOE COUNTY JAIL,911 PARR BLVD 775 328 3308,RENO,NV,89506,SLC,USMS IGA,Female/Male,19.703704,0.736842,2.205742,3.827751,3.511962,7.818182,1.995215,0.401914,0.066986,1.956938,0.177033,0.440191,7.708134,8.937799,N/A,ODO,11/7/2024,,NDS 2019,Pass
2025-04-28,WEBB COUNTY DETENTION CENTER (CCA),9998 SOUTH HIGHWAY 83,LAREDO,TX,78041,HLG,DIGSA,Female/Male,18.958333,255.985646,5.110048,30.875598,53.028708,37.282297,272.535885,4.794258,30.387560,15.899522,10.377990,9.976077,308.746411,199.119617,250,ODO,2/6/2025,,PBNDS 2011 - 2016 Revised,Pass
2025-04-28,WINN CORRECTIONAL CENTER,560 GUM SPRING ROAD,WINNFIELD,LA,71483,NOL,DIGSA,Male,105.030516,1006.368421,217.937799,199.449761,107.425837,309.253589,1221.224880,0.550239,0.153110,61.464115,46.736842,46.133971,1376.846890,927.019139,946,ODO,1/16/2025,,PBNDS 2011 - 2016 Revised,Pass
2025-04-28,WOODBURY COUNTY JAIL,407 7TH STREET,SIOUX CITY,IA,51101,SPM,USMS IGA,Female/Male,,0.497608,0.349282,1.574163,1.765550,3.775120,0.382775,0.000000,0.028708,1.411483,0.358852,0.531100,1.885167,3.014354,N/A,ORSA,3/26/2024,Scheduled,ORSA NDS 2019,Pass
2025-04-28,WYATT DETENTION CENTER,950 HIGH STREET,CENTRAL FALLS,RI,02863,BOS,USMS IGA,Male,67.937500,12.961722,3.258373,46.942584,49.636364,59.004785,50.253589,1.598086,1.942584,20.401914,2.488038,2.827751,87.081340,74.612440,N/A,ODO,9/19/2024,Scheduled,NDS 2019,Pass
2025-04-14,ADAMS COUNTY DET CENTER,20 HOBO FORK RD.,NATCHEZ,MS,39120,NOL,DIGSA,Female/Male,30.569568,1891.758974,263.174359,8.307692,4.974359,17.743590,2150.471795,0.000000,0.000000,1.979487,1.435897,3.102564,2161.697436,463.025641,"1,100",ODO,1/16/2025,,PBNDS 2011 - 2016 Revised,Pass
2025-04-14,ADELANTO ICE PROCESSING CENTER,10250 RANCHO ROAD,ADELANTO,CA,92301,LOS,CDF,Female/Male,1796.000000,10.328205,7.246154,35.046154,49.600000,78.800000,23.420513,0.000000,0.000000,46.302564,15.230769,7.779487,32.907692,55.830769,640,ODO,7/18/2024,Scheduled,PBNDS 2011 - 2016 Revised,Pass
2025-04-14,ALAMANCE COUNTY DETENTION FACILITY,109 SOUTH MAPLE STREET,GRAHAM,NC,27253,ATL,IGSA,Female/Male,4.434911,4.835897,3.394872,5.897436,5.938462,13.328205,6.338462,0.153846,0.246154,0.676923,0.230769,0.076923,19.082051,14.682051,40,ODO,9/19/2024,Scheduled,NDS 2019,Pass
2025-04-14,ALEXANDRIA STAGING FACILITY,96 GEORGE THOMPSON DRIVE,ALEXANDRIA,LA,71303,NOL,STAGING,Male,3.075916,139.112821,48.502564,75.707692,52.805128,145.564103,170.451282,0.061538,0.051282,55.466667,31.717949,38.415385,190.528205,311.266667,N/A,ODO,2/27/2025,,PBNDS 2011 - 2016 Revised,Pending Final Report
2025-04-14,ALLEGANY COUNTY JAIL,4884 STATE ROUTE 19,BELMONT,NY,14813,BUF,IGSA,Female/Male,,2.235897,0.148718,0.056410,0.000000,0.000000,0.164103,0.107692,2.169231,0.000000,0.051282,0.000000,2.389744,0.984615,N/A,,,,,
2025-04-14,ALLEN PARISH PUBLIC SAFETY COMPLEX,7340 HIGHWAY 26 WEST,OBERLIN,LA,70655,NOL,IGSA,Male,59.500000,101.876923,29.994872,33.948718,11.015385,50.261538,126.574359,0.000000,0.000000,14.723077,8.548718,5.538462,148.025641,111.835897,170,ODO,12/12/2024,,PBNDS 2011 - 2016 Revised,Pass
2025-04-14,ATLANTA US PEN,"601 MCDONOUGH BOULEVARD, SE",ATLANTA,GA,30315,ATL,BOP,Female/Male,,22.138462,6.071795,4.641026,3.533333,11.866667,24.517949,0.000000,0.000000,1.558974,0.297436,0.543590,33.984615,32.082051,N/A,N/A,N/A,,N/A,N/A
2025-04-14,BAKER COUNTY SHERIFF DEPT.,1 SHERIFF OFFICE DRIVE,MACCLENNY,FL,32063,MIA,IGSA,Female/Male,61.549020,30.076923,37.235897,89.712821,86.682051,151.938462,54.097436,21.743590,15.928205,35.856410,18.153846,13.553846,176.143590,175.123077,192,ODO,10/24/2024,,NDS 2019,Pass
2025-04-14,BERLIN FED. CORR. INST.,1 SUCCESS LOOP DR.,BERLIN,NH,03570,BOS,BOP,,,15.189744,1.641026,4.425641,4.548718,5.687179,20.102564,0.000000,0.015385,2.374359,1.107692,2.133333,20.189744,5.692308,N/A,N/A,N/A,,N/A,N/A
2025-04-14,BLUEBONNET DETENTION FACILITY,400 2ND STREET,ANSON,TX,79501,DAL,DIGSA,Male,56.166667,344.323077,171.651282,247.400000,102.825641,344.538462,451.051282,11.948718,58.661538,73.856410,48.389744,77.061538,666.892308,503.466667,750,ODO,12/12/2024,,PBNDS 2011 - 2016 Revised,Pass
2025-04-14,BOONE COUNTY JAIL,3020 CONRAD LANE,BURLINGTON,KY,41005,CHI,USMS IGA,Female/Male,86.000000,31.117949,25.184615,34.697436,55.256410,106.384615,35.092308,3.794872,0.984615,39.553846,11.564103,12.348718,82.789744,100.748718,N/A,ODO,11/21/2024,,NDS 2019,Pass
2025-04-14,BROWARD COUNTY JAIL,555 SE 1ST AVENUE,FT.LAUDERDALE,FL,33301,MIA,IGSA,Female/Male,,0.379487,0.251282,1.169231,0.323077,0.358974,1.553846,0.051282,0.158974,0.000000,0.000000,0.000000,2.123077,1.148718,N/A,N/A,N/A,,N/A,N/A
2025-04-14,BROWARD TRANSITIONAL CENTER,3900 NORTH POWERLINE ROAD,POMPANO BEACH,FL,33073,MIA,CDF,Female/Male,48.847561,483.979487,156.487179,4.692308,0.923077,123.882051,426.676923,14.656410,80.866667,12.282051,20.051282,25.630769,588.117949,413.969231,700,ODO,12/19/2024,,PBNDS 2011 - 2016 Revised,Pass
2025-04-14,BUFFALO SERVICE PROCESSING CENTER,4250 FEDERAL DRIVE,BATAVIA,NY,14020,BUF,SPC,Male,63.213333,242.620513,49.707692,135.989744,148.482051,256.379487,320.420513,0.000000,0.000000,109.410256,16.866667,20.948718,429.574359,424.430769,400,ODO,10/31/2024,,PBNDS 2011 - 2016 Revised,Pass
2025-04-14,BUTLER COUNTY JAIL,705 HANOVER STREET,HAMILTON,OH,45011,DET,USMS IGA,Female/Male,,16.369231,4.517949,5.466667,2.200000,7.097436,18.933333,0.317949,2.205128,1.374359,1.661538,2.630769,22.887179,12.241026,N/A,ODO,,,NDS 2019,Pass
2025-04-14,CALHOUN COUNTY CORRECTIONAL CENTER,185 EAST MICHIGAN AVENUE,BATTLE CREEK,MI,49014,DET,IGSA,Female/Male,67.696970,59.538462,34.343590,30.025641,14.753846,46.579487,78.051282,2.738462,11.292308,11.461538,4.912821,10.312821,111.974359,108.282051,75,ODO,8/22/2024,Scheduled,NDS 2019,Pass
2025-04-14,CAMPBELL CO DET CTR,601 CENTRAL AVE,NEWPORT,KY,41071,CHI,USMS IGA,,,2.046154,0.953846,1.707692,0.553846,1.712821,3.548718,0.000000,0.000000,0.615385,0.533333,0.512821,3.600000,0.712821,N/A,,,,,
2025-04-14,CAROLINE DETENTION FACILITY,11093 S.W. LEWIS MEMORIAL DRIVE,BOWLING GREEN,VA,22427,WAS,DIGSA,Female/Male,96.446281,112.292308,36.641026,66.005128,76.517949,130.189744,147.635897,8.784615,4.846154,42.482051,15.025641,18.071795,215.876923,164.292308,224,ODO,4/17/2025,Scheduled,PBNDS 2011 - 2016 Revised,Pending Final Report
2025-04-14,"CCA, FLORENCE CORRECTIONAL CENTER",1100 BOWLING ROAD,FLORENCE,AZ,85232,PHO,USMS IGA,Male,70.158333,58.589744,42.025641,147.282051,141.989744,242.394872,147.492308,0.000000,0.000000,54.230769,23.835897,25.738462,286.082051,239.676923,N/A,ODO,11/13/2024,Pending Scheduling,NDS 2019,Pass
2025-04-14,CENTRAL LOUISIANA ICE PROCESSING CENTER (CLIPC),830 PINEHILL ROAD,JENA,LA,71342,NOL,DIGSA,Female/Male,13.669118,409.794872,225.943590,341.046154,210.743590,517.635897,669.379487,0.307692,0.205128,115.251282,56.410256,62.933333,952.933333,904.605128,"1,170",ODO,1/9/2025,,PBNDS 2011 - 2016 Revised,Pass
2025-04-14,CHASE COUNTY JAIL,301 SOUTH WALNUT STREET,COTTONWOOD FALL,KS,66845,CHI,IGSA,Female/Male,54.466667,21.861538,18.758974,34.133333,18.461538,49.723077,35.502564,4.764103,3.225641,12.451282,5.507692,7.425641,67.830769,80.010256,N/A,ODO,3/13/2025,,NDS 2019,Pending Final Report
2025-04-14,CHIPPEWA COUNTY SSM,325 COURT STREET,SAULT STE MARIE,MI,49783,DET,IGSA,Female/Male,69.000000,9.876923,5.123077,6.820513,5.712821,11.507692,16.025641,0.000000,0.000000,4.907692,0.933333,1.169231,20.523077,22.020513,N/A,ODO,4/3/2025,,NDS 2019,Pass
2025-04-14,CHITTENDEN REGIONAL CORRECTIONAL FACILITY,7 FARRELL STREET,SOUTH BURLINGTON,VT,05403,BOS,USMS IGA,Female/Male,2.500000,2.123077,0.020513,0.005128,0.000000,0.000000,0.010256,0.092308,2.046154,0.000000,0.000000,0.015385,2.133333,1.179487,N/A,ORSA,4/12/2024,,ORSA NDS 2019,Pass
2025-04-14,CIBOLA COUNTY CORRECTIONAL CENTER,2000 CIBOLA LOOP,MILAN,NM,87021,ELP,IGSA,Male,26.982143,157.435897,35.805128,5.702564,3.461538,21.297436,181.015385,0.092308,0.000000,4.256410,1.589744,7.000000,189.558974,165.733333,N/A,ODO,2/27/2025,,PBNDS 2011 - 2016 Revised,Pending Final Report
2025-04-14,CIMMARRON CORR FACILITY,3700 S. KINGS HWY,CUSHING,OK,74023,DAL,USMS IGA,,,50.117949,12.625641,0.102564,0.000000,10.553846,52.292308,0.000000,0.000000,1.656410,1.882051,2.820513,56.487179,38.035897,N/A,,,,,
2025-04-14,CLAY COUNTY JUSTICE CENTER,611 EAST JACKSON STREET,BRAZIL,IN,47834,CHI,USMS IGA,Female/Male,19.190476,59.343590,29.897436,90.205128,62.246154,136.107692,91.456410,7.707692,6.420513,32.435897,11.297436,14.917949,183.041026,159.461538,N/A,ODO,6/27/2024,Scheduled,NDS 2019,Pass
2025-04-14,CLINTON COUNTY CORRECTIONAL FACILITY,58 PINE MOUNTAIN RD.,MCELHATTAN,PA,17748,PHI,USMS IGA,Male,180.428571,3.528205,24.102564,35.594872,16.574359,72.025641,4.384615,2.174359,1.215385,26.815385,9.076923,1.471795,42.435897,67.076923,N/A,ODO,1/16/2025,,NDS 2019,Pass
2025-04-14,CLINTON COUNTY JAIL,25 MCCARTHY DRIVE,PLATTSBURGH,NY,12901,BUF,USMS IGA,Female/Male,11.914286,2.605128,0.661538,1.815385,0.179487,0.430769,0.738462,1.143590,2.948718,0.774359,0.000000,0.882051,3.605128,3.061538,N/A,ODO,6/6/2024,,NDS 2019,Pass
2025-04-14,COASTAL BEND DETENTION FACILITY,4909 FM 2826,ROBSTOWN,TX,78380,HLG,USMS IGA,Male,0.518987,4.015385,3.425641,1.984615,0.805128,3.164103,6.487179,0.046154,0.533333,0.630769,0.482051,0.656410,8.461538,9.441026,N/A,ODO,2/6/2025,,NDS 2019,Pass
2025-04-14,COLLIER COUNTY NAPLES JAIL CENTER,3347 TAMIAMI TRAIL E,NAPLES,FL,34112,MIA,IGSA,Female/Male,3.161538,6.256410,2.046154,2.661538,1.656410,6.435897,5.717949,0.194872,0.271795,0.107692,0.112821,0.287179,12.112821,8.256410,N/A,ODO,12/5/2024,,NDS 2019,Pass
2025-04-14,CORR. CTR OF NORTHWEST OHIO,"3151 ROAD 24.25, ROUTE 1",STRYKER,OH,43557,DET,USMS IGA,Male,,2.102564,1.112821,2.005128,0.779487,2.466667,2.523077,0.169231,0.841026,1.179487,0.256410,0.953846,3.610256,3.000000,N/A,,,,,
2025-04-14,CUMBERLAND COUNTY JAIL,50 COUNTY WAY,PORTLAND,ME,04102,BOS,USMS IGA,Female/Male,7.084746,8.102564,1.441026,21.769231,17.369231,20.989744,18.610256,2.861538,6.220513,5.646154,1.102564,3.389744,38.543590,31.917949,N/A,ODO,9/12/2024,,NDS 2019,Pass
2025-04-14,DAKOTA COUNTY JAIL,1601 BROADWAY,DAKOTA CITY,NE,68731,SPM,USMS IGA,Female/Male,2.500000,2.723077,3.071795,4.256410,2.476923,7.815385,3.805128,0.194872,0.712821,1.020513,0.984615,2.353846,8.169231,6.682051,N/A,ORSA,12/7/2024,,ORSA NDS 2019,Pass
2025-04-14,DALLAS COUNTY JAIL - LEW STERRETT JUSTICE CENTER,111 WEST COMMERCE STREET,DALLAS,TX,75202,DAL,USMS IGA,Female/Male,1.261818,7.343590,0.000000,0.010256,0.010256,2.892308,3.994872,0.148718,0.328205,0.000000,0.020513,0.005128,7.338462,3.584615,N/A,ODO,7/18/2024,Pending Scheduling,NDS 2019,Pass
2025-04-14,DENVER CONTRACT DETENTION FACILITY,3130 OAKLAND ST,AURORA,CO,80010,DEN,CDF,Female/Male,47.161836,607.512821,197.235897,198.302564,147.082051,287.651282,795.451282,20.082051,46.948718,123.312821,56.230769,55.138462,915.451282,651.317949,600,ODO,2/13/2025,,PBNDS 2011 - 2016 Revised,Pass
2025-04-14,DEPARTMENT OF CORRECTIONS HAGATNA,203 ASPINAL AVE. PO BOX 3236,HAGATNA,GU,96910,SFR,USMS IGA,Female/Male,,0.000000,2.348718,2.912821,0.569231,4.953846,0.876923,0.000000,0.000000,3.635897,0.851282,0.328205,1.015385,5.471795,N/A,ORSA,4/11/2025,,ORSA NDS 2019,Pending Final Report
2025-04-14,DESERT VIEW ANNEX,10450 RANCHO ROAD,ADELANTO,CA,92301,LOS,CDF,Male,37.470238,213.933333,32.666667,71.600000,92.076923,156.343590,253.307692,0.625641,0.000000,22.482051,8.010256,8.492308,371.292308,244.728205,480,ODO,2/27/2025,,PBNDS 2011 - 2016 Revised,Pending Final Report
2025-04-14,DILLEY IMMIGRATION PROCESSING CENTER,300 EL RANCHO WAY,DILLEY,TX,78017,SNA,DIGSA,Female/Male,114.940678,2.810256,0.020513,0.000000,0.000000,0.000000,1.410256,0.000000,1.420513,0.000000,0.000000,0.000000,2.830769,1.943590,960,ODO,6/4/2024,,FRS,Pass
2025-04-14,DODGE COUNTY JAIL,215 WEST CENTRAL STREET,JUNEAU,WI,53039,CHI,USMS IGA,Female/Male,111.548387,10.661538,15.953846,45.056410,41.620513,86.441026,25.364103,0.338462,1.148718,21.610256,10.425641,8.430769,72.825641,84.882051,N/A,ODO,4/3/2025,,NDS 2019,Pending Final Report
2025-04-14,EAST HIDALGO DETENTION CENTER,1330 HIGHWAY 107,LA VILLA,TX,78562,HLG,USMS IGA,Female/Male,1.500000,4.805128,1.487179,1.558974,0.923077,3.866667,4.389744,0.066667,0.451282,2.425641,0.384615,0.538462,5.425641,8.615385,N/A,ORSA,8/22/2024,Pending Scheduling,ORSA NDS 2019,Pass
2025-04-14,EDEN DETENTION CTR,702 E BROADWAY ST,EDEN,TX,76837,DAL,USMS IGA,Male,27.031008,102.015385,8.174359,1.138462,0.476923,6.733333,105.071795,0.000000,0.000000,0.466667,0.010256,1.256410,110.071795,46.912821,N/A,ODO,2/27/2025,,NDS 2019,Pending Final Report
2025-04-14,EL PASO SERVICE PROCESSING CENTER,8915 MONTANA AVE.,EL PASO,TX,79925,ELP,SPC,Female/Male,42.984375,316.348718,184.671795,143.292308,85.056410,280.764103,249.958974,61.835897,136.810256,79.169231,64.246154,95.425641,490.528205,609.266667,450,ODO,2/13/2025,,PBNDS 2011 - 2016 Revised,Pending Final Report
2025-04-14,EL PASO SOFT SIDED FACILITY,12501 GATEWAY BLVD S,EL PASO,TX,79934,ELP,STAGING,,,5.487179,4.333333,3.010256,1.148718,5.907692,7.112821,0.200000,0.758974,1.656410,1.384615,2.410256,8.528205,13.743590,N/A,N/A,N/A,,N/A,N/A
2025-04-14,EL VALLE DETENTION FACILITY,1800 INDUSTRIAL DRIVE,RAYMONDVILLE,TX,78580,HLG,DIGSA,Female/Male,26.624204,727.912821,43.620513,49.789744,36.753846,113.425641,281.374359,18.605128,444.671795,31.723077,16.112821,17.764103,792.476923,479.384615,600,ODO,3/6/2025,,PBNDS 2011 - 2016 Revised,Pending Final Report
2025-04-14,ELIZABETH CONTRACT DETENTION FACILITY,625 EVANS STREET,ELIZABETH,NJ,07201,NEW,CDF,Female/Male,4.078772,90.666667,167.651282,20.107692,7.071795,59.466667,208.846154,1.600000,15.584615,5.246154,9.866667,14.353846,256.030769,151.917949,285,ODO,12/5/2024,,PBNDS 2011 - 2016 Revised,Pass
2025-04-14,ELOY FEDERAL CONTRACT FACILITY,1705 EAST HANNA RD.,ELOY,AZ,85131,PHO,DIGSA,Female/Male,13.584405,1037.861538,49.148718,121.435897,131.923077,165.687179,529.979487,78.733333,565.969231,96.707692,48.907692,67.174359,1127.579487,749.076923,900,ODO,10/31/2024,,PBNDS 2011 - 2016 Revised,Pass
2025-04-14,ERIE COUNTY JAIL,DEPARTMENT OF CORRECTIONS 1618 ASH STREET,ERIE,PA,16503,PHI,USMS IGA,Female/Male,3.545455,2.923077,1.528205,0.841026,0.461538,0.892308,4.743590,0.000000,0.117949,0.102564,0.020513,0.092308,5.538462,2.348718,N/A,ORSA,3/20/2024,,ORSA NDS 2019,Pass
2025-04-14,ETOWAH COUNTY JAIL (ALABAMA),827 FORREST AVENUE,GADSDEN,AL,35901,NOL,USMS IGA,Male,,7.092308,3.897436,4.548718,1.779487,6.389744,9.061538,0.769231,1.097436,0.205128,0.241026,0.220513,16.651282,7.230769,N/A,ODO,,,NDS 2000,Pass
2025-04-14,FAYETTE COUNTY DETENTION CENTER,600 OLD FRANKFORD CR,LEXINGTON,KY,40510,CHI,USMS IGA,Female/Male,1.352941,0.189744,0.261538,0.430769,0.502564,0.856410,0.471795,0.015385,0.041026,0.035897,0.005128,0.005128,1.338462,0.928205,N/A,ODO,9/12/2024,,NDS 2019,Pass
2025-04-14,FDC PHILADELPHIA,700 ARCH ST.,PHILADELPHIA,PA,19106,PHI,BOP,,,14.466667,3.635897,5.287179,7.882051,15.087179,16.184615,0.000000,0.000000,5.764103,2.758974,1.051282,21.697436,18.102564,N/A,N/A,N/A,,N/A,N/A
2025-04-14,FLORENCE SERVICE PROCESSING CENTER,3250 NORTH PINAL PARKWAY,FLORENCE,AZ,85132,PHO,SPC,Male,6.629778,305.076923,72.917949,2.389744,1.805128,77.764103,304.328205,0.010256,0.087179,1.076923,5.128205,31.051282,344.933333,203.635897,392,ODO,2/13/2025,,PBNDS 2011 - 2016 Revised,Pass
2025-04-14,FLORENCE STAGING FACILITY,3250 NORTH PINAL PARKWAY,FLORENCE,AZ,85232,PHO,STAGING,Male,3.391034,105.061538,37.466667,26.256410,12.364103,55.456410,120.682051,2.200000,2.810256,3.615385,2.328205,3.092308,172.112821,123.005128,N/A,ODO,12/12/2024,Scheduled,PBNDS 2011 - 2016 Revised,Pass
2025-04-14,FOLKSTON ANNEX IPC,3424 HIGHWAY 252 EAST,FOLKSTON,GA,31537,ATL,DIGSA,Male,62.876106,188.989744,29.569231,38.923077,15.323077,64.210256,208.394872,0.000000,0.200000,9.082051,4.071795,8.302564,251.348718,173.261538,338,ODO,1/30/2025,,PBNDS 2011 - 2016 Revised,Pass
2025-04-14,FOLKSTON MAIN IPC,3026 HWY 252 EAST,FOLKSTON,GA,31537,ATL,DIGSA,Male,44.281250,347.851282,139.743590,94.661538,42.292308,173.164103,451.097436,0.287179,0.000000,18.476923,16.343590,20.492308,569.235897,414.646154,544,ODO,1/30/2025,,PBNDS 2011 - 2016 Revised,Pass
2025-04-14,FREEBORN COUNTY ADULT DETENTION CENTER,411 SOUTH BROADWAY AVENUE,ALBERT LEA,MN,56007,SPM,IGSA,Male,78.333333,15.015385,11.466667,38.292308,11.451282,42.994872,33.230769,0.000000,0.000000,11.902564,3.297436,5.435897,55.589744,53.543590,N/A,ODO,3/6/2025,,NDS 2019,Pending Final Report
2025-04-14,GEAUGA COUNTY JAIL,12450 MERRITT DR,CHARDON,OH,44024,DET,USMS IGA,Female/Male,133.800000,23.246154,12.738462,7.184615,2.553846,17.897436,20.446154,1.497436,5.882051,2.748718,2.902564,1.512821,38.558974,35.194872,N/A,ODO,1/30/2025,,NDS 2019,Pass
2025-04-14,GLADES COUNTY DETENTION CENTER,1297 EAST SR 78,MOORE HAVEN,FL,33471,MIA,IGSA,Female/Male,,1.251282,0.266667,1.748718,1.712821,2.600000,2.328205,0.051282,0.000000,1.482051,0.225641,0.215385,3.056410,4.866667,500,ODO,,,NDS 2019,Pass
2025-04-14,GOLDEN STATE ANNEX,611 FRONTAGE RD,MCFARLAND,CA,93250,SFR,CDF,Female/Male,139.531250,196.758974,67.051282,115.948718,166.569231,278.651282,267.205128,0.374359,0.097436,137.784615,22.625641,10.558974,375.358974,290.261538,560,ODO,1/30/2025,,PBNDS 2011 - 2016 Revised,Pass
2025-04-14,GRAND FORKS COUNTY CORRECTIONAL FACILITY,1701 NORTH WASHINGTON ST,GRAND FORKS,ND,58203,SPM,USMS IGA,Female/Male,1.375000,0.230769,0.025641,3.400000,0.066667,1.112821,2.487179,0.056410,0.066667,0.025641,0.107692,0.020513,3.569231,2.107692,N/A,ODO,7/11/2024,Pending Scheduling,NDS 2019,Pass
2025-04-14,GRAYSON COUNTY JAIL,320 SHAW STATION ROAD,LEITCHFIELD,KY,42754,CHI,USMS IGA,Female/Male,1.789474,10.066667,3.374359,7.369231,2.266667,2.871795,1.682051,7.769231,10.753846,3.471795,1.046154,3.317949,15.241026,12.620513,N/A,ODO,8/22/2024,,NDS 2019,Pass
2025-04-14,GREENE COUNTY JAIL,1199 N HASELTINE RD,SPRINGFIELD,MO,65802,CHI,IGSA,Female/Male,,26.374359,5.866667,18.338462,12.128205,29.835897,29.179487,1.369231,2.323077,8.805128,5.415385,6.353846,42.133333,42.353846,N/A,,,,,
2025-04-14,HANCOCK COUNTY PUBLIC SAFETY COMPLEX,8450 HIGHWAY 90,BAY ST. LOUIS,MS,39520,NOL,IGSA,Female/Male,2.238390,9.641026,5.533333,3.876923,1.102564,5.287179,12.902564,0.276923,1.687179,0.112821,0.179487,0.097436,19.764103,11.646154,N/A,ODO,5/9/2024,,NDS 2019,Fail
2025-04-14,HENDERSON DETENTION,18 E BASIC ROAD,HENDERSON,NV,89015,SLC,USMS IGA,Female/Male,12.117647,13.456410,21.123077,25.410256,10.753846,40.200000,16.517949,8.241026,5.784615,13.020513,9.697436,6.394872,41.630769,55.051282,N/A,ODO,9/19/2024,Scheduled,NDS 2019,Pass
2025-04-14,HONOLULU FEDERAL DETENTION CENTER,351 ELLIOTT ST.,HONOLULU,HI,96819,SFR,BOP,Female/Male,,3.856410,8.051282,13.082051,3.882051,15.794872,8.620513,0.687179,3.769231,9.820513,3.969231,2.025641,13.056410,23.405128,N/A,N/A,N/A,,N/A,N/A
2025-04-14,HOUSTON CONTRACT DETENTION FACILITY,15850 EXPORT PLAZA DRIVE,HOUSTON,TX,77032,HOU,CDF,Female/Male,42.700000,751.584615,49.543590,19.600000,8.384615,32.615385,454.276923,16.020513,326.200000,13.784615,12.646154,13.841026,788.841026,436.415385,750,ODO,1/30/2025,,PBNDS 2011 - 2016 Revised,Pass
2025-04-14,IAH SECURE ADULT DETENTION FACILITY (POLK),3400 FM 350 SOUTH,LIVINGSTON,TX,77351,HOU,DIGSA,Male,27.278932,654.764103,92.630769,32.569231,12.620513,66.451282,726.133333,0.000000,0.000000,11.938462,11.087179,24.548718,745.010256,366.246154,350,ODO,2/13/2025,,NDS 2019,Pass
2025-04-14,IMPERIAL REGIONAL DETENTION FACILITY,1572 GATEWAY,CALEXICO,CA,92231,SND,CDF,Female/Male,31.220930,582.994872,21.661538,30.076923,31.020513,74.194872,529.861538,1.230769,60.466667,26.451282,11.056410,12.605128,615.641026,212.800000,640,ODO,1/16/2025,,PBNDS 2011 - 2016 Revised,Pass
2025-04-14,JACKSON PARISH CORRECTIONAL CENTER,327 INDUSTRIAL DRIVE,JONESBORO,LA,71251,NOL,DIGSA,Female/Male,29.864312,915.220513,93.938462,3.128205,1.646154,24.487179,981.943590,1.358974,6.143590,1.769231,4.148718,8.071795,999.943590,355.656410,500,ODO,12/12/2024,,PBNDS 2011 - 2016 Revised,Pass
2025-04-14,JEFFERSON COUNTY JAIL,219 EAST FREMONT AVENUE,RIGBY,ID,83442,SLC,IGSA,Female/Male,2.437500,0.774359,1.092308,1.271795,0.692308,2.938462,0.861538,0.025641,0.005128,0.112821,0.210256,0.087179,3.420513,3.051282,N/A,ODO,7/18/2024,,NDS 2019,Pass
2025-04-14,JOE CORLEY PROCESSING CTR,500 HILBIG RD,CONROE,TX,77301,HOU,IGSA,Female/Male,27.171598,692.558974,73.800000,23.276923,11.835897,58.948718,742.523077,0.000000,0.000000,20.676923,12.030769,15.958974,752.805128,690.200000,N/A,ODO,12/19/2024,,NDS 2019,Pass
2025-04-14,JTF CAMP SIX,AVENUE C PSC 1005 BOX 55,FPO,FL,34009,MIA,DOD,,,0.871795,0.779487,5.256410,5.287179,5.923077,6.271795,0.000000,0.000000,2.041026,1.056410,1.343590,7.753846,12.194872,N/A,N/A,N/A,,N/A,N/A
2025-04-14,KANDIYOHI COUNTY JAIL,2201 23RD ST NE,WILLMAR,MN,56201,SPM,IGSA,Female/Male,52.285714,26.425641,19.769231,73.358974,24.200000,74.066667,57.835897,7.728205,4.123077,28.502564,12.087179,6.733333,96.430769,108.092308,N/A,ODO,3/13/2025,,NDS 2019,Pending Final Report
2025-04-14,KARNES COUNTY IMMIGRATION PROCESSING CENTER,409 FM 1144,KARNES CITY,TX,78118,SNA,DIGSA,Female/Male,44.661355,796.538462,16.502564,1.041026,0.056410,7.394872,555.897436,3.015385,247.830769,0.046154,0.543590,6.389744,807.158974,476.969231,928,ODO,9/19/2024,Pending Scheduling,PBNDS 2011 - 2016 Revised,Pass
2025-04-14,KAY CO JUSTICE FACILITY,1101 WEST DRY ROAD,NEWKIRK,OK,74647,CHI,IGSA,Female/Male,77.428571,37.789744,25.420513,21.194872,12.379487,44.087179,52.697436,0.000000,0.000000,11.200000,8.723077,8.246154,68.615385,78.625641,N/A,ODO,3/7/2025,,NDS 2019,Pending Final Report
2025-04-14,KNOX COUNTY DETENTION FACILITY,5001 MALONEYVILLE RD,KNOXVILLE,TN,37918,NOL,USMS IGA,Female/Male,1.718310,4.723077,5.297436,4.502564,1.820513,8.010256,7.123077,0.482051,0.728205,0.256410,0.215385,0.282051,15.589744,9.789744,N/A,ODO,9/26/2024,,NDS 2019,Pass
2025-04-14,KROME NORTH SERVICE PROCESSING CENTER,18201 SW 12TH ST,MIAMI,FL,33194,MIA,SPC,Male,46.278195,139.553846,50.353846,285.574359,293.276923,440.800000,326.743590,0.820513,0.394872,101.984615,34.953846,30.584615,601.235897,496.010256,450,ODO,9/12/2024,Scheduled,PBNDS 2011 - 2016 Revised,Pass
2025-04-14,LA SALLE COUNTY REGIONAL DETENTION CENTER,832 EAST TEXAS STATE HIGHWAY 44,ENCINAL,TX,78019,SNA,USMS IGA,Male,,17.553846,1.102564,0.000000,0.061538,0.953846,17.764103,0.000000,0.000000,0.000000,0.020513,0.779487,17.917949,13.538462,N/A,,2/7/2025,,,Pending Final Report
2025-04-14,LAREDO PROCESSING CENTER,4702 EAST SAUNDERS STREET,LAREDO,TX,78041,HLG,DIGSA,Female/Male,16.805970,333.123077,6.133333,5.502564,6.251282,0.210256,5.446154,12.010256,333.343590,2.794872,1.917949,5.948718,340.348718,200.230769,N/A,ODO,3/20/2025,,NDS 2019,Pending Final Report
2025-04-14,LEAVENWORTH US PENITENTIARY,1300 METROPOLITAN AVE.,LEAVENWORTH,KS,66048,CHI,BOP,Female/Male,,7.866667,2.215385,5.158974,6.123077,12.415385,8.948718,0.000000,0.000000,4.600000,1.805128,1.394872,13.564103,20.271795,N/A,N/A,N/A,,N/A,N/A
2025-04-14,LEXINGTON COUNTY JAIL,521 GIBSON ROAD,LEXINGTON,SC,29072,ATL,USMS IGA,Female/Male,1.745763,1.112821,1.815385,0.743590,0.333333,1.923077,1.682051,0.056410,0.343590,0.025641,0.015385,0.020513,3.943590,2.538462,N/A,ODO,8/8/2024,,NDS 2019,Pass
2025-04-14,LIMESTONE COUNTY DETENTION CENTER,910 NORTH TYUS STREET,GROESBECK,TX,76642,HOU,USMS IGA,Male,30.521739,16.205128,1.902564,4.994872,3.794872,7.753846,19.143590,0.000000,0.000000,0.933333,0.348718,0.379487,25.235897,22.384615,N/A,ODO,3/27/2025,,NDS 2019,Pending Final Report
2025-04-14,LINCOLN COUNTY JAIL,3020 N JEFFERS,NORTH PLATTE,NE,69101,SPM,USMS IGA,Female/Male,1.000000,0.502564,0.353846,0.635897,0.287179,1.123077,0.507692,0.000000,0.148718,0.000000,0.000000,0.015385,1.764103,0.923077,N/A,,12/23/2024,,,Pending Final Report
2025-04-14,LUBBOCK COUNTY DETENTION CENTER,811 MAIN STREET,LUBBOCK,TX,79401,DAL,USMS IGA,Female/Male,1.333333,0.615385,0.769231,0.241026,0.041026,0.589744,1.015385,0.000000,0.061538,0.082051,0.025641,0.046154,1.512821,0.841026,N/A,ORSA,3/26/2024,Pending Scheduling,ORSA NDS 2019,Pass
2025-04-14,MADISON COUNTY JAIL,2935 HIGHWAY 51,CANTON,MS,39046,NOL,USMS IGA,Female/Male,2.050000,1.389744,1.364103,1.051282,0.728205,1.743590,2.487179,0.046154,0.256410,0.020513,0.025641,0.005128,4.482051,2.805128,N/A,ODO,9/26/2024,,NDS 2019,Pass
2025-04-14,MARION COUNTY JAIL,40 SOUTH ALABAMA STREET,INDIANAPOLIS,IN,46204,CHI,USMS IGA,Female/Male,,6.630769,3.461538,5.712821,3.010256,8.810256,9.969231,0.000000,0.035897,2.107692,1.246154,2.471795,12.989744,7.328205,N/A,ORSA,,,ORSA NDS 2019,Pass
2025-04-14,MESA VERDE ICE PROCESSING CENTER,425 GOLDEN STATE AVE,BAKERSFIELD,CA,93301,SFR,CDF,Female/Male,307.333333,0.000000,2.682051,13.025641,35.123077,50.830769,0.000000,0.000000,0.000000,36.184615,2.302564,0.558974,11.784615,42.784615,320,ODO,6/13/2024,Scheduled,PBNDS 2011 - 2016 Revised,Pass
2025-04-14,MIAMI FEDERAL DETENTION,33 NE 4 STREET,MIAMI,FL,33132,MIA,BOP,Female/Male,,16.297436,12.805128,61.851282,35.066667,62.687179,63.271795,0.061538,0.000000,22.533333,12.000000,7.123077,84.364103,59.707692,N/A,N/A,N/A,,N/A,N/A
2025-04-14,MIGRANT OPS CENTER MAIN A,AVENUE C PSC 1005 BOX 55,FPO,FL,34009,MIA,MOC,,,5.251282,1.117949,0.112821,0.035897,0.892308,5.625641,0.000000,0.000000,0.000000,0.246154,0.389744,5.882051,6.517949,N/A,N/A,N/A,,N/A,N/A
2025-04-14,MILLER COUNTY JAIL,2300 EAST STREET,TEXARKANA,AR,71854,NOL,USMS IGA,Female/Male,1.333333,0.179487,0.261538,0.600000,0.138462,0.666667,0.492308,0.005128,0.015385,0.005128,0.000000,0.041026,1.133333,0.630769,N/A,ORSA,3/11/2024,,ORSA NDS 2019,Pass
2025-04-14,MONROE COUNTY DETENTION-DORM,7000 EAST DUNBAR ROAD,MONROE,MI,48161,DET,IGSA,Male,79.700000,66.717949,19.200000,2.969231,1.774359,9.348718,80.994872,0.000000,0.317949,0.882051,1.846154,3.292308,84.641026,49.251282,N/A,ODO,3/13/2025,,NDS 2019,Pending Final Report
2025-04-14,MONTGOMERY ICE PROCESSING CENTER,806 HILBIG RD,CONROE,TX,77301,HOU,CDF,Female/Male,27.140351,148.841026,567.430769,347.964103,153.800000,642.584615,465.097436,51.456410,58.897436,234.892308,153.041026,166.728205,663.374359,845.861538,750,ODO,12/5/2024,,PBNDS 2011 - 2016 Revised,Pass
2025-04-14,MOSHANNON VALLEY PROCESSING CENTER,555 GEO DRIVE,PHILIPSBURG,PA,16866,PHI,DIGSA,Female/Male,128.500000,233.671795,98.276923,543.461538,404.282051,710.384615,520.610256,26.369231,22.328205,238.948718,74.410256,85.297436,881.035897,836.384615,800,ODO,3/6/2025,,PBNDS 2011 - 2016 Revised,Pass
2025-04-14,NASSAU COUNTY CORRECTIONAL CENTER,100 CARMAN AVENUE,EAST MEADOW,NY,11554,NYC,USMS IGA,Female/Male,,4.461538,0.805128,0.794872,0.615385,1.969231,4.687179,0.015385,0.005128,0.071795,0.051282,0.266667,6.287179,5.728205,N/A,,,,,
2025-04-14,NEVADA SOUTHERN DETENTION CENTER,2190 EAST MESQUITE AVENUE,PAHRUMP,NV,89060,SLC,USMS CDF,Female/Male,87.636364,95.605128,94.897436,56.666667,45.558974,187.241026,105.107692,0.251282,0.128205,47.917949,27.943590,21.015385,195.851282,215.666667,N/A,ODO, 9/19/2024,Scheduled,NDS 2019,Pass
2025-04-14,NEW HANOVER COUNTY JAIL,3950 JUVENILE RD,CASTLE HAYNE,NC,28429,ATL,USMS IGA,Female/Male,2.535714,0.348718,0.251282,0.328205,0.502564,0.912821,0.502564,0.015385,0.000000,0.005128,0.010256,0.000000,1.415385,0.958974,N/A,ODO,8/22/2024,,NDS 2019,Pass
2025-04-14,NORTHEAST OHIO CORRECTIONAL CENTER,2240 HUBBARD ROAD,YOUNGSTOWN,OH,44505,DET,USMS IGA,Male,,19.297436,10.000000,7.051282,6.128205,14.425641,28.030769,0.000000,0.020513,4.841026,2.338462,2.682051,32.615385,28.353846,N/A,,,,,
2025-04-14,NORTHWEST ICE PROCESSSING CENTER,1623 E. J STREET,TACOMA,WA,98421,SEA,CDF,Female/Male,85.264151,487.656410,96.841026,171.143590,189.000000,340.328205,496.717949,40.035897,67.558974,184.287179,42.482051,31.107692,686.764103,674.517949,"1,181",ODO,1/30/2025,,PBNDS 2011 - 2016 Revised,Pass
2025-04-14,NORTHWEST STATE CORRECTIONAL CENTER,3649 LOWER NEWTON ROAD,SWANTON,VT,05488,BOS,USMS IGA,Female/Male,2.101449,6.158974,0.333333,0.302564,0.138462,0.615385,6.292308,0.000000,0.025641,0.000000,0.005128,0.035897,6.892308,4.251282,N/A,ODO,6/27/2024,,NDS 2019,Pass
2025-04-14,OLDHAM COUNTY JAIL,100 W MAIN STREET,LA GRANGE,KY,40031,CHI,USMS IGA,Female/Male,2.187500,8.441026,1.856410,4.523077,3.374359,9.794872,8.164103,0.041026,0.194872,2.117949,2.148718,1.676923,12.251282,7.574359,N/A,ODO,9/19/2024,,NDS 2019,Pass
2025-04-14,ORANGE COUNTY JAIL (FL),3855 SOUTH JOHN YOUNG PARKWAY,ORLANDO,FL,32839,MIA,USMS IGA,Female/Male,2.278689,2.287179,1.600000,2.646154,1.287179,2.646154,3.974359,0.333333,0.866667,0.041026,0.025641,0.035897,7.717949,4.117949,N/A,ODO,8/15/2024,,NDS 2019,Pass
2025-04-14,ORANGE COUNTY JAIL (NY),110 WELLS FARM ROAD,GOSHEN,NY,10924,NYC,IGSA,Female/Male,38.300000,31.876923,26.492308,20.420513,19.112821,60.538462,37.364103,0.000000,0.000000,10.748718,13.358974,13.502564,60.292308,60.246154,N/A,ODO,12/12/2024,Scheduled,NDS 2019,Pass
2025-04-14,OTAY MESA DETENTION CENTER,7488 CALZADA DE LA FUENTE,SAN DIEGO,CA,92154,SND,CDF,Female/Male,20.201928,786.912821,459.389744,54.138462,51.517949,160.697436,933.605128,17.015385,240.641026,56.476923,25.984615,27.087179,1242.410256,473.856410,750,ODO,11/7/2024,,PBNDS 2011 - 2016 Revised,Pass
2025-04-14,OTERO COUNTY PROCESSING CENTER,26 MCGREGOR RANGE ROAD,CHAPARRAL,NM,88081,ELP,DIGSA,Female/Male,21.712446,661.025641,92.743590,42.712821,14.579487,142.153846,510.394872,5.887179,152.625641,20.805128,15.835897,50.984615,723.435897,681.820513,500,ODO,11/7/2024,,PBNDS 2011 - 2016 Revised,Pass
2025-04-14,PENNINGTON COUNTY JAIL (SOUTH DAKOTA),300 KANSAS CITY STREET NONE,RAPID CITY,SD,57701,SPM,USMS IGA,Female/Male,4.500000,0.343590,0.353846,0.471795,0.112821,0.430769,0.830769,0.000000,0.020513,0.000000,0.015385,0.051282,1.215385,0.887179,N/A,ORSA,3/8/2024,Pending Scheduling,ORSA NDS 2019,Pass
2025-04-14,PHELPS COUNTY JAIL (MO),301 W. 2ND,ROLLA,MO,65401,CHI,USMS IGA,,,0.682051,0.733333,1.425641,0.271795,1.502564,1.487179,0.000000,0.123077,0.123077,0.369231,0.241026,2.379487,1.497436,N/A,,,,,
2025-04-14,PHELPS COUNTY JAIL (NE),715 5TH AVENUE,HOLDREGE,NE,68949,SPM,USMS IGA,Female/Male,90.750000,1.769231,6.676923,10.656410,10.676923,24.630769,4.158974,0.835897,0.153846,3.887179,3.179487,2.035897,20.676923,22.579487,N/A,ODO,2/6/2025,,NDS 2019,Pass
2025-04-14,PICKENS COUNTY DET CTR,188 CEMETERY ST,CARROLLTON,AL,35447,NOL,IGSA,Female/Male,2.776923,10.015385,12.558974,11.702564,5.338462,16.194872,18.871795,2.394872,2.153846,0.420513,0.487179,0.600000,38.107692,28.369231,N/A,ODO,8/8/2024,Scheduled,NDS 2019,Pass
2025-04-14,PIKE COUNTY JAIL,175 PIKE COUNTY BOULEVARD,LORDS VALLEY,PA,18428,PHI,IGSA,Male,30.744186,102.548718,20.517949,33.348718,26.374359,65.964103,116.825641,0.000000,0.000000,9.676923,7.400000,11.230769,154.482051,144.851282,100,ODO,2/27/2025,,PBNDS 2011 - 2016 Revised,Pending Final Report
2025-04-14,PINE PRAIRIE ICE PROCESSING CENTER,1133 HAMPTON DUPRE ROAD,PINE PRAIRIE,LA,70576,NOL,DIGSA,Male,28.938356,308.317949,127.707692,158.071795,94.938462,272.405128,416.215385,0.035897,0.379487,30.194872,26.061538,31.210256,601.569231,554.815385,N/A,ODO,4/8/2025,Scheduled,PBNDS 2011 - 2016 Revised,Pending Final Report
2025-04-14,PINELLAS COUNTY JAIL,14400 49TH STREET NORTH,CLEARWATER,FL,33762,MIA,USMS IGA,Female/Male,1.663366,2.107692,2.533333,2.512821,0.789744,3.512821,3.958974,0.148718,0.323077,0.020513,0.035897,0.046154,7.841026,4.538462,N/A,ODO,9/26/2024,Scheduled,NDS 2019,Pass
2025-04-14,PLATTE COUNTY JAIL,850 MAPLE STREET,WHEATLAND,WY,82201,DEN,USMS IGA,Female/Male,1.750000,0.430769,0.451282,0.497436,0.148718,0.882051,0.646154,0.000000,0.000000,0.107692,0.010256,0.061538,1.348718,1.117949,N/A,ORSA,3/22/2024,,ORSA NDS 2019,Pass
2025-04-14,PLYMOUTH COUNTY CORRECTIONAL FACILITY,26 LONG POND ROAD,PLYMOUTH,MA,02360,BOS,IGSA,Male,78.284153,152.548718,25.435897,126.517949,111.692308,140.420513,274.815385,0.302564,0.656410,36.958974,11.015385,15.723077,352.497436,228.835897,N/A,ODO,11/21/2024,,NDS 2019,Pass
2025-04-14,POLK COUNTY JAIL,1985 NE 51ST PLACE,DES MOINES,IA,50313,SPM,USMS IGA,Female/Male,87.666667,5.271795,11.779487,10.907692,10.538462,32.430769,5.671795,0.061538,0.333333,5.456410,1.128205,2.887179,29.025641,32.815385,N/A,ODO,2/16/2025,,NDS 2019,Fail
2025-04-14,PORT ISABEL SPC,27991 BUENA VISTA BOULEVARD,LOS FRESNOS,TX,78566,HLG,SPC,Female/Male,7.805763,990.871795,29.707692,2.389744,5.297436,108.487179,919.020513,0.143590,0.615385,25.548718,28.692308,40.497436,933.528205,548.446154,650,ODO,3/27/2025,,PBNDS 2011 - 2016 Revised,Pending Final Report
2025-04-14,POTTAWATTAMIE COUNTY JAIL,1400 BIG LAKE ROAD,COUNCIL BLUFFS,IA,51501,SPM,USMS IGA,Female/Male,52.125000,2.446154,4.800000,10.743590,16.964103,30.482051,3.507692,0.307692,0.656410,6.856410,2.097436,1.179487,24.820513,29.810256,N/A,ODO,10/24/2024,,NDS 2019,Pass
2025-04-14,PRAIRIELAND DETENTION CENTER,1209 SUNFLOWER LN,ALVARADO,TX,76009,DAL,DIGSA,Female/Male,9.580882,277.441026,88.635897,210.661538,129.148718,279.179487,363.748718,23.456410,39.502564,100.292308,55.297436,46.087179,504.210256,424.241026,525,ODO,12/19/2024,,PBNDS 2011 - 2016 Revised,Pass
2025-04-14,PRINCE EDWARD COUNTY (FARMVILLE),508 WATERWORKS ROAD,FARMVILLE,VA,23901,WAS,DIGSA,Male,87.681159,163.025641,75.415385,136.441026,140.702564,278.876923,236.584615,0.000000,0.123077,74.594872,31.507692,35.000000,374.482051,312.507692,459,ODO,12/19/2024,,PBNDS 2011 - 2016 Revised,Pass
2025-04-14,RICHWOOD CORRECTIONAL CENTER,180 PINE BAYOU CIRCLE,MONROE,LA,71202,NOL,DIGSA,Male,33.281755,768.374359,39.348718,12.851282,9.897436,27.317949,42.502564,11.938462,748.712821,8.974359,7.943590,13.153846,800.400000,318.702564,677,ODO,11/7/2024,,PBNDS 2011 - 2016 Revised,Pass
2025-04-14,RIO GRANDE DETENTION CENTER,1001 SAN RIO BOULEVARD,LAREDO,TX,78046,HLG,USMS CDF,Male,96.962500,615.138462,8.471795,1.266667,1.066667,22.384615,603.374359,0.000000,0.184615,1.979487,6.610256,13.538462,603.815385,345.594872,275,ODO,1/9/2025,,NDS 2019,Pass
2025-04-14,RIVER CORRECTIONAL CENTER,26362 HIGHWAY 15,FERRIDAY,LA,71334,NOL,DIGSA,Male,73.529126,484.712821,67.348718,1.738462,0.748718,15.948718,538.400000,0.000000,0.200000,1.917949,2.148718,5.353846,545.128205,301.384615,361,ODO,11/21/2024,,PBNDS 2011 - 2016 Revised,Pass
2025-04-14,ROBERT A DEYTON DETENTION FACILITY,11866 HASTINGS BRIDGE ROAD P.O. BOX 429,LOVEJOY,GA,30250,ATL,USMS CDF,Female/Male,1.297872,2.646154,2.205128,2.789744,0.815385,4.287179,4.164103,0.005128,0.000000,0.030769,0.051282,0.000000,8.374359,6.482051,N/A,ODO,,,NDS 2019,Pass
2025-04-14,SAIPAN DEPARTMENT OF CORRECTIONS (SUSUPE),"VICENTE T. SEMAN BLDG, CIVIC CENTER",SAIPAN,MP,96950,SFR,USMS IGA,Female/Male,,2.425641,2.271795,0.507692,0.000000,2.856410,1.810256,0.000000,0.538462,1.528205,0.502564,0.000000,3.174359,3.882051,N/A,ORSA,4/11/2025,,ORSA NDS 2019,Pending Final Report
2025-04-14,SALT LAKE COUNTY METRO JAIL,3415 SOUTH 900 WEST,SALT LAKE CITY,UT,84119,SLC,USMS IGA,Female/Male,2.037975,1.097436,4.205128,0.502564,0.102564,3.846154,1.600000,0.210256,0.251282,0.682051,0.102564,0.158974,4.964103,4.835897,N/A,ODO,9/27/2024,Refused Inspection,NDS 2019,Pass
2025-04-14,SAN LUIS REGIONAL DETENTION CENTER,406 NORTH AVENUE D,SAN LUIS,AZ,85349,SND,IGSA,Female/Male,6.542857,65.246154,18.907692,2.641026,4.661538,9.487179,63.723077,0.646154,17.600000,5.235897,0.876923,1.200000,84.143590,65.835897,100,ODO,9/26/2024,Scheduled,NDS 2019,Pass
2025-04-14,SEBASTIAN COUNTY DETENTION CENTER,801 SOUTH A STREET,FORT SMITH,AR,72901,NOL,USMS IGA,Female/Male,2.142857,0.523077,0.307692,0.246154,0.143590,0.579487,0.574359,0.035897,0.030769,0.010256,0.020513,0.000000,1.189744,0.856410,N/A,,,,,
2025-04-14,SENECA COUNTY JAIL,3040 SOUTH STATE HIGHWAY 100,TIFFIN,OH,44883,DET,IGSA,Female/Male,84.250000,19.635897,11.261538,14.656410,16.405128,40.810256,16.876923,2.328205,1.943590,10.743590,3.400000,4.117949,43.697436,50.620513,N/A,ODO,10/31/2024,,NDS 2019,Pass
2025-04-14,SHERBURNE COUNTY JAIL,13880 BUSINESS CENTER DRIVE,ELK RIVER,MN,55330,SPM,IGSA,Female/Male,1.000000,6.774359,8.492308,14.256410,3.917949,17.697436,14.107692,0.661538,0.974359,5.933333,2.466667,3.723077,21.317949,24.789744,N/A,ODO,5/2/2024,Pending Scheduling,NDS 2019,Pass
2025-04-14,SOUTH CENTRAL REGIONAL JAIL,1001 CENTER WAY,CHARLESTON,WV,25309,PHI,IGSA,Female/Male,5.526316,2.656410,1.851282,2.292308,1.138462,4.148718,3.789744,0.000000,0.000000,0.564103,0.389744,0.579487,6.405128,5.830769,N/A,ODO,9/26/2024,,NDS 2019,Pass
2025-04-14,SOUTH LOUISIANA ICE PROCESSING CENTER,3843 STAGG AVENUE,BASILE,LA,70515,NOL,DIGSA,Female/Male,45.152381,602.994872,103.046154,103.189744,38.579487,2.364103,4.364103,120.158974,720.923077,56.287179,25.384615,23.153846,742.984615,455.969231,700,ODO,3/6/2025,,PBNDS 2011 - 2016 Revised,Pending Final Report
2025-04-14,SOUTH TEXAS ICE PROCESSING CENTER,566 VETERANS DRIVE,PEARSALL,TX,78061,SNA,CDF,Female/Male,49.876238,1282.717949,117.235897,191.041026,71.779487,347.015385,1271.584615,23.066667,21.107692,80.174359,76.117949,173.753846,1332.728205,1016.292308,"1,350",ODO,2/6/2025,,PBNDS 2011 - 2016 Revised,Pass
2025-04-14,ST. CLAIR COUNTY JAIL,1170 MICHIGAN ROAD,PORT HURON,MI,48060,DET,IGSA,Male,128.250000,44.097436,11.841026,10.030769,5.451282,20.015385,51.405128,0.000000,0.000000,4.528205,3.810256,3.866667,59.215385,52.687179,N/A,ODO,9/19/2024,Scheduled,NDS 2019,Pass
2025-04-14,STE. GENEVIEVE COUNTY SHERIFF/JAIL,5 BASLER DR.,STE. GENEVIEVE,MO,63670,CHI,USMS IGA,,,0.528205,3.487179,2.569231,0.394872,3.215385,3.343590,0.092308,0.328205,0.723077,0.451282,1.097436,4.707692,3.625641,N/A,,,,,
2025-04-14,STEWART DETENTION CENTER,146 CCA ROAD,LUMPKIN,GA,31815,ATL,DIGSA,Female/Male,67.936893,772.933333,223.769231,394.302564,326.061538,706.538462,795.189744,50.143590,165.194872,219.287179,123.553846,100.046154,1274.179487,1071.405128,"1,600",ODO,3/20/2025,,PBNDS 2011 - 2016 Revised,Pending Final Report
2025-04-14,STRAFFORD COUNTY CORRECTIONS,266 COUNTY FARM ROAD,DOVER,NH,03820,BOS,IGSA,Female/Male,148.842105,3.815385,0.169231,49.128205,41.897436,45.082051,36.384615,6.615385,6.928205,19.148718,7.056410,7.400000,61.405128,56.928205,N/A,ODO,9/12/2024,Scheduled,NDS 2019,Pass
2025-04-14,T DON HUTTO DETENTION CENTER,1001 WELCH STREET,TAYLOR,TX,76574,SNA,DIGSA,Male,72.062500,200.543590,40.076923,115.128205,70.856410,234.630769,191.974359,0.000000,0.000000,64.246154,55.558974,101.635897,205.164103,301.143590,461,ODO,12/19/2024,,PBNDS 2011 - 2016 Revised,Pass
2025-04-14,"TORRANCE/ESTANCIA, NM",209 COUNTY ROAD 49,ESTANCIA,NM,87016,ELP,IGSA,Male,32.595349,346.548718,62.979487,6.933333,3.712821,59.743590,360.430769,0.000000,0.000000,1.743590,3.907692,24.389744,390.133333,262.625641,505,ODO,10/24/2024,,PBNDS 2011 - 2016 Revised,Pass
2025-04-14,TULSA COUNTY JAIL (DAVID L. MOSS JUSTICE CTR),300 NORTH DENVER AVENUE,TULSA,OK,74103,DAL,IGSA,Female/Male,2.344444,13.374359,5.415385,5.446154,2.405128,9.071795,14.015385,0.553846,3.000000,0.379487,0.312821,0.251282,25.697436,8.723077,N/A,ODO,9/19/2024,Pending Scheduling,NDS 2019,Pass
2025-04-14,TWO BRIDGES REGIONAL JAIL,522 BATH RD,WISCASSET,ME,04578,BOS,USMS IGA,Male,,0.000000,0.000000,2.625641,2.302564,2.302564,2.625641,0.000000,0.000000,1.343590,0.230769,0.410256,2.943590,2.246154,N/A,,,,,
2025-04-14,WASHINGTON COUNTY DETENTION CENTER,1155 WEST CLYDESDALE DRIVE,FAYETTEVILLE,AR,72701,NOL,USMS IGA,Female/Male,1.734694,1.117949,1.205128,1.446154,0.487179,1.651282,2.389744,0.102564,0.112821,0.035897,0.061538,0.025641,4.133333,2.979487,N/A,ODO,,,NDS 2019,Pass
2025-04-14,WASHOE COUNTY JAIL,911 PARR BLVD 775 328 3308,RENO,NV,89506,SLC,USMS IGA,Female/Male,19.703704,0.764103,2.169231,3.687179,3.589744,7.810256,1.974359,0.358974,0.066667,2.266667,0.174359,0.384615,7.384615,8.974359,N/A,ODO,11/7/2024,,NDS 2019,Pass
2025-04-14,WEBB COUNTY DETENTION CENTER (CCA),9998 SOUTH HIGHWAY 83,LAREDO,TX,78041,HLG,DIGSA,Female/Male,18.958333,250.164103,5.000000,29.251282,52.953846,35.287179,265.805128,4.687179,31.589744,15.435897,9.671795,9.071795,303.189744,194.174359,250,ODO,2/6/2025,,PBNDS 2011 - 2016 Revised,Pass
2025-04-14,WINN CORRECTIONAL CENTER,560 GUM SPRING ROAD,WINNFIELD,LA,71483,NOL,DIGSA,Male,105.030516,1006.917949,216.271795,194.733333,103.661538,299.825641,1221.148718,0.517949,0.092308,56.958974,44.964103,42.543590,1377.117949,901.441026,946,ODO,1/16/2025,,PBNDS 2011 - 2016 Revised,Pass
2025-04-14,WOODBURY COUNTY JAIL,407 7TH STREET,SIOUX CITY,IA,51101,SPM,USMS IGA,Female/Male,,0.430769,0.220513,0.948718,1.200000,2.400000,0.369231,0.000000,0.030769,0.989744,0.415385,0.266667,1.128205,2.025641,N/A,ORSA,3/26/2024,Pending Scheduling,ORSA NDS 2019,Pass
2025-04-14,WYATT DETENTION CENTER,950 HIGH STREET,CENTRAL FALLS,RI,02863,BOS,USMS IGA,Male,67.937500,13.892308,3.492308,45.723077,49.317949,58.625641,50.276923,1.569231,1.953846,20.538462,2.589744,3.410256,85.887179,71.569231,N/A,ODO,9/19/2024,Scheduled,NDS 2019,Pass
2025-03-31,ADAMS COUNTY DET CENTER,20 HOBO FORK RD.,NATCHEZ,MS,39120,NOL,DIGSA,Female/Male,30.569568,1884.729282,264.491713,7.497238,4.740331,15.386740,2146.071823,0.000000,0.000000,1.502762,1.077348,2.209945,2156.668508,408.524862,"1,100",ODO,1/16/2025,,PBNDS 2011 - 2016 Revised,Pass
2025-03-31,ADELANTO ICE PROCESSING CENTER,10250 RANCHO ROAD,ADELANTO,CA,92301,LOS,CDF,Female/Male,1796.000000,8.491713,5.922652,29.513812,41.574586,66.176796,19.325967,0.000000,0.000000,40.154696,13.453039,6.243094,25.651934,47.425414,640,ODO,7/18/2024,Scheduled,PBNDS 2011 - 2016 Revised,Pass
2025-03-31,ALAMANCE COUNTY DETENTION FACILITY,109 SOUTH MAPLE STREET,GRAHAM,NC,27253,ATL,IGSA,Female/Male,4.434911,4.662983,3.397790,5.961326,6.099448,13.690608,6.082873,0.132597,0.215470,0.591160,0.259669,0.082873,19.187845,14.867403,40,ODO,9/19/2024,Scheduled,NDS 2019,Pass
2025-03-31,ALEXANDRIA STAGING FACILITY,96 GEORGE THOMPSON DRIVE,ALEXANDRIA,LA,71303,NOL,STAGING,Male,3.075916,138.640884,47.900552,75.701657,52.834254,145.513812,169.386740,0.049724,0.127072,56.790055,31.419890,38.044199,188.823204,310.281768,N/A,ODO,2/27/2025,,PBNDS 2011 - 2016 Revised,Pending Final Report
2025-03-31,ALLEGANY COUNTY JAIL,4884 STATE ROUTE 19,BELMONT,NY,14813,BUF,IGSA,Female/Male,,1.729282,0.049724,0.033149,0.000000,0.000000,0.193370,0.033149,1.585635,0.033149,0.000000,0.000000,1.779006,0.464088,N/A,,,,,
2025-03-31,ALLEN PARISH PUBLIC SAFETY COMPLEX,7340 HIGHWAY 26 WEST,OBERLIN,LA,70655,NOL,IGSA,Male,59.500000,101.944751,30.154696,34.033149,10.657459,50.104972,126.685083,0.000000,0.000000,17.795580,7.972376,5.839779,145.182320,104.734807,170,ODO,12/12/2024,,PBNDS 2011 - 2016 Revised,Pass
2025-03-31,ATLANTA US PEN,"601 MCDONOUGH BOULEVARD, SE",ATLANTA,GA,30315,ATL,BOP,Female/Male,,21.480663,5.193370,4.138122,3.453039,10.723757,23.541436,0.000000,0.000000,2.132597,0.834254,1.187845,30.110497,30.165746,N/A,N/A,N/A,,N/A,N/A
2025-03-31,BAKER COUNTY SHERIFF DEPT.,1 SHERIFF OFFICE DRIVE,MACCLENNY,FL,32063,MIA,IGSA,Female/Male,61.549020,27.535912,37.977901,88.353591,87.486188,153.132597,52.000000,21.585635,14.635359,37.099448,18.640884,12.414365,173.198895,174.994475,192,ODO,10/24/2024,,NDS 2019,Pass
2025-03-31,BERLIN FED. CORR. INST.,1 SUCCESS LOOP DR.,BERLIN,NH,03570,BOS,BOP,,,7.464088,0.834254,2.546961,1.767956,2.552486,10.060773,0.000000,0.000000,0.845304,0.596685,1.093923,10.077348,1.939227,N/A,N/A,N/A,,N/A,N/A
2025-03-31,BLUEBONNET DETENTION FACILITY,400 2ND STREET,ANSON,TX,79501,DAL,DIGSA,Male,56.166667,329.011050,168.591160,244.635359,103.966851,344.033149,435.093923,10.756906,56.320442,76.795580,51.475138,82.740331,635.193370,483.160221,750,ODO,12/12/2024,,PBNDS 2011 - 2016 Revised,Pass
2025-03-31,BOONE COUNTY JAIL,3020 CONRAD LANE,BURLINGTON,KY,41005,CHI,USMS IGA,Female/Male,86.000000,29.883978,24.209945,33.867403,55.823204,104.425414,34.574586,3.790055,0.994475,38.364641,10.502762,11.071823,83.845304,99.176796,N/A,ODO,11/21/2024,,NDS 2019,Pass
2025-03-31,BROOME COUNTY JAIL,897 FRONT STREET,BINGHAMPTON,NY,13905,BUF,IGSA,Female/Male,,1.591160,0.138122,0.027624,0.000000,0.160221,1.541436,0.000000,0.055249,0.000000,0.000000,0.160221,1.596685,0.408840,N/A,,,,,
2025-03-31,BROWARD COUNTY JAIL,555 SE 1ST AVENUE,FT.LAUDERDALE,FL,33301,MIA,IGSA,Female/Male,,0.364641,0.232044,1.110497,0.281768,0.331492,1.475138,0.038674,0.143646,0.000000,0.000000,0.000000,1.988950,1.022099,N/A,N/A,N/A,,N/A,N/A
2025-03-31,BROWARD TRANSITIONAL CENTER,3900 NORTH POWERLINE ROAD,POMPANO BEACH,FL,33073,MIA,CDF,Female/Male,48.847561,486.662983,156.182320,4.154696,0.834254,123.425414,428.618785,14.458564,81.331492,11.767956,21.022099,26.602210,588.441989,405.265193,700,ODO,12/19/2024,,PBNDS 2011 - 2016 Revised,Pass
2025-03-31,BUFFALO SERVICE PROCESSING CENTER,4250 FEDERAL DRIVE,BATAVIA,NY,14020,BUF,SPC,Male,63.213333,237.453039,47.801105,135.414365,149.933702,255.646409,314.955801,0.000000,0.000000,125.386740,18.143646,20.198895,406.872928,420.756906,400,ODO,10/31/2024,,PBNDS 2011 - 2016 Revised,Pass
2025-03-31,BUTLER COUNTY JAIL,705 HANOVER STREET,HAMILTON,OH,45011,DET,USMS IGA,Female/Male,,7.254144,2.453039,2.767956,0.900552,3.436464,8.552486,0.099448,1.287293,0.524862,1.027624,1.237569,10.585635,5.077348,N/A,ODO,,,NDS 2019,Pass
2025-03-31,CALHOUN COUNTY CORRECTIONAL CENTER,185 EAST MICHIGAN AVENUE,BATTLE CREEK,MI,49014,DET,IGSA,Female/Male,67.696970,58.486188,34.558011,30.309392,15.320442,47.475138,77.066298,2.718232,11.414365,11.541436,5.314917,9.734807,112.082873,105.419890,75,ODO,8/22/2024,Scheduled,NDS 2019,Pass
2025-03-31,CAMPBELL CO DET CTR,601 CENTRAL AVE,NEWPORT,KY,41071,CHI,USMS IGA,,,0.922652,0.436464,0.110497,0.055249,0.281768,1.243094,0.000000,0.000000,0.093923,0.132597,0.055249,1.243094,0.104972,N/A,,,,,
2025-03-31,CAROLINE DETENTION FACILITY,11093 S.W. LEWIS MEMORIAL DRIVE,BOWLING GREEN,VA,22427,WAS,DIGSA,Female/Male,96.446281,111.353591,35.519337,64.430939,76.734807,129.298343,145.265193,8.801105,4.674033,41.546961,15.209945,18.955801,212.325967,155.243094,224,ODO,7/11/2024,Scheduled,PBNDS 2011 - 2016 Revised,Pass
2025-03-31,"CCA, FLORENCE CORRECTIONAL CENTER",1100 BOWLING ROAD,FLORENCE,AZ,85232,PHO,USMS IGA,Male,70.158333,52.911602,40.878453,146.281768,141.712707,239.430939,142.353591,0.000000,0.000000,54.232044,24.795580,25.077348,277.679558,229.077348,N/A,ODO,11/13/2024,Pending Scheduling,NDS 2019,Pass
2025-03-31,CENTRAL LOUISIANA ICE PROCESSING CENTER (CLIPC),830 PINEHILL ROAD,JENA,LA,71342,NOL,DIGSA,Female/Male,13.669118,410.839779,223.856354,342.922652,209.182320,520.342541,665.994475,0.392265,0.071823,119.795580,57.917127,61.071823,948.016575,897.718232,"1,170",ODO,1/9/2025,,PBNDS 2011 - 2016 Revised,Pass
2025-03-31,CHASE COUNTY JAIL,301 SOUTH WALNUT STREET,COTTONWOOD FALL,KS,66845,CHI,IGSA,Female/Male,54.466667,20.602210,18.331492,33.944751,18.171271,48.883978,34.104972,5.049724,3.011050,11.812155,7.712707,7.502762,64.022099,78.121547,N/A,ODO,3/13/2025,,NDS 2019,Pending Final Report
2025-03-31,CHIPPEWA COUNTY SSM,325 COURT STREET,SAULT STE MARIE,MI,49783,DET,IGSA,Female/Male,69.000000,9.524862,4.696133,6.751381,5.922652,11.441989,15.453039,0.000000,0.000000,4.977901,0.850829,1.718232,19.348066,19.812155,N/A,ODO,4/3/2025,,NDS 2019,Pass
2025-03-31,CHITTENDEN REGIONAL CORRECTIONAL FACILITY,7 FARRELL STREET,SOUTH BURLINGTON,VT,05403,BOS,USMS IGA,Female/Male,2.500000,2.000000,0.022099,0.005525,0.000000,0.000000,0.000000,0.060773,1.966851,0.000000,0.000000,0.000000,2.027624,1.165746,N/A,ORSA,4/12/2024,,ORSA NDS 2019,Pass
2025-03-31,CIBOLA COUNTY CORRECTIONAL CENTER,2000 CIBOLA LOOP,MILAN,NM,87021,ELP,IGSA,Male,26.982143,152.149171,28.546961,1.740331,1.359116,15.895028,167.900552,0.000000,0.000000,2.082873,0.845304,5.016575,175.850829,159.375691,N/A,ODO,2/27/2025,,PBNDS 2011 - 2016 Revised,Pending Final Report
2025-03-31,CIMMARRON CORR FACILITY,3700 S. KINGS HWY,CUSHING,OK,74023,DAL,USMS IGA,,,33.966851,7.922652,0.110497,0.000000,6.696133,35.303867,0.000000,0.000000,1.309392,1.298343,2.132597,37.259669,28.977901,N/A,,,Pending Scheduling,,
2025-03-31,CLAY COUNTY JUSTICE CENTER,611 EAST JACKSON STREET,BRAZIL,IN,47834,CHI,USMS IGA,Female/Male,19.190476,57.392265,29.823204,91.232044,63.182320,137.381215,89.668508,7.994475,6.585635,32.149171,12.027624,15.867403,181.585635,155.530387,N/A,ODO,6/27/2024,Scheduled,NDS 2019,Pass
2025-03-31,CLINTON COUNTY CORRECTIONAL FACILITY,58 PINE MOUNTAIN RD.,MCELHATTAN,PA,17748,PHI,USMS IGA,Male,180.428571,3.237569,24.000000,36.154696,16.237569,72.375691,3.994475,2.110497,1.149171,28.348066,9.143646,1.403315,40.734807,66.232044,N/A,ODO,1/16/2025,,NDS 2019,Pass
2025-03-31,CLINTON COUNTY JAIL,25 MCCARTHY DRIVE,PLATTSBURGH,NY,12901,BUF,USMS IGA,Female/Male,11.914286,2.486188,0.563536,1.773481,0.171271,0.425414,0.701657,1.077348,2.790055,0.756906,0.000000,0.872928,3.364641,2.955801,N/A,ODO,6/6/2024,,NDS 2019,Pass
2025-03-31,COASTAL BEND DETENTION FACILITY,4909 FM 2826,ROBSTOWN,TX,78380,HLG,USMS IGA,Male,0.518987,1.944751,2.502762,0.972376,0.353591,1.933702,3.337017,0.049724,0.453039,0.298343,0.149171,0.176796,5.149171,5.116022,N/A,ODO,2/6/2025,,NDS 2019,Pass
2025-03-31,COLLIER COUNTY NAPLES JAIL CENTER,3347 TAMIAMI TRAIL E,NAPLES,FL,34112,MIA,IGSA,Female/Male,3.161538,6.116022,2.066298,2.558011,1.679558,6.314917,5.640884,0.193370,0.270718,0.121547,0.165746,0.292818,11.839779,8.154696,N/A,ODO,12/5/2024,,NDS 2019,Pass
2025-03-31,CORR. CTR OF NORTHWEST OHIO,"3151 ROAD 24.25, ROUTE 1",STRYKER,OH,43557,DET,USMS IGA,Male,,0.624309,0.635359,1.165746,0.502762,1.447514,1.254144,0.104972,0.121547,0.723757,0.116022,0.524862,1.563536,1.276243,N/A,,,,,
2025-03-31,CUMBERLAND COUNTY JAIL,50 COUNTY WAY,PORTLAND,ME,04102,BOS,USMS IGA,Female/Male,7.084746,7.906077,1.254144,20.690608,16.817680,20.784530,17.834254,2.530387,5.519337,6.082873,0.878453,3.110497,36.596685,31.093923,N/A,ODO,9/12/2024,,NDS 2019,Pass
2025-03-31,DAKOTA COUNTY JAIL,1601 BROADWAY,DAKOTA CITY,NE,68731,SPM,USMS IGA,Female/Male,2.500000,2.546961,2.569061,3.281768,2.325967,6.618785,3.359116,0.132597,0.613260,1.187845,0.419890,1.734807,7.381215,6.182320,N/A,ORSA,12/7/2024,,ORSA NDS 2019,Pass
2025-03-31,DALLAS COUNTY JAIL - LEW STERRETT JUSTICE CENTER,111 WEST COMMERCE STREET,DALLAS,TX,75202,DAL,USMS IGA,Female/Male,1.261818,7.093923,0.000000,0.011050,0.011050,2.944751,3.740331,0.138122,0.292818,0.000000,0.016575,0.011050,7.088398,3.480663,N/A,ODO,7/18/2024,Pending Scheduling,NDS 2019,Pass
2025-03-31,DENVER CONTRACT DETENTION FACILITY,3130 OAKLAND ST,AURORA,CO,80010,DEN,CDF,Female/Male,47.161836,616.596685,194.591160,194.254144,144.359116,280.569061,802.033149,20.303867,46.895028,130.099448,58.906077,58.298343,902.497238,619.712707,600,ODO,2/13/2025,,PBNDS 2011 - 2016 Revised,Pass
2025-03-31,DEPARTMENT OF CORRECTIONS HAGATNA,203 ASPINAL AVE. PO BOX 3236,HAGATNA,GU,96910,SFR,USMS IGA,Female/Male,,0.000000,2.044199,2.983425,0.535912,4.834254,0.729282,0.000000,0.000000,3.591160,0.817680,0.276243,0.878453,5.314917,N/A,ORSA,3/14/2024,Pending Scheduling,ORSA NDS 2019,Pass
2025-03-31,DESERT VIEW ANNEX,10450 RANCHO ROAD,ADELANTO,CA,92301,LOS,CDF,Male,37.470238,212.983425,30.513812,71.806630,93.767956,159.049724,250.022099,0.000000,0.000000,22.436464,7.983425,7.624309,371.027624,243.513812,480,ODO,2/27/2025,,PBNDS 2011 - 2016 Revised,Pending Final Report
2025-03-31,DODGE COUNTY JAIL,215 WEST CENTRAL STREET,JUNEAU,WI,53039,CHI,USMS IGA,Female/Male,111.548387,10.027624,16.110497,44.635359,41.486188,86.662983,24.171271,0.287293,1.138122,22.232044,10.458564,8.215470,71.353591,83.850829,N/A,ODO,4/3/2025,,NDS 2019,Pending Final Report
2025-03-31,EAST HIDALGO DETENTION CENTER,1330 HIGHWAY 107,LA VILLA,TX,78562,HLG,USMS IGA,Female/Male,1.500000,3.486188,0.745856,1.022099,0.718232,3.320442,2.475138,0.033149,0.143646,2.209945,0.276243,0.303867,3.182320,5.839779,N/A,ORSA,8/22/2024,Pending Scheduling,ORSA NDS 2019,Pass
2025-03-31,EDEN DETENTION CTR,702 E BROADWAY ST,EDEN,TX,76837,DAL,USMS IGA,Male,27.031008,103.276243,7.121547,1.060773,0.436464,6.160221,105.734807,0.000000,0.000000,0.359116,0.696133,1.342541,109.497238,39.480663,N/A,ODO,2/27/2025,,NDS 2019,Pending Final Report
2025-03-31,EL PASO SERVICE PROCESSING CENTER,8915 MONTANA AVE.,EL PASO,TX,79925,ELP,SPC,Female/Male,42.984375,313.839779,183.861878,142.027624,84.685083,277.950276,248.640884,61.751381,136.071823,79.784530,63.392265,96.906077,484.331492,607.773481,450,ODO,2/13/2025,,PBNDS 2011 - 2016 Revised,Pending Final Report
2025-03-31,EL PASO SOFT SIDED FACILITY,12501 GATEWAY BLVD S,EL PASO,TX,79934,ELP,STAGING,,,2.767956,1.806630,1.303867,0.414365,2.403315,3.513812,0.082873,0.292818,0.674033,0.668508,0.988950,3.961326,6.248619,N/A,N/A,N/A,,N/A,N/A
2025-03-31,EL VALLE DETENTION FACILITY,1800 INDUSTRIAL DRIVE,RAYMONDVILLE,TX,78580,HLG,DIGSA,Female/Male,26.624204,741.022099,40.624309,44.558011,35.546961,111.458564,277.497238,18.342541,454.453039,29.922652,16.237569,19.458564,796.132597,462.480663,600,ODO,3/6/2025,,PBNDS 2011 - 2016 Revised,Pending Final Report
2025-03-31,ELIZABETH CONTRACT DETENTION FACILITY,625 EVANS STREET,ELIZABETH,NJ,07201,NEW,CDF,Female/Male,4.078772,87.657459,168.381215,19.088398,6.867403,57.243094,207.977901,1.519337,15.254144,5.005525,9.254144,16.193370,251.541436,144.121547,285,ODO,12/5/2024,,PBNDS 2011 - 2016 Revised,Pass
2025-03-31,ELOY FEDERAL CONTRACT FACILITY,1705 EAST HANNA RD.,ELOY,AZ,85131,PHO,DIGSA,Female/Male,13.599197,1041.220994,47.220994,118.331492,128.895028,162.806630,528.823204,78.287293,565.751381,94.110497,47.983425,68.303867,1125.270718,740.745856,900,ODO,10/31/2024,Pending Scheduling,PBNDS 2011 - 2016 Revised,Pass
2025-03-31,ERIE COUNTY JAIL,DEPARTMENT OF CORRECTIONS 1618 ASH STREET,ERIE,PA,16503,PHI,USMS IGA,Female/Male,3.545455,1.955801,1.121547,0.563536,0.325967,0.580110,3.331492,0.000000,0.055249,0.027624,0.011050,0.022099,3.906077,1.701657,N/A,ORSA,3/20/2024,Scheduled,ORSA NDS 2019,Pass
2025-03-31,ETOWAH COUNTY JAIL (ALABAMA),827 FORREST AVENUE,GADSDEN,AL,35901,NOL,USMS IGA,Male,,4.519337,3.176796,2.580110,1.209945,4.082873,6.198895,0.546961,0.657459,0.447514,0.497238,0.414365,10.127072,4.325967,N/A,ODO,,,NDS 2000,Pass
2025-03-31,FDC PHILADELPHIA,700 ARCH ST.,PHILADELPHIA,PA,19106,PHI,BOP,,,12.618785,2.436464,4.270718,6.259669,11.646409,13.900552,0.000000,0.038674,4.944751,1.701657,0.961326,17.977901,14.524862,N/A,N/A,N/A,,N/A,N/A
2025-03-31,FLORENCE SERVICE PROCESSING CENTER,3250 NORTH PINAL PARKWAY,FLORENCE,AZ,85132,PHO,SPC,Male,6.629778,304.292818,72.292818,2.292818,1.823204,73.856354,306.756906,0.011050,0.077348,3.193370,5.033149,29.922652,342.552486,200.381215,392,ODO,2/13/2025,,PBNDS 2011 - 2016 Revised,Pass
2025-03-31,FLORENCE STAGING FACILITY,3250 NORTH PINAL PARKWAY,FLORENCE,AZ,85232,PHO,STAGING,Male,3.390289,107.132597,36.911602,24.546961,11.668508,52.325967,123.933702,1.132597,2.867403,3.491713,2.066298,2.933702,171.767956,119.093923,N/A,ODO,12/12/2024,Scheduled,PBNDS 2011 - 2016 Revised,Pass
2025-03-31,FOLKSTON ANNEX IPC,3424 HIGHWAY 252 EAST,FOLKSTON,GA,31537,ATL,DIGSA,Male,62.876106,190.022099,27.823204,38.591160,15.712707,63.359116,208.635359,0.000000,0.154696,11.502762,4.994475,10.005525,245.646409,167.381215,338,ODO,1/30/2025,,PBNDS 2011 - 2016 Revised,Pass
2025-03-31,FOLKSTON MAIN IPC,3026 HWY 252 EAST,FOLKSTON,GA,31537,ATL,DIGSA,Male,44.281250,349.513812,138.038674,94.646409,42.370166,173.320442,450.707182,0.270718,0.270718,29.325967,21.856354,28.591160,544.795580,405.226519,544,ODO,1/30/2025,,PBNDS 2011 - 2016 Revised,Pass
2025-03-31,FREEBORN COUNTY ADULT DETENTION CENTER,411 SOUTH BROADWAY AVENUE,ALBERT LEA,MN,56007,SPM,IGSA,Male,78.333333,15.033149,11.281768,38.491713,11.386740,42.939227,33.254144,0.000000,0.000000,12.464088,3.055249,4.790055,55.883978,52.475138,N/A,ODO,3/6/2025,,NDS 2019,Pending Final Report
2025-03-31,GEAUGA COUNTY JAIL,12450 MERRITT DR,CHARDON,OH,44024,DET,USMS IGA,Female/Male,133.800000,23.607735,12.812155,7.458564,2.596685,18.718232,21.132597,1.613260,5.011050,3.066298,3.132597,1.414365,38.861878,34.756906,N/A,ODO,1/30/2025,,NDS 2019,Pending Final Report
2025-03-31,GOLDEN STATE ANNEX,611 FRONTAGE RD,MCFARLAND,CA,93250,SFR,CDF,Female/Male,139.531250,193.243094,66.353591,112.220994,164.895028,275.287293,261.397790,0.000000,0.027624,142.441989,22.027624,10.850829,361.392265,277.546961,560,ODO,1/30/2025,,PBNDS 2011 - 2016 Revised,Pass
2025-03-31,GRAND FORKS COUNTY CORRECTIONAL FACILITY,1701 NORTH WASHINGTON ST,GRAND FORKS,ND,58203,SPM,USMS IGA,Female/Male,1.375000,0.215470,0.027624,3.149171,0.071823,0.977901,2.353591,0.060773,0.071823,0.000000,0.011050,0.099448,3.353591,1.856354,N/A,ODO,7/11/2024,Pending Scheduling,NDS 2019,Pass
2025-03-31,GRAYSON COUNTY JAIL,320 SHAW STATION ROAD,LEITCHFIELD,KY,42754,CHI,USMS IGA,Female/Male,1.789474,7.850829,2.872928,5.685083,1.806630,2.337017,1.552486,5.917127,8.408840,2.657459,0.779006,2.690608,12.088398,10.022099,N/A,ODO,8/22/2024,,NDS 2019,Pass
2025-03-31,GREENE COUNTY JAIL,1199 N HASELTINE RD,SPRINGFIELD,MO,65802,CHI,IGSA,Female/Male,,21.281768,4.662983,13.845304,9.298343,23.000000,23.386740,0.944751,1.756906,8.580110,4.535912,5.928177,30.044199,27.149171,N/A,,,,,
2025-03-31,HANCOCK COUNTY PUBLIC SAFETY COMPLEX,8450 HIGHWAY 90,BAY ST. LOUIS,MS,39520,NOL,IGSA,Female/Male,2.238390,8.917127,4.889503,3.707182,0.972376,5.066298,11.745856,0.276243,1.397790,0.099448,0.248619,0.138122,18.000000,9.961326,N/A,ODO,5/9/2024,,NDS 2019,Fail
2025-03-31,HENDERSON DETENTION,18 E BASIC ROAD,HENDERSON,NV,89015,SLC,USMS IGA,Female/Male,12.117647,12.491713,20.541436,25.795580,11.055249,40.674033,15.883978,8.044199,5.281768,14.348066,10.928177,6.895028,37.712707,53.292818,N/A,ODO,9/19/2024,Scheduled,NDS 2019,Pass
2025-03-31,HONOLULU FEDERAL DETENTION CENTER,351 ELLIOTT ST.,HONOLULU,HI,96819,SFR,BOP,Female/Male,,3.845304,7.685083,11.950276,3.944751,15.049724,8.077348,0.662983,3.635359,9.734807,3.685083,1.734807,12.270718,22.353591,N/A,N/A,N/A,,N/A,N/A
2025-03-31,HOUSTON CONTRACT DETENTION FACILITY,15850 EXPORT PLAZA DRIVE,HOUSTON,TX,77032,HOU,CDF,Female/Male,42.780220,761.447514,42.441989,16.535912,7.662983,29.701657,457.790055,12.292818,328.303867,13.011050,10.574586,12.889503,791.613260,424.707182,750,ODO,1/30/2025,,PBNDS 2011 - 2016 Revised,Pass
2025-03-31,IAH SECURE ADULT DETENTION FACILITY (POLK),3400 FM 350 SOUTH,LIVINGSTON,TX,77351,HOU,DIGSA,Male,27.278932,664.845304,80.856354,30.679558,12.132597,57.729282,730.784530,0.000000,0.000000,11.640884,9.784530,20.640884,746.447514,350.668508,350,ODO,2/13/2025,,NDS 2019,Pending Final Report
2025-03-31,IMPERIAL REGIONAL DETENTION FACILITY,1572 GATEWAY,CALEXICO,CA,92231,SND,CDF,Female/Male,31.220930,586.204420,18.513812,30.436464,30.751381,73.281768,531.110497,1.265193,60.248619,27.160221,10.696133,11.872928,616.176796,208.513812,640,ODO,1/16/2025,,PBNDS 2011 - 2016 Revised,Pass
2025-03-31,JACKSON PARISH CORRECTIONAL CENTER,327 INDUSTRIAL DRIVE,JONESBORO,LA,71251,NOL,DIGSA,Female/Male,29.864312,911.093923,87.447514,3.546961,1.729282,19.823204,975.911602,1.464088,6.618785,1.226519,3.182320,6.944751,992.464088,345.480663,500,ODO,12/12/2024,,PBNDS 2011 - 2016 Revised,Pass
2025-03-31,JEFFERSON COUNTY JAIL,219 EAST FREMONT AVENUE,RIGBY,ID,83442,SLC,IGSA,Female/Male,2.437500,0.607735,0.839779,1.198895,0.651934,2.563536,0.701657,0.027624,0.005525,0.049724,0.127072,0.110497,3.011050,2.668508,N/A,ODO,7/18/2024,Pending Scheduling,NDS 2019,Pass
2025-03-31,JOE CORLEY PROCESSING CTR,500 HILBIG RD,CONROE,TX,77301,HOU,IGSA,Female/Male,27.171598,708.160221,70.447514,23.513812,11.729282,57.104972,756.745856,0.000000,0.000000,19.342541,11.005525,15.088398,768.414365,697.016575,N/A,ODO,12/19/2024,,NDS 2019,Pass
2025-03-31,JTF CAMP SIX,AVENUE C PSC 1005 BOX 55,FPO,FL,34009,MIA,DOD,,,0.740331,0.718232,4.530387,4.408840,5.276243,5.121547,0.000000,0.000000,1.696133,0.850829,1.248619,6.602210,10.375691,N/A,N/A,N/A,,N/A,N/A
2025-03-31,KANDIYOHI COUNTY JAIL,2201 23RD ST NE,WILLMAR,MN,56201,SPM,IGSA,Female/Male,52.285714,26.259669,20.016575,72.679558,24.303867,74.745856,56.558011,7.635359,4.320442,28.016575,11.977901,6.928177,96.337017,108.265193,N/A,ODO,3/13/2025,,NDS 2019,Pending Final Report
2025-03-31,KARNES COUNTY IMMIGRATION PROCESSING CENTER,409 FM 1144,KARNES CITY,TX,78118,SNA,DIGSA,Female/Male,44.661355,846.287293,15.480663,1.055249,0.044199,6.933702,593.392265,2.668508,259.872928,0.049724,0.314917,5.657459,856.845304,497.928177,"1,328",ODO,9/19/2024,Pending Scheduling,PBNDS 2011 - 2016 Revised,Pass
2025-03-31,KAY CO JUSTICE FACILITY,1101 WEST DRY ROAD,NEWKIRK,OK,74647,CHI,IGSA,Female/Male,77.428571,38.320442,24.071823,20.657459,12.309392,43.259669,52.099448,0.000000,0.000000,10.972376,8.513812,7.712707,68.160221,78.005525,N/A,ODO,3/7/2025,,NDS 2019,Pending Final Report
2025-03-31,KNOX COUNTY DETENTION FACILITY,5001 MALONEYVILLE RD,KNOXVILLE,TN,37918,NOL,USMS IGA,Female/Male,1.718310,3.220994,4.513812,3.845304,1.696133,6.762431,5.668508,0.320442,0.524862,0.110497,0.209945,0.270718,12.685083,8.005525,N/A,ODO,9/26/2024,,NDS 2019,Pass
2025-03-31,KROME NORTH SERVICE PROCESSING CENTER,18201 SW 12TH ST,MIAMI,FL,33194,MIA,SPC,Male,46.278195,125.441989,45.160221,276.320442,294.160221,432.198895,307.734807,0.812155,0.337017,141.016575,40.966851,35.928177,523.171271,480.889503,450,ODO,9/12/2024,Scheduled,PBNDS 2011 - 2016 Revised,Pass
2025-03-31,LA SALLE COUNTY REGIONAL DETENTION CENTER,832 EAST TEXAS STATE HIGHWAY 44,ENCINAL,TX,78019,SNA,USMS IGA,Male,,11.839779,0.955801,0.000000,0.066298,0.508287,12.353591,0.000000,0.000000,0.000000,0.022099,0.331492,12.508287,10.607735,N/A,,2/7/2025,,,Pending Final Report
2025-03-31,LAREDO PROCESSING CENTER,4702 EAST SAUNDERS STREET,LAREDO,TX,78041,HLG,DIGSA,Female/Male,16.805970,333.088398,5.104972,4.281768,5.618785,0.149171,5.828729,10.712707,331.403315,2.243094,1.591160,5.651934,338.607735,202.331492,N/A,ODO,3/20/2025,,NDS 2019,Pending Final Report
2025-03-31,LEAVENWORTH US PENITENTIARY,1300 METROPOLITAN AVE.,LEAVENWORTH,KS,66048,CHI,BOP,Female/Male,,7.337017,1.911602,4.530387,5.480663,10.718232,8.541436,0.000000,0.000000,4.270718,1.674033,1.403315,11.911602,18.176796,N/A,N/A,N/A,,N/A,N/A
2025-03-31,LEXINGTON COUNTY JAIL,521 GIBSON ROAD,LEXINGTON,SC,29072,ATL,USMS IGA,Female/Male,1.745763,1.033149,1.662983,0.745856,0.314917,1.828729,1.591160,0.060773,0.276243,0.022099,0.000000,0.005525,3.729282,2.182320,N/A,ODO,8/8/2024,,NDS 2019,Pass
2025-03-31,LIMESTONE COUNTY DETENTION CENTER,910 NORTH TYUS STREET,GROESBECK,TX,76642,HOU,USMS IGA,Male,30.521739,16.408840,1.861878,4.381215,3.171271,6.790055,19.033149,0.000000,0.000000,0.458564,0.176796,0.441989,24.745856,20.685083,N/A,ODO,3/27/2025,,NDS 2019,Pending Final Report
2025-03-31,LINCOLN COUNTY JAIL,3020 N JEFFERS,NORTH PLATTE,NE,69101,SPM,USMS IGA,Female/Male,1.000000,0.386740,0.226519,0.580110,0.193370,0.988950,0.348066,0.000000,0.049724,0.000000,0.005525,0.016575,1.364641,0.685083,N/A,,12/23/2024,,,Pending Final Report
2025-03-31,LUBBOCK COUNTY DETENTION CENTER,811 MAIN STREET,LUBBOCK,TX,79401,DAL,USMS IGA,Female/Male,1.333333,0.497238,0.784530,0.259669,0.044199,0.657459,0.872928,0.000000,0.055249,0.093923,0.071823,0.116022,1.303867,0.790055,N/A,ORSA,3/26/2024,Pending Scheduling,ORSA NDS 2019,Pass
2025-03-31,MADISON COUNTY JAIL,2935 HIGHWAY 51,CANTON,MS,39046,NOL,USMS IGA,Female/Male,2.050000,1.259669,1.281768,0.751381,0.491713,1.331492,2.204420,0.038674,0.209945,0.022099,0.011050,0.005525,3.745856,2.243094,N/A,ODO,9/26/2024,,NDS 2019,Pass
2025-03-31,MARION COUNTY JAIL,40 SOUTH ALABAMA STREET,INDIANAPOLIS,IN,46204,CHI,USMS IGA,Female/Male,,5.198895,2.475138,4.093923,2.143646,6.281768,7.591160,0.000000,0.038674,1.491713,0.950276,1.994475,9.475138,4.662983,N/A,ORSA,,,ORSA NDS 2019,Pass
2025-03-31,MESA VERDE ICE PROCESSING CENTER,425 GOLDEN STATE AVE,BAKERSFIELD,CA,93301,SFR,CDF,Female/Male,307.333333,0.000000,2.580110,12.834254,35.364641,50.779006,0.000000,0.000000,0.000000,36.502762,2.093923,0.524862,11.657459,41.961326,320,ODO,6/13/2024,Scheduled,PBNDS 2011 - 2016 Revised,Pass
2025-03-31,MIAMI FEDERAL DETENTION,33 NE 4 STREET,MIAMI,FL,33132,MIA,BOP,Female/Male,,14.143646,11.049724,50.933702,28.049724,50.872928,53.303867,0.000000,0.000000,18.348066,11.182320,7.685083,66.961326,42.867403,N/A,N/A,N/A,,N/A,N/A
2025-03-31,MIGRANT OPS CENTER MAIN A,AVENUE C PSC 1005 BOX 55,FPO,FL,34009,MIA,MOC,,,3.602210,1.016575,0.121547,0.022099,0.795580,3.966851,0.000000,0.000000,0.000000,0.204420,0.314917,4.243094,4.762431,N/A,N/A,N/A,,N/A,N/A
2025-03-31,MILLER COUNTY JAIL,2300 EAST STREET,TEXARKANA,AR,71854,NOL,USMS IGA,Female/Male,1.333333,0.116022,0.243094,0.519337,0.127072,0.569061,0.419890,0.005525,0.011050,0.011050,0.000000,0.033149,0.961326,0.624309,N/A,ORSA,3/11/2024,,ORSA NDS 2019,Pass
2025-03-31,MONROE COUNTY DETENTION-DORM,7000 EAST DUNBAR ROAD,MONROE,MI,48161,DET,IGSA,Male,79.700000,64.983425,17.734807,2.613260,1.519337,8.055249,78.530387,0.000000,0.265193,0.701657,1.469613,2.801105,81.878453,41.944751,N/A,ODO,3/13/2025,,NDS 2019,Pending Final Report
2025-03-31,MONTGOMERY ICE PROCESSING CENTER,806 HILBIG RD,CONROE,TX,77301,HOU,CDF,Female/Male,27.140351,149.552486,562.353591,352.154696,156.016575,649.679558,460.917127,51.049724,58.430939,238.861878,153.580110,167.381215,660.254144,849.635359,750,ODO,12/5/2024,Pending Scheduling,PBNDS 2011 - 2016 Revised,Pass
2025-03-31,MOSHANNON VALLEY PROCESSING CENTER,555 GEO DRIVE,PHILIPSBURG,PA,16866,PHI,DIGSA,Female/Male,128.500000,220.701657,97.751381,541.933702,402.745856,706.928177,507.718232,26.458564,22.027624,248.696133,78.281768,86.729282,849.425414,817.530387,800,ODO,3/6/2025,,PBNDS 2011 - 2016 Revised,Pass
2025-03-31,NASSAU COUNTY CORRECTIONAL CENTER,100 CARMAN AVENUE,EAST MEADOW,NY,11554,NYC,USMS IGA,Female/Male,,2.480663,0.408840,0.574586,0.480663,1.353591,2.574586,0.016575,0.000000,0.022099,0.000000,0.011050,3.911602,3.403315,N/A,,,,,
2025-03-31,NEVADA SOUTHERN DETENTION CENTER,2190 EAST MESQUITE AVENUE,PAHRUMP,NV,89060,SLC,USMS CDF,Female/Male,87.636364,93.701657,88.679558,56.121547,45.911602,181.116022,102.906077,0.292818,0.099448,61.033149,36.022099,23.193370,164.165746,209.171271,N/A,ODO, 9/19/2024,Scheduled,NDS 2019,Pass
2025-03-31,NEW HANOVER COUNTY JAIL,3950 JUVENILE RD,CASTLE HAYNE,NC,28429,ATL,USMS IGA,Female/Male,2.535714,0.353591,0.270718,0.303867,0.502762,0.895028,0.519337,0.016575,0.000000,0.016575,0.000000,0.000000,1.414365,0.933702,N/A,ODO,8/22/2024,,NDS 2019,Pass
2025-03-31,NORTHEAST OHIO CORRECTIONAL CENTER,2240 HUBBARD ROAD,YOUNGSTOWN,OH,44505,DET,USMS IGA,Male,,13.729282,6.674033,5.508287,4.966851,10.679558,20.198895,0.000000,0.000000,3.381215,1.591160,2.348066,23.558011,21.983425,N/A,,,,,
2025-03-31,NORTHWEST ICE PROCESSSING CENTER,1623 E. J STREET,TACOMA,WA,98421,SEA,CDF,Female/Male,85.264151,471.348066,92.889503,163.613260,184.182320,330.110497,475.889503,39.436464,66.596685,186.099448,42.066298,30.187845,653.679558,647.530387,"1,181",ODO,1/30/2025,,PBNDS 2011 - 2016 Revised,Pass
2025-03-31,NORTHWEST STATE CORRECTIONAL CENTER,3649 LOWER NEWTON ROAD,SWANTON,VT,05488,BOS,USMS IGA,Female/Male,2.101449,5.944751,0.204420,0.248619,0.082873,0.453039,6.000000,0.000000,0.027624,0.000000,0.005525,0.060773,6.414365,3.872928,N/A,ODO,6/27/2024,,NDS 2019,Pass
2025-03-31,OLDHAM COUNTY JAIL,100 W MAIN STREET,LA GRANGE,KY,40031,CHI,USMS IGA,Female/Male,2.187500,5.928177,1.718232,3.779006,2.696133,8.116022,5.823204,0.044199,0.138122,1.828729,1.580110,1.342541,9.370166,5.762431,N/A,ODO,9/19/2024,,NDS 2019,Pass
2025-03-31,ORANGE COUNTY JAIL (FL),3855 SOUTH JOHN YOUNG PARKWAY,ORLANDO,FL,32839,MIA,USMS IGA,Female/Male,2.278689,2.110497,1.535912,2.646409,1.325967,2.646409,3.784530,0.314917,0.872928,0.033149,0.016575,0.022099,7.546961,3.972376,N/A,ODO,8/15/2024,,NDS 2019,Pass
2025-03-31,ORANGE COUNTY JAIL (NY),110 WELLS FARM ROAD,GOSHEN,NY,10924,NYC,IGSA,Female/Male,38.300000,31.187845,27.071823,17.895028,17.099448,57.165746,36.088398,0.000000,0.000000,9.055249,11.966851,12.348066,59.883978,56.381215,N/A,ODO,12/12/2024,Scheduled,NDS 2019,Pass
2025-03-31,OTAY MESA DETENTION CENTER,7488 CALZADA DE LA FUENTE,SAN DIEGO,CA,92154,SND,CDF,Female/Male,20.201928,792.497238,463.983425,50.226519,49.226519,155.679558,942.762431,17.066298,240.425414,52.441989,24.392265,25.132597,1253.966851,465.204420,750,ODO,11/7/2024,Pending Scheduling,PBNDS 2011 - 2016 Revised,Pass
2025-03-31,OTERO COUNTY PROCESSING CENTER,26 MCGREGOR RANGE ROAD,CHAPARRAL,NM,88081,ELP,DIGSA,Female/Male,21.712446,670.751381,91.165746,39.607735,13.353591,140.254144,511.475138,6.000000,157.149171,22.071823,15.408840,53.298343,724.099448,691.961326,500,ODO,11/7/2024,Pending Scheduling,PBNDS 2011 - 2016 Revised,Pass
2025-03-31,PENNINGTON COUNTY JAIL (SOUTH DAKOTA),300 KANSAS CITY STREET NONE,RAPID CITY,SD,57701,SPM,USMS IGA,Female/Male,4.500000,0.325967,0.314917,0.436464,0.088398,0.392265,0.751381,0.000000,0.022099,0.000000,0.000000,0.033149,1.132597,0.718232,N/A,ORSA,3/8/2024,Pending Scheduling,ORSA NDS 2019,Pass
2025-03-31,PHELPS COUNTY JAIL,301 W. 2ND,ROLLA,MO,65401,CHI,USMS IGA,,,0.121547,0.232044,0.602210,0.099448,0.613260,0.430939,0.000000,0.011050,0.270718,0.116022,0.226519,0.441989,0.530387,N/A,,2/6/2025,,,Pending Final Report
2025-03-31,PHELPS COUNTY JAIL,715 5TH AVENUE,HOLDREGE,NE,68949,SPM,USMS IGA,Female/Male,90.750000,1.359116,6.524862,10.508287,10.679558,24.348066,3.806630,0.823204,0.093923,3.690608,4.574586,1.845304,18.961326,21.657459,N/A,ODO,2/6/2025,,NDS 2019,Pass
2025-03-31,PICKENS COUNTY DET CTR,188 CEMETERY ST,CARROLLTON,AL,35447,NOL,IGSA,Female/Male,2.776923,9.055249,12.889503,11.723757,5.596685,16.259669,18.563536,2.403315,2.038674,0.403315,0.403315,0.635359,37.823204,27.000000,N/A,ODO,8/8/2024,Scheduled,NDS 2019,Pass
2025-03-31,PIKE COUNTY JAIL,175 PIKE COUNTY BOULEVARD,LORDS VALLEY,PA,18428,PHI,IGSA,Male,30.744186,103.320442,19.535912,33.132597,26.464088,65.116022,117.337017,0.000000,0.000000,10.132597,6.944751,10.491713,154.883978,147.696133,100,ODO,2/27/2025,,PBNDS 2011 - 2016 Revised,Pending Final Report
2025-03-31,PINE PRAIRIE ICE PROCESSING CENTER,1133 HAMPTON DUPRE ROAD,PINE PRAIRIE,LA,70576,NOL,DIGSA,Male,28.938356,300.215470,123.149171,159.613260,95.408840,271.756906,405.270718,0.027624,1.331492,32.176796,25.353591,30.685083,590.171271,527.193370,N/A,ODO,8/1/2024,Scheduled,PBNDS 2011 - 2016 Revised,Pass
2025-03-31,PINELLAS COUNTY JAIL,14400 49TH STREET NORTH,CLEARWATER,FL,33762,MIA,USMS IGA,Female/Male,1.663366,2.000000,2.364641,2.475138,0.806630,3.325967,3.834254,0.154696,0.331492,0.044199,0.044199,0.088398,7.469613,4.298343,N/A,ODO,9/26/2024,Scheduled,NDS 2019,Pass
2025-03-31,PLYMOUTH COUNTY CORRECTIONAL FACILITY,26 LONG POND ROAD,PLYMOUTH,MA,02360,BOS,IGSA,Male,78.284153,149.193370,25.314917,122.685083,113.596685,139.751381,270.364641,0.325967,0.348066,40.359116,10.491713,14.795580,345.143646,220.834254,N/A,ODO,11/21/2024,,NDS 2019,Pass
2025-03-31,POLK COUNTY JAIL,1985 NE 51ST PLACE,DES MOINES,IA,50313,SPM,USMS IGA,Female/Male,87.666667,4.596685,11.381215,10.353591,10.707182,31.469613,5.143646,0.066298,0.359116,5.138122,1.082873,2.259669,28.558011,31.397790,N/A,ODO,2/16/2025,,NDS 2019,Fail
2025-03-31,PORT ISABEL SPC,27991 BUENA VISTA BOULEVARD,LOS FRESNOS,TX,78566,HLG,SPC,Female/Male,7.805763,988.292818,30.104972,1.696133,5.055249,104.723757,919.674033,0.121547,0.629834,26.403315,28.480663,39.254144,931.011050,524.618785,650,ODO,3/27/2025,,PBNDS 2011 - 2016 Revised,Pending Final Report
2025-03-31,POTTAWATTAMIE COUNTY JAIL,1400 BIG LAKE ROAD,COUNCIL BLUFFS,IA,51501,SPM,USMS IGA,Female/Male,52.125000,2.298343,4.668508,10.237569,17.254144,30.491713,3.171271,0.265193,0.530387,6.668508,2.055249,1.314917,24.419890,29.801105,N/A,ODO,10/24/2024,Pending Scheduling,NDS 2019,Pass
2025-03-31,PRAIRIELAND DETENTION CENTER,1209 SUNFLOWER LN,ALVARADO,TX,76009,DAL,DIGSA,Female/Male,9.580882,265.149171,86.530387,206.795580,125.812155,275.917127,348.613260,22.287293,37.469613,104.022099,56.513812,45.640884,478.110497,415.685083,525,ODO,12/19/2024,Pending Scheduling,PBNDS 2011 - 2016 Revised,Pass
2025-03-31,PRINCE EDWARD COUNTY (FARMVILLE),508 WATERWORKS ROAD,FARMVILLE,VA,23901,WAS,DIGSA,Male,87.681159,156.011050,72.066298,132.591160,141.220994,276.038674,225.718232,0.000000,0.132597,77.419890,31.491713,34.911602,358.066298,309.104972,459,ODO,12/19/2024,,PBNDS 2011 - 2016 Revised,Pass
2025-03-31,RICHWOOD CORRECTIONAL CENTER,180 PINE BAYOU CIRCLE,MONROE,LA,71202,NOL,DIGSA,Male,33.281755,767.552486,33.618785,9.027624,6.972376,20.861878,34.784530,9.972376,751.552486,6.198895,6.182320,10.668508,794.121547,309.237569,677,ODO,11/7/2024,,PBNDS 2011 - 2016 Revised,Pass
2025-03-31,RIO GRANDE DETENTION CENTER,1001 SAN RIO BOULEVARD,LAREDO,TX,78046,HLG,USMS CDF,Male,96.962500,615.016575,7.425414,1.364641,1.149171,20.143646,604.613260,0.000000,0.198895,1.878453,6.143646,11.845304,605.088398,341.215470,275,ODO,1/9/2025,Pending Scheduling,NDS 2019,Pass
2025-03-31,RIVER CORRECTIONAL CENTER,26362 HIGHWAY 15,FERRIDAY,LA,71334,NOL,DIGSA,Male,73.529126,487.790055,64.298343,1.480663,0.712707,13.386740,540.679558,0.000000,0.215470,1.552486,2.033149,3.596685,547.099448,289.104972,361,ODO,11/21/2024,,PBNDS 2011 - 2016 Revised,Pass
2025-03-31,ROBERT A DEYTON DETENTION FACILITY,11866 HASTINGS BRIDGE ROAD P.O. BOX 429,LOVEJOY,GA,30250,ATL,USMS CDF,Female/Male,1.297872,2.403315,2.232044,2.828729,0.839779,4.364641,3.939227,0.000000,0.000000,0.165746,0.149171,0.220994,7.767956,6.110497,N/A,ODO,,,NDS 2019,Pass
2025-03-31,SAIPAN DEPARTMENT OF CORRECTIONS (SUSUPE),"VICENTE T. SEMAN BLDG, CIVIC CENTER",SAIPAN,MP,96950,SFR,USMS IGA,Female/Male,,2.359116,2.127072,0.519337,0.000000,2.928177,1.519337,0.000000,0.558011,1.497238,0.541436,0.000000,2.966851,3.828729,N/A,ORSA,3/8/2024,Pending Scheduling,ORSA NDS 2019,Pass
2025-03-31,SALT LAKE COUNTY METRO JAIL,3415 SOUTH 900 WEST,SALT LAKE CITY,UT,84119,SLC,USMS IGA,Female/Male,2.037975,1.077348,4.325967,0.430939,0.104972,3.900552,1.602210,0.215470,0.220994,0.690608,0.110497,0.154696,4.983425,4.861878,N/A,ODO,9/27/2024,Scheduled,NDS 2019,Pass
2025-03-31,SAN JUAN STAGING,"651 FEDERAL DRIVE, SUITE 104",GUAYNABO,PR,00965,MIA,STAGING,Female/Male,2.392157,5.127072,0.320442,0.850829,0.331492,1.110497,4.878453,0.066298,0.574586,0.243094,0.049724,0.132597,6.204420,3.513812,N/A,N/A,N/A,,N/A,N/A
2025-03-31,SAN LUIS REGIONAL DETENTION CENTER,406 NORTH AVENUE D,SAN LUIS,AZ,85349,SND,IGSA,Female/Male,6.542857,51.513812,13.685083,1.574586,2.817680,5.900552,49.353591,0.419890,13.917127,3.419890,0.447514,0.690608,65.033149,44.154696,100,ODO,9/26/2024,Scheduled,NDS 2019,Pass
2025-03-31,SENECA COUNTY JAIL,3040 SOUTH STATE HIGHWAY 100,TIFFIN,OH,44883,DET,IGSA,Female/Male,84.250000,18.486188,11.552486,15.066298,17.248619,43.237569,15.259669,2.276243,1.580110,12.270718,3.629834,4.314917,42.138122,51.972376,N/A,ODO,10/31/2024,,NDS 2019,Pass
2025-03-31,SHERBURNE COUNTY JAIL,13880 BUSINESS CENTER DRIVE,ELK RIVER,MN,55330,SPM,IGSA,Female/Male,1.000000,5.994475,6.845304,11.950276,3.480663,15.381215,11.657459,0.541436,0.690608,5.519337,2.397790,3.187845,17.165746,20.823204,N/A,ODO,5/2/2024,Pending Scheduling,NDS 2019,Pass
2025-03-31,SOUTH CENTRAL REGIONAL JAIL,1001 CENTER WAY,CHARLESTON,WV,25309,PHI,IGSA,Female/Male,5.526316,2.475138,1.834254,2.044199,1.176796,4.154696,3.375691,0.000000,0.000000,0.497238,0.342541,0.546961,6.143646,5.215470,N/A,ODO,9/26/2024,,NDS 2019,Pass
2025-03-31,SOUTH LOUISIANA ICE PROCESSING CENTER,3843 STAGG AVENUE,BASILE,LA,70515,NOL,DIGSA,Female/Male,45.152381,603.856354,102.408840,98.204420,36.861878,2.436464,4.436464,116.872928,717.585635,54.353591,23.817680,22.265193,740.895028,427.121547,700,ODO,3/6/2025,,PBNDS 2011 - 2016 Revised,Pending Final Report
2025-03-31,SOUTH TEXAS ICE PROCESSING CENTER,566 VETERANS DRIVE,PEARSALL,TX,78061,SNA,CDF,Female/Male,49.876238,1292.403315,111.928177,189.436464,70.121547,340.740331,1281.204420,22.453039,19.491713,79.878453,76.209945,176.657459,1331.143646,1008.707182,"1,350",ODO,2/6/2025,,PBNDS 2011 - 2016 Revised,Pass
2025-03-31,ST. CLAIR COUNTY JAIL,1170 MICHIGAN ROAD,PORT HURON,MI,48060,DET,IGSA,Male,128.250000,45.386740,11.436464,10.171271,5.359116,20.541436,51.812155,0.000000,0.000000,4.607735,3.773481,3.834254,60.138122,53.563536,N/A,ODO,9/19/2024,Scheduled,NDS 2019,Pass
2025-03-31,STE. GENEVIEVE COUNTY SHERIFF/JAIL,5 BASLER DR.,STE. GENEVIEVE,MO,63670,CHI,USMS IGA,,,0.204420,2.331492,1.685083,0.348066,2.132597,2.143646,0.022099,0.270718,0.762431,0.508287,0.508287,2.790055,2.618785,N/A,,,,,
2025-03-31,STEWART DETENTION CENTER,146 CCA ROAD,LUMPKIN,GA,31815,ATL,DIGSA,Female/Male,67.936893,760.348066,208.812155,384.325967,327.138122,695.613260,772.464088,49.602210,162.944751,229.955801,130.165746,103.933702,1216.569061,1065.745856,"1,600",ODO,3/20/2025,,PBNDS 2011 - 2016 Revised,Pending Final Report
2025-03-31,STRAFFORD COUNTY CORRECTIONS,266 COUNTY FARM ROAD,DOVER,NH,03820,BOS,IGSA,Female/Male,148.842105,1.767956,0.000000,49.331492,41.801105,44.784530,34.497238,6.712707,6.906077,21.403315,7.116022,7.088398,57.292818,54.563536,N/A,ODO,9/12/2024,Scheduled,NDS 2019,Pass
2025-03-31,SWEETWATER COUNTY JAIL,50140 UNITED STATES HIGHWAY 191 SOUTH,ROCK SPRINGS,WY,82935,DEN,USMS IGA,Female/Male,3.500000,0.232044,0.541436,0.607735,0.060773,1.011050,0.298343,0.027624,0.104972,0.000000,0.049724,0.016575,1.375691,1.154696,N/A,ORSA,3/26/2024,Pending Scheduling,ORSA NDS 2019,Pass
2025-03-31,T DON HUTTO DETENTION CENTER,1001 WELCH STREET,TAYLOR,TX,76574,SNA,DIGSA,Male,72.062500,200.022099,40.337017,114.458564,70.596685,234.977901,190.436464,0.000000,0.000000,63.618785,56.265193,101.624309,203.906077,291.651934,461,ODO,12/19/2024,Pending Scheduling,PBNDS 2011 - 2016 Revised,Pass
2025-03-31,"TORRANCE/ESTANCIA, NM",209 COUNTY ROAD 49,ESTANCIA,NM,87016,ELP,IGSA,Male,32.595349,331.712707,56.939227,7.370166,4.044199,55.149171,344.889503,0.027624,0.000000,1.359116,2.580110,20.707182,375.419890,257.917127,505,ODO,10/24/2024,Pending Scheduling,PBNDS 2011 - 2016 Revised,Pass
2025-03-31,TULSA COUNTY JAIL (DAVID L. MOSS JUSTICE CTR),300 NORTH DENVER AVENUE,TULSA,OK,74103,DAL,IGSA,Female/Male,2.344444,9.055249,4.502762,4.314917,1.834254,7.613260,9.751381,0.486188,1.856354,0.878453,0.519337,0.430939,17.878453,7.038674,N/A,ODO,9/19/2024,Pending Scheduling,NDS 2019,Pass
2025-03-31,TWO BRIDGES REGIONAL JAIL,522 BATH RD,WISCASSET,ME,04578,BOS,USMS IGA,Male,,0.000000,0.000000,1.955801,1.657459,1.646409,1.966851,0.000000,0.000000,0.906077,0.171271,0.458564,2.077348,1.414365,N/A,,,,,
2025-03-31,WASHINGTON COUNTY DETENTION CENTER,1155 WEST CLYDESDALE DRIVE,FAYETTEVILLE,AR,72701,NOL,USMS IGA,Female/Male,1.734694,1.104972,1.171271,1.386740,0.469613,1.563536,2.370166,0.082873,0.116022,0.027624,0.005525,0.016575,4.082873,2.911602,N/A,ODO,,,NDS 2019,Pass
2025-03-31,WASHOE COUNTY JAIL,911 PARR BLVD 775 328 3308,RENO,NV,89506,SLC,USMS IGA,Female/Male,19.703704,0.817680,2.215470,3.403315,3.729282,7.922652,1.900552,0.287293,0.055249,2.419890,0.187845,0.375691,7.182320,8.740331,N/A,ODO,11/7/2024,Pending Scheduling,NDS 2019,Pass
2025-03-31,WEBB COUNTY DETENTION CENTER (CCA),9998 SOUTH HIGHWAY 83,LAREDO,TX,78041,HLG,DIGSA,Female/Male,18.958333,242.265193,4.784530,28.729282,53.116022,34.000000,256.790055,4.795580,33.309392,15.364641,9.806630,8.784530,294.939227,190.944751,250,ODO,2/6/2025,,PBNDS 2011 - 2016 Revised,Pass
2025-03-31,WINN CORRECTIONAL CENTER,560 GUM SPRING ROAD,WINNFIELD,LA,71483,NOL,DIGSA,Male,105.030516,1009.425414,215.994475,190.988950,99.441989,292.464088,1222.878453,0.480663,0.027624,60.193370,44.696133,41.519337,1369.441989,890.690608,946,ODO,1/16/2025,,PBNDS 2011 - 2016 Revised,Pass
2025-03-31,WOODBURY COUNTY JAIL,407 7TH STREET,SIOUX CITY,IA,51101,SPM,USMS IGA,Female/Male,,0.342541,0.093923,0.348066,0.458564,0.939227,0.281768,0.000000,0.022099,0.353591,0.154696,0.049724,0.685083,0.767956,N/A,ORSA,3/26/2024,Pending Scheduling,ORSA NDS 2019,Pass
2025-03-31,WYATT DETENTION CENTER,950 HIGH STREET,CENTRAL FALLS,RI,02863,BOS,USMS IGA,Male,67.937500,14.966851,3.762431,44.171271,49.303867,58.480663,50.082873,1.502762,2.138122,19.651934,2.270718,3.226519,87.055249,71.922652,N/A,ODO,9/19/2024,Scheduled,NDS 2019,Pass
2025-03-17,ADAMS COUNTY DET CENTER,20 HOBO FORK RD.,NATCHEZ,MS,39120,NOL,DIGSA,Female/Male,30.569568,1876.461078,266.431138,6.724551,4.257485,12.712575,2141.161677,0.000000,0.000000,1.568862,0.886228,1.754491,2149.664671,394.856287,"1,100",ODO,1/16/2025,,PBNDS 2011 - 2016 Revised,Pass
2025-03-17,ADELANTO ICE PROCESSING CENTER,10250 RANCHO ROAD,ADELANTO,CA,92301,LOS,CDF,Female/Male,1796.000000,6.401198,4.323353,22.604790,32.634731,51.275449,14.688623,0.000000,0.000000,32.017964,10.598802,4.730539,18.616766,35.622754,640,ODO,7/18/2024,Scheduled,PBNDS 2011 - 2016 Revised,Pass
2025-03-17,ALAMANCE COUNTY DETENTION FACILITY,109 SOUTH MAPLE STREET,GRAHAM,NC,27253,ATL,IGSA,Female/Male,4.434911,4.329341,3.461078,6.083832,6.185629,13.952096,5.808383,0.125749,0.173653,0.556886,0.233533,0.083832,19.185629,14.568862,40,ODO,9/19/2024,Scheduled,NDS 2019,Pass
2025-03-17,ALEXANDRIA STAGING FACILITY,96 GEORGE THOMPSON DRIVE,ALEXANDRIA,LA,71303,NOL,STAGING,Male,3.075916,137.520958,47.413174,76.005988,52.485030,145.538922,167.784431,0.047904,0.053892,57.101796,31.940120,37.628743,186.754491,308.395210,N/A,ODO,8/29/2024,Scheduled,PBNDS 2011 - 2016 Revised,Pass
2025-03-17,ALLEGANY COUNTY JAIL,4884 STATE ROUTE 19,BELMONT,NY,14813,BUF,IGSA,Female/Male,,1.221557,0.017964,0.000000,0.000000,0.000000,0.000000,0.000000,1.239521,0.000000,0.000000,0.000000,1.239521,0.317365,N/A,,,,,
2025-03-17,ALLEN PARISH PUBLIC SAFETY COMPLEX,7340 HIGHWAY 26 WEST,OBERLIN,LA,70655,NOL,IGSA,Male,59.500000,101.311377,30.251497,33.766467,10.664671,50.107784,125.886228,0.000000,0.000000,17.802395,7.604790,6.634731,143.952096,104.347305,170,ODO,12/12/2024,Scheduled,PBNDS 2011 - 2016 Revised,Pass
2025-03-17,ATLANTA US PEN,"601 MCDONOUGH BOULEVARD, SE",ATLANTA,GA,30315,ATL,BOP,Female/Male,,17.341317,3.610778,3.053892,2.724551,7.664671,19.065868,0.000000,0.000000,1.544910,0.778443,0.862275,23.544910,24.592814,N/A,N/A,N/A,,N/A,N/A
2025-03-17,BAKER COUNTY SHERIFF DEPT.,1 SHERIFF OFFICE DRIVE,MACCLENNY,FL,32063,MIA,IGSA,Female/Male,61.549020,26.221557,38.640719,88.652695,88.730539,155.131737,51.497006,22.119760,13.497006,49.640719,20.922156,14.820359,156.862275,175.359281,192,ODO,10/24/2024,Scheduled,NDS 2019,Pass
2025-03-17,BERLIN FED. CORR. INST.,1 SUCCESS LOOP DR.,BERLIN,NH,03570,BOS,BOP,,,1.748503,0.089820,0.970060,0.712575,0.916168,2.604790,0.000000,0.000000,0.317365,0.197605,0.401198,2.604790,0.604790,N/A,N/A,N/A,,N/A,N/A
2025-03-17,BLUEBONNET DETENTION FACILITY,400 2ND STREET,ANSON,TX,79501,DAL,DIGSA,Male,56.166667,311.305389,164.550898,241.616766,104.514970,340.586826,417.329341,9.670659,54.401198,75.994012,50.664671,79.251497,616.077844,471.538922,750,ODO,12/12/2024,,PBNDS 2011 - 2016 Revised,Pass
2025-03-17,BOONE COUNTY JAIL,3020 CONRAD LANE,BURLINGTON,KY,41005,CHI,USMS IGA,Female/Male,86.000000,28.323353,22.922156,33.329341,56.431138,102.125749,33.730539,4.071856,1.077844,38.443114,10.826347,10.628743,81.107784,97.287425,N/A,ODO,11/21/2024,,NDS 2019,Pass
2025-03-17,BROWARD COUNTY JAIL,555 SE 1ST AVENUE,FT.LAUDERDALE,FL,33301,MIA,IGSA,Female/Male,,0.335329,0.209581,1.053892,0.233533,0.293413,1.359281,0.035928,0.143713,0.000000,0.000000,0.005988,1.826347,0.928144,N/A,N/A,N/A,,N/A,N/A
2025-03-17,BROWARD TRANSITIONAL CENTER,3900 NORTH POWERLINE ROAD,POMPANO BEACH,FL,33073,MIA,CDF,Female/Male,48.847561,495.467066,158.353293,3.844311,0.718563,125.293413,436.718563,14.538922,81.832335,13.275449,29.946108,39.011976,576.149701,397.251497,700,ODO,12/19/2024,,PBNDS 2011 - 2016 Revised,Pass
2025-03-17,BUFFALO SERVICE PROCESSING CENTER,4250 FEDERAL DRIVE,BATAVIA,NY,14020,BUF,SPC,Female/Male,63.213333,235.688623,46.083832,133.586826,151.275449,254.856287,311.778443,0.000000,0.000000,127.365269,17.479042,19.005988,402.784431,415.101796,400,ODO,10/31/2024,Scheduled,PBNDS 2011 - 2016 Revised,Pass
2025-03-17,BUTLER COUNTY JAIL,705 HANOVER STREET,HAMILTON,OH,45011,DET,USMS IGA,Female/Male,,1.514970,0.598802,0.838323,0.107784,0.802395,1.856287,0.000000,0.401198,0.179641,0.305389,0.317365,2.257485,1.095808,N/A,ODO,4/2/2021,,NDS 2019,Pass
2025-03-17,CALHOUN COUNTY CORRECTIONAL CENTER,185 EAST MICHIGAN AVENUE,BATTLE CREEK,MI,49014,DET,IGSA,Female/Male,67.696970,56.784431,35.293413,30.982036,15.952096,48.886228,75.874251,2.712575,11.538922,12.724551,6.161677,11.209581,108.916168,104.502994,75,ODO,8/22/2024,Scheduled,NDS 2019,Pass
2025-03-17,CAROLINE DETENTION FACILITY,11093 S.W. LEWIS MEMORIAL DRIVE,BOWLING GREEN,VA,22427,WAS,DIGSA,Female/Male,96.446281,111.107784,33.880240,62.514970,76.922156,129.311377,142.161677,8.610778,4.341317,44.089820,14.808383,18.437126,207.089820,144.101796,224,ODO,7/11/2024,Scheduled,PBNDS 2011 - 2016 Revised,Pass
2025-03-17,"CCA, FLORENCE CORRECTIONAL CENTER",1100 BOWLING ROAD,FLORENCE,AZ,85132,PHO,USMS IGA,Male,70.158333,50.449102,40.622754,145.221557,141.742515,236.814371,141.221557,0.000000,0.000000,89.347305,27.706587,25.676647,235.305389,220.137725,N/A,ODO,12/12/2024,,NDS 2019,Pass
2025-03-17,CENTRAL LOUISIANA ICE PROCESSING CENTER (CLIPC),830 PINEHILL ROAD,JENA,LA,71342,NOL,DIGSA,Female/Male,13.669118,410.970060,221.209581,344.790419,207.161677,521.730539,661.988024,0.359281,0.053892,125.341317,58.916168,64.251497,935.622754,854.029940,"1,170",ODO,1/9/2025,,PBNDS 2011 - 2016 Revised,Pass
2025-03-17,CHASE COUNTY JAIL,301 SOUTH WALNUT STREET,COTTONWOOD FALL,KS,66845,CHI,IGSA,Female/Male,54.466667,19.113772,17.976048,33.772455,17.766467,47.778443,32.664671,5.179641,3.005988,12.197605,7.622754,6.970060,61.838323,75.622754,N/A,ODO,8/22/2024,Scheduled,NDS 2019,Pass
2025-03-17,CHIPPEWA COUNTY SSM,325 COURT STREET,SAULT STE MARIE,MI,49783,DET,IGSA,Female/Male,69.000000,9.065868,4.023952,6.880240,6.125749,11.580838,14.514970,0.000000,0.000000,5.059880,0.754491,1.670659,18.610778,18.802395,N/A,ODO,4/25/2024,Scheduled,NDS 2019,Pass
2025-03-17,CIBOLA COUNTY CORRECTIONAL CENTER,2000 CIBOLA LOOP,MILAN,NM,87021,ELP,IGSA,Male,26.982143,148.167665,21.335329,0.760479,0.658683,12.880240,158.041916,0.000000,0.000000,0.389222,0.269461,3.850299,166.413174,154.532934,N/A,ODO,2/27/2025,,PBNDS 2011 - 2016 Revised,Pending Final Report
2025-03-17,CIMMARRON CORR FACILITY,3700 S. KINGS HWY,CUSHING,OK,74023,DAL,USMS IGA,,,17.059880,3.670659,0.311377,0.000000,3.245509,17.796407,0.000000,0.000000,0.646707,0.628743,1.137725,18.628743,17.580838,N/A,,,Pending Scheduling,,
2025-03-17,CLAY COUNTY JUSTICE CENTER,611 EAST JACKSON STREET,BRAZIL,IN,47834,CHI,USMS IGA,Female/Male,19.190476,53.401198,29.568862,91.209581,63.616766,137.682635,85.377246,8.071856,6.664671,32.275449,14.113772,15.664671,175.742515,153.305389,N/A,ODO,6/27/2024,Scheduled,NDS 2019,Pass
2025-03-17,CLINTON COUNTY CORRECTIONAL FACILITY,58 PINE MOUNTAIN RD.,MCELHATTAN,PA,17748,PHI,USMS IGA,Male,180.428571,2.880240,23.718563,36.305389,16.005988,72.137725,3.610778,2.101796,1.059880,28.988024,13.371257,1.538922,35.011976,66.437126,N/A,ODO,1/16/2025,,NDS 2019,Pass
2025-03-17,CLINTON COUNTY JAIL,25 MCCARTHY DRIVE,PLATTSBURGH,NY,12901,BUF,USMS IGA,Female/Male,11.914286,2.185629,0.526946,1.754491,0.185629,0.461078,0.580838,1.000000,2.610778,0.736527,0.000000,0.862275,3.053892,2.700599,N/A,ODO,6/6/2024,Scheduled,NDS 2019,Pass
2025-03-17,COASTAL BEND DETENTION FACILITY,4909 FM 2826,ROBSTOWN,TX,78380,HLG,USMS IGA,Male,0.518987,0.880240,2.239521,0.311377,0.113772,1.455090,1.640719,0.041916,0.407186,0.065868,0.035928,0.089820,3.353293,2.910180,N/A,ODO,2/6/2025,,NDS 2019,Pending Final Report
2025-03-17,COLLIER COUNTY NAPLES JAIL CENTER,3347 TAMIAMI TRAIL E,NAPLES,FL,34112,MIA,IGSA,Female/Male,3.161538,6.089820,2.077844,2.574850,1.766467,6.317365,5.694611,0.209581,0.287425,0.155689,0.131737,0.323353,11.898204,8.179641,N/A,ODO,12/5/2024,,NDS 2019,Pass
2025-03-17,CUMBERLAND COUNTY JAIL,50 COUNTY WAY,PORTLAND,ME,04102,BOS,USMS IGA,Female/Male,7.084746,7.532934,1.137725,19.796407,16.892216,20.886228,16.988024,2.239521,5.245509,5.335329,1.137725,2.982036,35.904192,30.952096,N/A,ODO,9/12/2024,Scheduled,NDS 2019,Pass
2025-03-17,DAKOTA COUNTY JAIL,1601 BROADWAY,DAKOTA CITY,NE,68731,SPM,USMS IGA,Female/Male,2.500000,2.047904,2.209581,2.401198,1.694611,5.077844,2.826347,0.059880,0.389222,1.407186,0.149701,1.281437,5.514970,4.568862,N/A,ORSA,12/7/2024,,ORSA NDS 2019,Pass
2025-03-17,DALLAS COUNTY JAIL - LEW STERRETT JUSTICE CENTER,111 WEST COMMERCE STREET,DALLAS,TX,75202,DAL,USMS IGA,Female/Male,1.261818,6.832335,0.000000,0.011976,0.005988,2.832335,3.664671,0.137725,0.215569,0.000000,0.083832,0.011976,6.754491,3.359281,N/A,ODO,7/18/2024,Scheduled,NDS 2019,Pass
2025-03-17,DENVER CONTRACT DETENTION FACILITY,3130 OAKLAND ST,AURORA,CO,80010,DEN,CDF,Female/Male,47.161836,624.568862,190.508982,189.658683,141.365269,273.239521,808.101796,18.461078,46.299401,128.796407,58.814371,55.814371,902.676647,591.299401,600,ODO,2/13/2025,,PBNDS 2011 - 2016 Revised,Pending Final Report
2025-03-17,DEPARTMENT OF CORRECTIONS HAGATNA,203 ASPINAL AVE. PO BOX 3236,HAGATNA,GU,96910,SFR,USMS IGA,Female/Male,,0.000000,1.461078,2.964072,0.497006,4.383234,0.538922,0.000000,0.000000,3.413174,0.634731,0.173653,0.700599,4.772455,N/A,ORSA,3/14/2024,Scheduled,ORSA NDS 2019,Pass
2025-03-17,DESERT VIEW ANNEX,10450 RANCHO ROAD,ADELANTO,CA,92301,LOS,CDF,Female/Male,37.470238,211.125749,28.167665,72.089820,95.694611,160.742515,246.335329,0.000000,0.000000,23.491018,7.383234,6.287425,369.916168,240.544910,480,ODO,2/27/2025,,PBNDS 2011 - 2016 Revised,Pending Final Report
2025-03-17,DODGE COUNTY JAIL,215 WEST CENTRAL STREET,JUNEAU,WI,53039,CHI,USMS IGA,Female/Male,111.548387,9.209581,16.047904,44.862275,41.227545,87.119760,22.928144,0.227545,1.071856,27.173653,10.341317,8.455090,65.377246,81.065868,N/A,ODO,8/15/2024,Scheduled,NDS 2019,Pass
2025-03-17,EAST HIDALGO DETENTION CENTER,1330 HIGHWAY 107,LA VILLA,TX,78562,HLG,USMS IGA,Female/Male,1.500000,1.377246,0.359281,0.580838,0.431138,1.814371,0.916168,0.017964,0.000000,0.964072,0.149701,0.131737,1.502994,2.467066,N/A,ORSA,8/22/2024,Scheduled,ORSA NDS 2019,Pass
2025-03-17,EDEN DETENTION CTR,702 E BROADWAY ST,EDEN,TX,76837,DAL,USMS IGA,Male,27.031008,103.209581,5.982036,0.784431,0.389222,5.431138,104.934132,0.000000,0.000000,0.275449,0.502994,1.053892,108.532934,33.844311,N/A,ODO,2/27/2025,,NDS 2019,Pending Final Report
2025-03-17,EL PASO SERVICE PROCESSING CENTER,8915 MONTANA AVE.,EL PASO,TX,79925,ELP,SPC,Female/Male,42.984375,311.772455,185.718563,141.562874,84.005988,277.748503,246.389222,61.784431,137.137725,79.227545,63.730539,97.856287,482.245509,604.874251,450,ODO,2/13/2025,,PBNDS 2011 - 2016 Revised,Pending Final Report
2025-03-17,EL PASO SOFT SIDED FACILI,12501 GATEWAY BLVD S,EL PASO,TX,79934,ELP,STAGING,,,1.059880,0.802395,0.497006,0.155689,1.005988,1.341317,0.017964,0.149701,0.269461,0.257485,0.491018,1.497006,2.497006,N/A,N/A,N/A,,N/A,N/A
2025-03-17,EL VALLE DETENTION FACILITY,1800 INDUSTRIAL DRIVE,RAYMONDVILLE,TX,78580,HLG,DIGSA,Female/Male,26.624204,747.892216,37.119760,39.502994,33.658683,109.113772,270.688623,17.910180,460.461078,28.976048,15.982036,19.670659,793.544910,465.425150,600,ODO,3/6/2025,,PBNDS 2011 - 2016 Revised,Pending Final Report
2025-03-17,ELIZABETH CONTRACT DETENTION FACILITY,625 EVANS STREET,ELIZABETH,NJ,07201,NEW,CDF,Female/Male,4.078772,84.251497,170.323353,17.730539,6.401198,55.137725,206.910180,1.407186,15.251497,4.215569,8.910180,14.598802,250.982036,136.203593,285,ODO,12/5/2024,,PBNDS 2011 - 2016 Revised,Pass
2025-03-17,ELOY FEDERAL CONTRACT FACILITY,1705 EAST HANNA RD.,ELOY,AZ,85131,PHO,DIGSA,Female/Male,13.599197,1041.886228,45.538922,114.688623,125.610778,159.940120,526.886228,76.592814,564.305389,92.898204,46.562874,67.610778,1120.652695,736.688623,900,ODO,10/31/2024,Scheduled,PBNDS 2011 - 2016 Revised,Pass
2025-03-17,ERIE COUNTY JAIL,DEPARTMENT OF CORRECTIONS 1618 ASH STREET,ERIE,PA,16503,PHI,USMS IGA,Female/Male,3.545455,1.323353,0.892216,0.317365,0.197605,0.431138,2.263473,0.000000,0.035928,0.011976,0.053892,0.000000,2.664671,1.305389,N/A,ORSA,3/20/2024,,ORSA NDS 2019,Pass
2025-03-17,ETOWAH COUNTY JAIL (ALABAMA),827 FORREST AVENUE,GADSDEN,AL,35901,NOL,USMS IGA,Male,,1.083832,1.251497,1.125749,0.341317,1.395210,2.011976,0.107784,0.287425,0.047904,0.077844,0.149701,3.526946,1.580838,N/A,ODO,12/3/2021,,NDS 2000,Pass
2025-03-17,FAYETTE COUNTY DETENTION CENTER,600 OLD FRANKFORD CR,LEXINGTON,KY,40510,CHI,USMS IGA,Female/Male,1.352941,0.203593,0.257485,0.419162,0.532934,0.850299,0.497006,0.017964,0.047904,0.023952,0.005988,0.005988,1.377246,0.892216,N/A,ODO,9/12/2024,Scheduled,NDS 2019,Pass
2025-03-17,FDC PHILADELPHIA,700 ARCH ST.,PHILADELPHIA,PA,19106,PHI,BOP,,,9.425150,1.676647,3.347305,4.616766,8.377246,10.688623,0.000000,0.000000,3.502994,0.928144,0.832335,13.802395,9.850299,N/A,N/A,N/A,,N/A,N/A
2025-03-17,FLORENCE SERVICE PROCESSING CENTER,3250 NORTH PINAL PARKWAY,FLORENCE,AZ,85132,PHO,SPC,Male,6.629778,303.556886,71.790419,1.508982,1.485030,71.053892,307.203593,0.011976,0.071856,2.706587,3.748503,29.479042,342.407186,197.622754,392,ODO,2/13/2025,,PBNDS 2011 - 2016 Revised,Pending Final Report
2025-03-17,FLORENCE STAGING FACILITY,3250 NORTH PINAL PARKWAY,FLORENCE,AZ,85232,PHO,STAGING,Male,3.390289,108.275449,36.107784,23.131737,10.724551,49.299401,125.203593,1.029940,2.706587,4.023952,1.958084,3.173653,169.083832,114.341317,N/A,ODO,12/12/2024,Scheduled,PBNDS 2011 - 2016 Revised,Pass
2025-03-17,FOLKSTON ANNEX IPC,3424 HIGHWAY 252 EAST,FOLKSTON,GA,31537,ATL,DIGSA,Male,62.876106,188.844311,25.257485,37.473054,15.910180,60.215569,207.185629,0.000000,0.083832,11.329341,5.389222,8.706587,242.059880,164.586826,338,ODO,1/28/2025,,PBNDS 2011 - 2016 Revised,Pending Final Report
2025-03-17,FOLKSTON MAIN IPC,3026 HWY 252 EAST,FOLKSTON,GA,31537,ATL,DIGSA,Male,44.281250,348.868263,132.000000,91.497006,40.550898,167.443114,445.263473,0.209581,0.000000,29.964072,19.365269,26.970060,536.616766,392.263473,544,ODO,1/28/2025,,PBNDS 2011 - 2016 Revised,Pending Final Report
2025-03-17,FREEBORN COUNTY ADULT DETENTION CENTER,411 SOUTH BROADWAY AVENUE,ALBERT LEA,MN,56007,SPM,IGSA,Male,78.333333,14.928144,11.221557,38.365269,11.011976,42.634731,32.892216,0.000000,0.000000,13.083832,2.922156,4.574850,54.946108,52.341317,N/A,ODO,3/6/2025,,NDS 2019,Pending Final Report
2025-03-17,GEAUGA COUNTY JAIL,12450 MERRITT DR,CHARDON,OH,44024,DET,USMS IGA,Female/Male,133.800000,24.676647,13.059880,7.580838,2.694611,19.808383,22.227545,1.664671,4.311377,3.035928,3.341317,1.431138,40.203593,33.880240,N/A,ODO,1/30/2025,,NDS 2019,Pending Final Report
2025-03-17,GOLDEN STATE ANNEX,611 FRONTAGE RD,MCFARLAND,CA,93250,SFR,CDF,Female/Male,139.531250,189.568862,65.293413,108.167665,162.353293,269.874251,255.508982,0.000000,0.000000,144.856287,22.005988,10.646707,347.874251,266.886228,560,ODO,1/30/2025,,PBNDS 2011 - 2016 Revised,Pending Final Report
2025-03-17,GRAND FORKS COUNTY CORRECTIONAL FACILITY,1701 NORTH WASHINGTON ST,GRAND FORKS,ND,58203,SPM,USMS IGA,Female/Male,1.375000,0.233533,0.029940,2.520958,0.023952,0.994012,1.670659,0.065868,0.077844,0.000000,0.011976,0.107784,2.688623,1.467066,N/A,ODO,7/11/2024,Scheduled,NDS 2019,Pass
2025-03-17,GRAYSON COUNTY JAIL,320 SHAW STATION ROAD,LEITCHFIELD,KY,42754,CHI,USMS IGA,Female/Male,1.789474,4.868263,2.095808,3.664671,1.574850,1.676647,0.880240,3.916168,5.730539,2.137725,0.263473,1.646707,8.155689,6.898204,N/A,ODO,8/22/2024,Scheduled,NDS 2019,Pass
2025-03-17,GREENE COUNTY JAIL,1199 N HASELTINE RD,SPRINGFIELD,MO,65802,CHI,IGSA,Female/Male,,14.502994,3.083832,8.598802,5.886228,14.371257,15.934132,0.604790,1.161677,5.377246,3.155689,4.574850,18.964072,15.341317,N/A,,,,,
2025-03-17,HANCOCK COUNTY PUBLIC SAFETY COMPLEX,8450 HIGHWAY 90,BAY ST. LOUIS,MS,39520,NOL,IGSA,Female/Male,2.238390,7.856287,4.197605,3.353293,0.844311,4.652695,10.437126,0.197605,0.964072,0.113772,0.233533,0.161677,15.742515,8.916168,N/A,ODO,5/9/2024,,NDS 2019,Fail
2025-03-17,HENDERSON DETENTION,18 E BASIC ROAD,HENDERSON,NV,89015,SLC,USMS IGA,Female/Male,12.117647,11.437126,20.000000,25.964072,11.305389,41.407186,14.940120,7.790419,4.568862,15.790419,12.023952,6.562874,34.329341,52.514970,N/A,ODO,9/19/2024,Scheduled,NDS 2019,Pass
2025-03-17,HONOLULU FEDERAL DETENTION CENTER,351 ELLIOTT ST.,HONOLULU,HI,96819,SFR,BOP,Female/Male,,3.814371,6.970060,10.586826,3.988024,13.832335,7.532934,0.622754,3.371257,9.299401,3.161677,1.395210,11.502994,20.377246,N/A,N/A,N/A,,N/A,N/A
2025-03-17,HOUSTON CONTRACT DETENTION FACILITY,15850 EXPORT PLAZA DRIVE,HOUSTON,TX,77032,HOU,CDF,Female/Male,42.780220,774.526946,35.065868,12.952096,6.604790,26.910180,463.341317,9.622754,329.275449,11.071856,9.125749,10.856287,798.095808,413.676647,750,ODO,1/30/2025,,PBNDS 2011 - 2016 Revised,Pending Final Report
2025-03-17,IAH SECURE ADULT DETENTION FACILITY (POLK),3400 FM 350 SOUTH,LIVINGSTON,TX,77351,HOU,DIGSA,Male,27.278932,679.407186,67.041916,28.820359,11.748503,49.838323,737.179641,0.000000,0.000000,10.257485,8.341317,15.862275,752.556886,349.586826,350,ODO,2/13/2025,,NDS 2019,Pending Final Report
2025-03-17,IMPERIAL REGIONAL DETENTION FACILITY,1572 GATEWAY,CALEXICO,CA,92231,SND,CDF,Female/Male,31.220930,590.658683,17.538922,31.317365,31.077844,72.670659,536.143713,1.323353,60.455090,29.874251,10.892216,12.095808,617.730539,202.544910,640,ODO,1/16/2025,,PBNDS 2011 - 2016 Revised,Pass
2025-03-17,JACKSON PARISH CORRECTIONAL CENTER,327 INDUSTRIAL DRIVE,JONESBORO,LA,71251,NOL,DIGSA,Female/Male,29.864312,904.688623,79.245509,3.485030,1.874251,14.832335,965.664671,1.586826,7.209581,0.754491,1.664671,5.299401,981.574850,342.736527,500,ODO,12/12/2024,,PBNDS 2011 - 2016 Revised,Pass
2025-03-17,JEFFERSON COUNTY JAIL,219 EAST FREMONT AVENUE,RIGBY,ID,83442,SLC,IGSA,Female/Male,2.437500,0.568862,0.682635,1.239521,0.646707,2.455090,0.646707,0.029940,0.005988,0.035928,0.149701,0.095808,2.856287,2.568862,N/A,ODO,7/18/2024,Scheduled,NDS 2019,Pass
2025-03-17,JOE CORLEY PROCESSING CTR,500 HILBIG RD,CONROE,TX,77301,HOU,IGSA,Female/Male,27.171598,718.221557,64.556886,23.071856,11.508982,54.089820,763.269461,0.000000,0.000000,17.640719,9.766467,14.826347,775.125749,690.467066,N/A,ODO,12/19/2024,,NDS 2019,Pass
2025-03-17,KANDIYOHI COUNTY JAIL,2201 23RD ST NE,WILLMAR,MN,56201,SPM,IGSA,Female/Male,52.285714,26.317365,20.383234,71.077844,24.604790,75.275449,55.365269,7.497006,4.245509,29.598802,11.562874,8.287425,92.934132,103.754491,N/A,ODO,3/13/2025,,NDS 2019,Pass
2025-03-17,KARNES COUNTY CORRECTIONAL CENTER,810 COMMERCE STREET,KARNES CITY,TX,78118,SNA,USMS IGA,Female/Male,1.142857,0.347305,0.215569,0.988024,0.047904,1.191617,0.401198,0.005988,0.000000,0.365269,0.670659,0.149701,0.413174,1.598802,N/A,ORSA,4/12/2024,Scheduled,ORSA NDS 2019,Pass
2025-03-17,KARNES COUNTY IMMIGRATION PROCESSING CENTER,409 FM 1144,KARNES CITY,TX,78118,SNA,DIGSA,Female/Male,44.661355,908.670659,16.359281,1.143713,0.047904,7.335329,639.664671,2.550898,276.670659,0.000000,0.341317,5.664671,920.215569,525.766467,928,ODO,3/21/2024,Scheduled,PBNDS 2011 - 2016 Revised,Pass
2025-03-17,KAY CO JUSTICE FACILITY,1101 WEST DRY ROAD,NEWKIRK,OK,74647,CHI,IGSA,Female/Male,77.428571,38.994012,22.053892,20.215569,12.341317,42.700599,50.904192,0.000000,0.000000,10.508982,8.604790,7.437126,67.053892,76.371257,N/A,ODO,3/7/2025,,NDS 2019,Pending Final Report
2025-03-17,KNOX COUNTY DETENTION FACILITY,5001 MALONEYVILLE RD,KNOXVILLE,TN,37918,NOL,USMS IGA,Female/Male,1.718310,2.514970,3.598802,3.323353,1.389222,5.718563,4.467066,0.161677,0.479042,0.017964,0.053892,0.047904,10.706587,6.437126,N/A,ODO,9/26/2024,Scheduled,NDS 2019,Pass
2025-03-17,KROME NORTH SERVICE PROCESSING CENTER,18201 SW 12TH ST,MIAMI,FL,33194,MIA,SPC,Male,46.278195,92.017964,33.335329,262.269461,291.275449,411.754491,266.335329,0.592814,0.215569,151.497006,41.874251,35.377246,450.149701,446.047904,450,ODO,9/12/2024,Scheduled,PBNDS 2011 - 2016 Revised,Pass
2025-03-17,LA SALLE COUNTY REGIONAL DETENTION CENTER,832 EAST TEXAS STATE HIGHWAY 44,ENCINAL,TX,78019,SNA,USMS IGA,Male,,8.910180,0.706587,0.000000,0.071856,0.383234,9.305389,0.000000,0.000000,0.000000,0.023952,0.191617,9.473054,7.982036,N/A,,2/7/2025,,,Pending Final Report
2025-03-17,LAREDO PROCESSING CENTER,4702 EAST SAUNDERS STREET,LAREDO,TX,78041,HLG,DIGSA,Female/Male,16.805970,335.383234,3.868263,2.976048,4.940120,0.095808,5.107784,9.730539,332.233533,1.479042,1.491018,5.371257,338.826347,205.155689,N/A,ODO,9/12/2024,Scheduled,NDS 2019,Pass
2025-03-17,LEAVENWORTH US PENITENTIARY,1300 METROPOLITAN AVE.,LEAVENWORTH,KS,66048,CHI,BOP,Female/Male,,5.652695,1.461078,3.574850,4.359281,8.161677,6.886228,0.000000,0.000000,4.041916,1.293413,1.203593,8.508982,14.293413,N/A,N/A,N/A,,N/A,N/A
2025-03-17,LEXINGTON COUNTY JAIL,521 GIBSON ROAD,LEXINGTON,SC,29072,ATL,USMS IGA,Female/Male,1.745763,0.916168,1.485030,0.706587,0.311377,1.688623,1.395210,0.059880,0.275449,0.035928,0.029940,0.035928,3.317365,1.970060,N/A,ODO,8/8/2024,Scheduled,NDS 2019,Pass
2025-03-17,LIMESTONE COUNTY DETENTION CENTER,910 NORTH TYUS STREET,GROESBECK,TX,76642,HOU,USMS IGA,Male,30.521739,15.862275,1.670659,3.646707,2.790419,5.712575,18.257485,0.000000,0.000000,0.395210,0.652695,1.137725,21.784431,18.742515,N/A,ODO,9/26/2024,Scheduled,NDS 2019,Pass
2025-03-17,LINCOLN COUNTY JAIL,3020 N JEFFERS,NORTH PLATTE,NE,69101,SPM,USMS IGA,Female/Male,1.000000,0.317365,0.155689,0.610778,0.173653,0.940120,0.263473,0.000000,0.053892,0.005988,0.011976,0.000000,1.239521,0.676647,N/A,,12/23/2024,,,Pending Final Report
2025-03-17,MARION COUNTY JAIL,40 SOUTH ALABAMA STREET,INDIANAPOLIS,IN,46204,CHI,USMS IGA,Female/Male,,3.455090,1.383234,2.107784,1.191617,3.359281,4.736527,0.000000,0.041916,0.598802,0.431138,0.730539,6.377246,3.167665,N/A,ORSA,12/31/2023,,ORSA NDS 2019,Pass
2025-03-17,MESA VERDE ICE PROCESSING CENTER,425 GOLDEN STATE AVE,BAKERSFIELD,CA,93301,SFR,CDF,Female/Male,307.333333,0.000000,2.461078,12.586826,35.652695,50.700599,0.000000,0.000000,0.000000,36.724551,1.868263,0.485030,11.622754,42.131737,320,ODO,6/13/2024,Scheduled,PBNDS 2011 - 2016 Revised,Pass
2025-03-17,MIAMI FEDERAL DETENTION,33 NE 4 STREET,MIAMI,FL,33132,MIA,BOP,Female/Male,,10.497006,8.371257,38.491018,21.053892,38.071856,40.341317,0.000000,0.000000,14.868263,9.077844,7.143713,47.323353,27.532934,N/A,N/A,N/A,,N/A,N/A
2025-03-17,MIAMI STAGING FACILITY,UNAVAILABLE,MIAMI,FL,33101,MIA,STAGING,Female/Male,0.024390,1.604790,0.742515,0.544910,0.281437,0.197605,0.269461,0.664671,2.041916,0.065868,0.017964,0.137725,2.952096,1.754491,N/A,N/A,N/A,,N/A,N/A
2025-03-17,MONROE COUNTY DETENTION-DORM,7000 EAST DUNBAR ROAD,MONROE,MI,48161,DET,IGSA,Male,79.700000,63.532934,15.694611,1.934132,1.113772,6.293413,75.778443,0.000000,0.203593,0.520958,1.640719,2.676647,77.437126,36.802395,N/A,ODO,3/13/2025,,NDS 2019,Pending Final Report
2025-03-17,MONTGOMERY ICE PROCESSING CENTER,806 HILBIG RD,CONROE,TX,77301,HOU,CDF,Female/Male,27.140351,149.556886,561.425150,355.269461,160.976048,661.017964,455.497006,51.688623,59.023952,245.670659,156.431138,167.401198,657.724551,852.682635,750,ODO,12/5/2024,Scheduled,PBNDS 2011 - 2016 Revised,Pass
2025-03-17,MOSHANNON VALLEY PROCESSING CENTER,555 GEO DRIVE,PHILIPSBURG,PA,16866,PHI,DIGSA,Female/Male,128.500000,205.245509,96.467066,542.275449,402.059880,705.652695,492.023952,26.479042,21.892216,260.982036,83.952096,86.233533,814.880240,797.047904,800,ODO,3/6/2025,,PBNDS 2011 - 2016 Revised,Pending Final Report
2025-03-17,NASSAU COUNTY CORRECTIONAL CENTER,100 CARMAN AVENUE,EAST MEADOW,NY,11554,NYC,USMS IGA,Female/Male,,1.712575,0.317365,0.389222,0.383234,1.023952,1.778443,0.000000,0.000000,0.053892,0.029940,0.017964,2.700599,2.401198,N/A,,,,,
2025-03-17,NEVADA SOUTHERN DETENTION CENTER,2190 EAST MESQUITE AVENUE,PAHRUMP,NV,89060,SLC,USMS CDF,Female/Male,87.636364,91.844311,81.479042,54.880240,45.556886,171.862275,101.700599,0.197605,0.000000,58.323353,34.916168,21.850299,158.670659,199.502994,N/A,ODO, 9/19/2024,Scheduled,NDS 2019,Pass
2025-03-17,NEW HANOVER COUNTY JAIL,3950 JUVENILE RD,CASTLE HAYNE,NC,28429,ATL,USMS IGA,Female/Male,2.535714,0.293413,0.239521,0.299401,0.520958,0.898204,0.437126,0.017964,0.000000,0.017964,0.017964,0.000000,1.317365,0.856287,N/A,ODO,8/22/2024,Scheduled,NDS 2019,Pass
2025-03-17,NORTHEAST OHIO CORRECTIONAL CENTER,2240 HUBBARD ROAD,YOUNGSTOWN,OH,44505,DET,USMS IGA,Male,,8.658683,4.000000,3.245509,3.059880,6.778443,12.185629,0.000000,0.000000,2.640719,1.658683,2.089820,12.574850,12.508982,N/A,,,,,
2025-03-17,NORTHWEST ICE PROCESSSING CENTER,1623 E. J STREET,TACOMA,WA,98421,SEA,CDF,Female/Male,85.264151,452.359281,89.413174,157.293413,180.718563,320.946108,454.401198,39.754491,64.682635,187.514970,45.904192,32.347305,614.017964,614.461078,"1,181",ODO,1/30/2025,,PBNDS 2011 - 2016 Revised,Pass
2025-03-17,NORTHWEST STATE CORRECTIONAL CENTER,3649 LOWER NEWTON ROAD,SWANTON,VT,05488,BOS,USMS IGA,Female/Male,2.101449,5.514970,0.149701,0.227545,0.131737,0.401198,5.592814,0.000000,0.029940,0.000000,0.005988,0.113772,5.904192,3.940120,N/A,ODO,6/27/2024,Scheduled,NDS 2019,Pass
2025-03-17,OLDHAM COUNTY JAIL,100 W MAIN STREET,LA GRANGE,KY,40031,CHI,USMS IGA,Female/Male,2.187500,2.880240,1.053892,2.574850,1.712575,5.125749,2.934132,0.047904,0.113772,1.131737,1.227545,0.844311,5.017964,3.892216,N/A,ODO,9/19/2024,Scheduled,NDS 2019,Pass
2025-03-17,ORANGE COUNTY JAIL (FL),3855 SOUTH JOHN YOUNG PARKWAY,ORLANDO,FL,32839,MIA,USMS IGA,Female/Male,2.278689,1.892216,1.556886,2.670659,1.365269,2.688623,3.562874,0.335329,0.898204,0.047904,0.017964,0.000000,7.419162,3.928144,N/A,ODO,8/15/2024,Scheduled,NDS 2019,Pass
2025-03-17,ORANGE COUNTY JAIL (NY),110 WELLS FARM ROAD,GOSHEN,NY,10924,NYC,IGSA,Female/Male,38.300000,30.353293,27.898204,15.413174,15.317365,53.904192,35.077844,0.000000,0.000000,7.934132,11.095808,11.209581,58.742515,55.946108,N/A,ODO,12/12/2024,Scheduled,NDS 2019,Pass
2025-03-17,OTAY MESA DETENTION CENTER,7488 CALZADA DE LA FUENTE,SAN DIEGO,CA,92154,SND,CDF,Female/Male,20.201928,800.826347,470.119760,45.479042,46.215569,150.353293,953.958084,16.952096,241.377246,56.646707,24.922156,26.520958,1254.550898,461.544910,750,ODO,11/7/2024,Scheduled,PBNDS 2011 - 2016 Revised,Pass
2025-03-17,OTERO COUNTY PROCESSING CENTER,26 MCGREGOR RANGE ROAD,CHAPARRAL,NM,88081,ELP,DIGSA,Female/Male,21.712446,680.748503,88.538922,35.101796,11.988024,135.197605,513.772455,6.011976,161.395210,20.245509,14.005988,54.185629,727.940120,687.095808,500,ODO,11/7/2024,Scheduled,PBNDS 2011 - 2016 Revised,Pass
2025-03-17,PHELPS COUNTY JAIL,715 5TH AVENUE,HOLDREGE,NE,68949,SPM,USMS IGA,Female/Male,90.750000,1.005988,6.395210,10.245509,10.706587,23.946108,3.598802,0.808383,0.000000,3.389222,4.694611,1.275449,18.994012,20.658683,N/A,ODO,2/6/2025,,NDS 2019,Pending Final Report
2025-03-17,PICKENS COUNTY DET CTR,188 CEMETERY ST,CARROLLTON,AL,35447,NOL,IGSA,Female/Male,2.776923,8.023952,12.065868,11.251497,5.736527,15.592814,17.083832,2.425150,1.976048,0.556886,0.455090,0.532934,35.532934,25.443114,N/A,ODO,8/8/2024,Scheduled,NDS 2019,Pass
2025-03-17,PIKE COUNTY JAIL,175 PIKE COUNTY BOULEVARD,LORDS VALLEY,PA,18428,PHI,IGSA,Male,30.744186,104.059880,18.592814,32.976048,26.419162,64.305389,117.742515,0.000000,0.000000,10.029940,8.508982,10.155689,153.353293,149.125749,100,ODO,2/27/2025,,PBNDS 2011 - 2016 Revised,Pending Final Report
2025-03-17,PINE PRAIRIE ICE PROCESSING CENTER,1133 HAMPTON DUPRE ROAD,PINE PRAIRIE,LA,70576,NOL,DIGSA,Male,28.938356,288.718563,118.694611,160.335329,95.742515,271.994012,390.958084,0.299401,0.239521,31.473054,23.251497,29.149701,579.616766,535.437126,N/A,ODO,8/1/2024,Scheduled,PBNDS 2011 - 2016 Revised,Pass
2025-03-17,PINELLAS COUNTY JAIL,14400 49TH STREET NORTH,CLEARWATER,FL,33762,MIA,USMS IGA,Female/Male,1.663366,1.892216,2.125749,2.383234,0.754491,3.155689,3.598802,0.107784,0.293413,0.029940,0.059880,0.071856,6.994012,3.952096,N/A,ODO,9/26/2024,Scheduled,NDS 2019,Pass
2025-03-17,PLATTE COUNTY JAIL,850 MAPLE STREET,WHEATLAND,WY,82201,DEN,USMS IGA,Female/Male,1.750000,0.425150,0.455090,0.485030,0.149701,0.880240,0.634731,0.000000,0.000000,0.089820,0.041916,0.089820,1.293413,1.041916,N/A,ORSA,3/22/2024,,ORSA NDS 2019,Pass
2025-03-17,PLYMOUTH COUNTY CORRECTIONAL FACILITY,26 LONG POND ROAD,PLYMOUTH,MA,02360,BOS,IGSA,Male,78.284153,145.562874,25.281437,120.155689,114.700599,138.964072,266.275449,0.287425,0.173653,41.814371,10.449102,14.574850,338.862275,219.065868,N/A,ODO,11/21/2024,Scheduled,NDS 2019,Pass
2025-03-17,POLK COUNTY JAIL,1985 NE 51ST PLACE,DES MOINES,IA,50313,SPM,USMS IGA,Female/Male,87.666667,4.083832,10.862275,9.616766,10.820359,30.455090,4.502994,0.035928,0.389222,7.335329,1.203593,1.520958,25.323353,30.964072,N/A,ODO,2/16/2025,,NDS 2019,Pass
2025-03-17,PORT ISABEL SPC,27991 BUENA VISTA BOULEVARD,LOS FRESNOS,TX,78566,HLG,SPC,Female/Male,7.805763,978.371257,28.317365,0.850299,4.700599,99.431138,912.137725,0.101796,0.568862,25.568862,26.910180,37.065868,922.694611,528.071856,650,ODO,9/12/2024,Scheduled,PBNDS 2011 - 2016 Revised,Pass
2025-03-17,POTTAWATTAMIE COUNTY JAIL,1400 BIG LAKE ROAD,COUNCIL BLUFFS,IA,51501,SPM,USMS IGA,Female/Male,52.125000,2.071856,4.514970,10.083832,17.598802,30.748503,3.047904,0.155689,0.317365,6.227545,1.658683,1.227545,25.155689,29.730539,N/A,ODO,10/24/2024,Scheduled,NDS 2019,Pass
2025-03-17,PRAIRIELAND DETENTION CENTER,1209 SUNFLOWER LN,ALVARADO,TX,76009,DAL,DIGSA,Female/Male,9.580882,251.053892,83.898204,202.988024,122.532934,269.898204,333.982036,21.544910,35.047904,103.946108,58.449102,43.856287,454.221557,408.449102,525,ODO,12/19/2024,,PBNDS 2011 - 2016 Revised,Pass
2025-03-17,PRINCE EDWARD COUNTY (FARMVILLE),508 WATERWORKS ROAD,FARMVILLE,VA,23901,WAS,DIGSA,Male,87.681159,149.485030,68.167665,128.209581,141.850299,272.538922,215.047904,0.000000,0.125749,80.946108,32.706587,33.952096,340.107784,303.389222,459,ODO,12/19/2024,Scheduled,PBNDS 2011 - 2016 Revised,Pass
2025-03-17,RICHWOOD CORRECTIONAL CENTER,180 PINE BAYOU CIRCLE,MONROE,LA,71202,NOL,DIGSA,Male,33.281755,767.443114,27.838323,5.760479,4.341317,13.802395,28.508982,8.676647,754.395210,3.928144,4.353293,7.065868,790.035928,314.694611,677,ODO,11/7/2024,Scheduled,PBNDS 2011 - 2016 Revised,Pass
2025-03-17,RIO GRANDE DETENTION CENTER,1001 SAN RIO BOULEVARD,LAREDO,TX,78046,HLG,USMS CDF,Male,96.962500,616.610778,6.610778,1.449102,1.245509,18.239521,607.395210,0.000000,0.281437,1.790419,5.766467,10.640719,607.718563,347.209581,275,ODO,1/9/2025,,NDS 2019,Pass
2025-03-17,RIVER CORRECTIONAL CENTER,26362 HIGHWAY 15,FERRIDAY,LA,71334,NOL,DIGSA,Male,73.529126,488.958084,61.820359,1.317365,0.754491,11.353293,541.263473,0.000000,0.233533,1.455090,1.766467,2.586826,547.041916,282.568862,361,ODO,11/21/2024,Scheduled,PBNDS 2011 - 2016 Revised,Pass
2025-03-17,ROBERT A DEYTON DETENTION FACILITY,11866 HASTINGS BRIDGE ROAD P.O. BOX 429,LOVEJOY,GA,30250,ATL,USMS CDF,Female/Male,1.297872,1.664671,1.808383,2.586826,0.814371,3.652695,3.221557,0.000000,0.000000,0.239521,0.089820,0.035928,6.508982,4.916168,N/A,ODO,11/16/2023,Scheduled,NDS 2019,Pass
2025-03-17,SAIPAN DEPARTMENT OF CORRECTIONS (SUSUPE),"VICENTE T. SEMAN BLDG, CIVIC CENTER",SAIPAN,MP,96950,SFR,USMS IGA,Female/Male,,2.179641,1.934132,0.562874,0.000000,3.005988,1.191617,0.000000,0.479042,1.455090,0.586826,0.000000,2.634731,3.646707,N/A,ORSA,3/8/2024,Scheduled,ORSA NDS 2019,Pass
2025-03-17,SALT LAKE COUNTY METRO JAIL,3415 SOUTH 900 WEST,SALT LAKE CITY,UT,84119,SLC,USMS IGA,Female/Male,2.037975,1.000000,4.335329,0.473054,0.113772,3.934132,1.562874,0.215569,0.209581,0.664671,0.131737,0.143713,4.982036,4.688623,N/A,ODO,9/27/2024,Scheduled,NDS 2019,Pass
2025-03-17,SAN JUAN STAGING,"651 FEDERAL DRIVE, SUITE 104",GUAYNABO,PR,00965,MIA,STAGING,Female/Male,2.392157,4.281437,0.251497,0.592814,0.179641,0.670659,4.047904,0.041916,0.544910,0.233533,0.059880,0.011976,5.000000,2.622754,N/A,N/A,N/A,,N/A,N/A
2025-03-17,SAN LUIS REGIONAL DETENTION CENTER,406 NORTH AVENUE D,SAN LUIS,AZ,85349,SND,IGSA,Female/Male,6.542857,38.610778,7.203593,0.479042,1.077844,2.610778,34.395210,0.137725,10.227545,0.778443,0.119760,0.239521,46.233533,20.772455,100,ODO,9/26/2024,Scheduled,NDS 2019,Pass
2025-03-17,SENECA COUNTY JAIL,3040 SOUTH STATE HIGHWAY 100,TIFFIN,OH,44883,DET,IGSA,Female/Male,84.250000,17.017964,11.772455,15.520958,18.167665,45.772455,13.353293,2.173653,1.179641,13.748503,3.688623,4.455090,40.586826,49.556886,N/A,ODO,10/31/2024,Scheduled,NDS 2019,Pass
2025-03-17,SHERBURNE COUNTY JAIL,13880 BUSINESS CENTER DRIVE,ELK RIVER,MN,55330,SPM,IGSA,Female/Male,1.000000,4.592814,5.598802,9.281437,2.760479,12.197605,9.239521,0.407186,0.389222,4.874251,1.814371,2.305389,13.239521,16.251497,N/A,ODO,5/2/2024,Scheduled,NDS 2019,Pass
2025-03-17,SOUTH CENTRAL REGIONAL JAIL,1001 CENTER WAY,CHARLESTON,WV,25309,PHI,IGSA,Female/Male,5.526316,2.227545,1.766467,1.880240,1.167665,4.035928,3.005988,0.000000,0.000000,0.455090,0.311377,0.520958,5.754491,4.820359,N/A,ODO,9/26/2024,Scheduled,NDS 2019,Pass
2025-03-17,SOUTH LOUISIANA ICE PROCESSING CENTER,3843 STAGG AVENUE,BASILE,LA,70515,NOL,DIGSA,Female/Male,45.152381,603.826347,100.886228,92.664671,35.251497,2.353293,4.179641,112.245509,713.850299,53.437126,23.077844,20.916168,735.197605,414.329341,700,ODO,8/29/2024,Scheduled,PBNDS 2011 - 2016 Revised,Pass
2025-03-17,SOUTH TEXAS ICE PROCESSING CENTER,566 VETERANS DRIVE,PEARSALL,TX,78061,SNA,CDF,Female/Male,49.876238,1299.083832,106.125749,188.724551,68.197605,334.257485,1291.437126,21.317365,15.119760,78.970060,75.389222,171.886228,1335.886228,1002.041916,"1,350",ODO,2/6/2025,,PBNDS 2011 - 2016 Revised,Pending Final Report
2025-03-17,ST. CLAIR COUNTY JAIL,1170 MICHIGAN ROAD,PORT HURON,MI,48060,DET,IGSA,Male,128.250000,46.287425,10.892216,10.275449,5.281437,21.197605,51.538922,0.000000,0.000000,5.023952,3.688623,4.101796,59.922156,52.497006,N/A,ODO,9/19/2024,Scheduled,NDS 2019,Pass
2025-03-17,STE. GENEVIEVE COUNTY SHERIFF/JAIL,5 BASLER DR.,STE. GENEVIEVE,MO,63670,CHI,USMS IGA,,,0.071856,1.113772,0.742515,0.215569,1.011976,0.982036,0.000000,0.149701,0.395210,0.245509,0.137725,1.365269,1.047904,N/A,,,,,
2025-03-17,STEWART DETENTION CENTER,146 CCA ROAD,LUMPKIN,GA,31815,ATL,DIGSA,Female/Male,67.936893,743.311377,194.928144,371.562874,328.041916,670.502994,758.532934,46.676647,162.131737,258.173653,131.311377,99.952096,1148.407186,1030.083832,"1,600",ODO,8/1/2024,Scheduled,PBNDS 2011 - 2016 Revised,Pass
2025-03-17,STRAFFORD COUNTY CORRECTIONS,266 COUNTY FARM ROAD,DOVER,NH,03820,BOS,IGSA,Female/Male,148.842105,0.000000,0.000000,49.161677,41.335329,44.574850,32.616766,6.742515,6.562874,22.646707,7.245509,6.730539,53.874251,55.886228,N/A,ODO,9/12/2024,Scheduled,NDS 2019,Pass
2025-03-17,SWEETWATER COUNTY JAIL,50140 UNITED STATES HIGHWAY 191 SOUTH,ROCK SPRINGS,WY,82935,DEN,USMS IGA,Female/Male,3.500000,0.233533,0.520958,0.610778,0.065868,1.035928,0.287425,0.000000,0.107784,0.197605,0.023952,0.017964,1.191617,1.179641,N/A,ORSA,3/26/2024,Scheduled,ORSA NDS 2019,Pass
2025-03-17,T DON HUTTO DETENTION CENTER,1001 WELCH STREET,TAYLOR,TX,76574,SNA,DIGSA,Male,72.062500,199.982036,40.634731,114.065868,69.143713,235.047904,188.778443,0.000000,0.000000,62.562874,57.772455,101.143713,202.347305,288.017964,461,ODO,12/19/2024,,PBNDS 2011 - 2016 Revised,Pass
2025-03-17,"TORRANCE/ESTANCIA, NM",209 COUNTY ROAD 49,ESTANCIA,NM,87016,ELP,IGSA,Male,32.595349,323.502994,52.000000,7.634731,4.143713,51.598802,335.682635,0.000000,0.000000,2.221557,1.353293,20.508982,363.197605,255.622754,505,ODO,10/24/2024,Scheduled,PBNDS 2011 - 2016 Revised,Pass
2025-03-17,TULSA COUNTY JAIL (DAVID L. MOSS JUSTICE CTR),300 NORTH DENVER AVENUE,TULSA,OK,74103,DAL,IGSA,Female/Male,2.344444,5.868263,3.760479,2.508982,1.287425,6.053892,5.868263,0.359281,1.143713,0.796407,0.299401,0.413174,11.916168,5.317365,N/A,ODO,9/19/2024,Scheduled,NDS 2019,Pass
2025-03-17,TWO BRIDGES REGIONAL JAIL,522 BATH RD,WISCASSET,ME,04578,BOS,USMS IGA,,,0.000000,0.000000,1.095808,0.844311,0.814371,1.125749,0.000000,0.000000,0.467066,0.101796,0.245509,1.125749,0.574850,N/A,,,,,
2025-03-17,WASHINGTON COUNTY DETENTION CENTER,1155 WEST CLYDESDALE DRIVE,FAYETTEVILLE,AR,72701,NOL,USMS IGA,Female/Male,1.734694,0.922156,1.119760,1.203593,0.401198,1.371257,2.089820,0.065868,0.119760,0.083832,0.029940,0.011976,3.520958,2.389222,N/A,ODO,11/2/2023,Scheduled,NDS 2019,Pass
2025-03-17,WASHOE COUNTY JAIL,911 PARR BLVD 775 328 3308,RENO,NV,89506,SLC,USMS IGA,Female/Male,19.703704,0.814371,2.023952,3.443114,3.700599,7.928144,1.742515,0.251497,0.059880,2.383234,0.203593,0.473054,6.922156,8.676647,N/A,ODO,11/7/2024,Scheduled,NDS 2019,Pass
2025-03-17,WEBB COUNTY DETENTION CENTER (CCA),9998 SOUTH HIGHWAY 83,LAREDO,TX,78041,HLG,DIGSA,Female/Male,18.958333,234.455090,4.335329,27.724551,52.934132,32.844311,247.029940,4.694611,34.880240,15.724551,8.802395,8.275449,286.646707,191.796407,250,ODO,2/6/2025,,PBNDS 2011 - 2016 Revised,Pending Final Report
2025-03-17,WINN CORRECTIONAL CENTER,560 GUM SPRING ROAD,WINNFIELD,LA,71483,NOL,DIGSA,Male,105.030516,1013.023952,214.772455,187.005988,94.580838,286.017964,1222.898204,0.437126,0.029940,59.401198,48.550898,41.808383,1359.622754,839.688623,946,ODO,1/16/2025,,PBNDS 2011 - 2016 Revised,Pass
2025-03-17,WYATT DETENTION CENTER,950 HIGH STREET,CENTRAL FALLS,RI,02863,BOS,USMS IGA,Male,67.937500,16.221557,4.077844,42.329341,49.197605,58.467066,50.119760,1.413174,1.826347,22.389222,2.754491,2.694611,83.988024,71.592814,N/A,ODO,9/19/2024,Scheduled,NDS 2019,Pass
2025-03-03,ADAMS COUNTY DET CENTER,20 HOBO FORK RD.,NATCHEZ,MS,39120,NOL,DIGSA,Female/Male,30.569568,1873.444444,270.398693,5.601307,3.522876,11.045752,2141.921569,0.000000,0.000000,0.784314,0.614379,1.522876,2150.045752,394.620915,"1,100",ODO,1/16/2025,,PBNDS 2011 - 2016 Revised,Pending Final Report
2025-03-03,ADELANTO ICE PROCESSING CENTER,10250 RANCHO ROAD,ADELANTO,CA,92301,LOS,CDF,Female/Male,1796.000000,3.941176,2.830065,14.111111,22.111111,34.222222,8.771242,0.000000,0.000000,22.235294,7.084967,2.732026,10.941176,23.294118,640,ODO,7/18/2024,Scheduled,PBNDS 2011 - 2016 Revised,Pass
2025-03-03,ALAMANCE COUNTY DETENTION FACILITY,109 SOUTH MAPLE STREET,GRAHAM,NC,27253,ATL,IGSA,Female/Male,4.434911,4.065359,3.366013,5.862745,6.411765,14.130719,5.333333,0.111111,0.130719,0.673203,0.235294,0.052288,18.745098,14.379085,40,ODO,9/19/2024,Scheduled,NDS 2019,Pass
2025-03-03,ALEXANDRIA STAGING FACILITY,96 GEORGE THOMPSON DRIVE,ALEXANDRIA,LA,71303,NOL,STAGING,Male,3.075916,136.163399,46.385621,75.326797,51.058824,143.398693,165.444444,0.045752,0.045752,56.313725,31.751634,36.535948,184.333333,304.679739,N/A,ODO,8/29/2024,Scheduled,PBNDS 2011 - 2016 Revised,Pass
2025-03-03,ALLEN PARISH PUBLIC SAFETY COMPLEX,7340 HIGHWAY 26 WEST,OBERLIN,LA,70655,NOL,IGSA,Male,59.500000,100.352941,30.287582,33.326797,10.633987,49.823529,124.777778,0.000000,0.000000,17.392157,7.215686,6.274510,143.718954,99.692810,170,ODO,12/12/2024,Scheduled,PBNDS 2011 - 2016 Revised,Pass
2025-03-03,ATLANTA US PEN,"601 MCDONOUGH BOULEVARD, SE",ATLANTA,GA,30315,ATL,BOP,Female/Male,,11.013072,1.869281,2.052288,1.882353,4.862745,11.954248,0.000000,0.000000,1.928105,1.039216,0.418301,13.431373,16.111111,N/A,N/A,N/A,,N/A,N/A
2025-03-03,BAKER COUNTY SHERIFF DEPT.,1 SHERIFF OFFICE DRIVE,MACCLENNY,FL,32063,MIA,IGSA,Female/Male,61.549020,26.130719,39.104575,88.516340,88.052288,156.836601,52.503268,20.673203,11.790850,47.862745,21.620915,13.464052,158.856209,172.921569,192,ODO,10/24/2024,Scheduled,NDS 2019,Pass
2025-03-03,BLUEBONNET DETENTION FACILITY,400 2ND STREET,ANSON,TX,79501,DAL,DIGSA,Male,56.166667,290.333333,159.647059,240.660131,105.163399,335.326797,399.294118,8.895425,52.287582,77.836601,51.006536,77.437908,589.522876,468.692810,750,ODO,12/12/2024,,PBNDS 2011 - 2016 Revised,Pass
2025-03-03,BOONE COUNTY JAIL,3020 CONRAD LANE,BURLINGTON,KY,41005,CHI,USMS IGA,Female/Male,86.000000,25.614379,21.058824,32.640523,56.862745,99.869281,31.215686,4.254902,0.836601,36.228758,10.294118,9.830065,79.823529,95.607843,N/A,ODO,11/21/2024,,NDS 2019,Pass
2025-03-03,BROWARD COUNTY JAIL,555 SE 1ST AVENUE,FT.LAUDERDALE,FL,33301,MIA,IGSA,Female/Male,,0.307190,0.176471,0.875817,0.189542,0.235294,1.130719,0.039216,0.143791,0.000000,0.000000,0.006536,1.542484,0.790850,N/A,N/A,N/A,,N/A,N/A
2025-03-03,BROWARD TRANSITIONAL CENTER,3900 NORTH POWERLINE ROAD,POMPANO BEACH,FL,33073,MIA,CDF,Female/Male,48.847561,496.235294,157.124183,3.542484,0.751634,123.091503,437.450980,14.836601,82.274510,15.607843,30.614379,38.431373,573.000000,386.222222,700,ODO,12/19/2024,,PBNDS 2011 - 2016 Revised,Pass
2025-03-03,BUFFALO SERVICE PROCESSING CENTER,4250 FEDERAL DRIVE,BATAVIA,NY,14020,BUF,SPC,Female/Male,63.213333,231.653595,44.581699,131.954248,152.052288,253.771242,306.470588,0.000000,0.000000,130.235294,19.379085,19.045752,391.581699,408.712418,400,ODO,10/31/2024,Scheduled,PBNDS 2011 - 2016 Revised,Pass
2025-03-03,CALHOUN COUNTY CORRECTIONAL CENTER,185 EAST MICHIGAN AVENUE,BATTLE CREEK,MI,49014,DET,IGSA,Female/Male,67.696970,56.117647,35.326797,31.973856,16.653595,50.398693,75.418301,2.758170,11.496732,16.732026,7.104575,13.986928,102.248366,101.300654,75,ODO,8/22/2024,Scheduled,NDS 2019,Pass
2025-03-03,CAROLINE DETENTION FACILITY,11093 S.W. LEWIS MEMORIAL DRIVE,BOWLING GREEN,VA,22427,WAS,DIGSA,Female/Male,96.446281,110.045752,31.241830,60.921569,77.333333,127.875817,139.189542,8.823529,3.653595,49.947712,14.620915,17.692810,197.281046,138.509804,224,ODO,7/11/2024,Scheduled,PBNDS 2011 - 2016 Revised,Pass
2025-03-03,"CCA, FLORENCE CORRECTIONAL CENTER",1100 BOWLING ROAD,FLORENCE,AZ,85132,PHO,USMS IGA,Male,70.158333,50.666667,41.235294,143.967320,140.019608,233.562092,142.326797,0.000000,0.000000,89.568627,27.712418,27.503268,231.104575,211.287582,N/A,ODO,12/12/2024,,NDS 2019,Pass
2025-03-03,CENTRAL LOUISIANA ICE PROCESSING CENTER (CLIPC),830 PINEHILL ROAD,JENA,LA,71342,NOL,DIGSA,Female/Male,13.669118,413.235294,217.640523,348.052288,204.392157,522.320261,660.189542,0.457516,0.352941,136.183007,62.888889,69.130719,915.117647,822.973856,"1,170",ODO,1/9/2025,,PBNDS 2011 - 2016 Revised,Pass
2025-03-03,CHASE COUNTY JAIL,301 SOUTH WALNUT STREET,COTTONWOOD FALL,KS,66845,CHI,IGSA,Female/Male,54.466667,17.947712,17.516340,33.346405,17.692810,47.202614,31.045752,5.352941,2.901961,13.045752,7.954248,7.215686,58.287582,72.960784,N/A,ODO,8/22/2024,Scheduled,NDS 2019,Pass
2025-03-03,CHIPPEWA COUNTY SSM,325 COURT STREET,SAULT STE MARIE,MI,49783,DET,IGSA,Female/Male,69.000000,8.346405,2.882353,7.052288,6.313725,11.738562,12.856209,0.000000,0.000000,8.150327,1.209150,1.751634,13.483660,17.699346,N/A,ODO,4/25/2024,Scheduled,NDS 2019,Pass
2025-03-03,CHITTENDEN REGIONAL CORRECTIONAL FACILITY,7 FARRELL STREET,SOUTH BURLINGTON,VT,05403,BOS,USMS IGA,Female/Male,2.500000,1.725490,0.026144,0.006536,0.000000,0.000000,0.000000,0.052288,1.705882,0.000000,0.000000,0.000000,1.758170,1.084967,N/A,ORSA,4/12/2024,Scheduled,ORSA NDS 2019,Pass
2025-03-03,CIBOLA COUNTY CORRECTIONAL CENTER,2000 CIBOLA LOOP,MILAN,NM,87021,ELP,IGSA,Male,26.982143,146.006536,14.647059,0.385621,0.483660,13.032680,148.490196,0.000000,0.000000,0.000000,0.111111,3.784314,157.627451,151.915033,N/A,ODO,2/27/2025,,PBNDS 2011 - 2016 Revised,Pending Final Report
2025-03-03,CLAY COUNTY JUSTICE CENTER,611 EAST JACKSON STREET,BRAZIL,IN,47834,CHI,USMS IGA,Female/Male,19.190476,49.300654,29.366013,90.470588,63.882353,137.901961,80.888889,7.790850,6.437908,30.339869,13.052288,14.359477,175.267974,152.084967,N/A,ODO,6/27/2024,Scheduled,NDS 2019,Pass
2025-03-03,CLINTON COUNTY CORRECTIONAL FACILITY,58 PINE MOUNTAIN RD.,MCELHATTAN,PA,17748,PHI,USMS IGA,Male,180.428571,2.555556,23.117647,36.398693,15.934641,71.875817,3.189542,2.006536,0.934641,27.954248,13.045752,1.209150,35.797386,66.738562,N/A,ODO,7/18/2024,Scheduled,NDS 2019,Pass
2025-03-03,CLINTON COUNTY JAIL,25 MCCARTHY DRIVE,PLATTSBURGH,NY,12901,BUF,USMS IGA,Female/Male,11.914286,1.921569,0.379085,1.732026,0.202614,0.477124,0.418301,0.712418,2.627451,0.738562,0.000000,0.052288,3.444444,2.352941,N/A,ODO,6/6/2024,Scheduled,NDS 2019,Pass
2025-03-03,COASTAL BEND DETENTION FACILITY,4909 FM 2826,ROBSTOWN,TX,78380,HLG,USMS IGA,Male,0.518987,0.901961,1.947712,0.281046,0.065359,1.333333,1.431373,0.039216,0.392157,0.150327,0.032680,0.071895,2.941176,2.653595,N/A,ODO,2/6/2025,,NDS 2019,Pending Final Report
2025-03-03,COLLIER COUNTY NAPLES JAIL CENTER,3347 TAMIAMI TRAIL E,NAPLES,FL,34112,MIA,IGSA,Female/Male,3.161538,5.620915,2.098039,2.490196,1.849673,6.111111,5.509804,0.196078,0.241830,0.137255,0.137255,0.307190,11.477124,7.797386,N/A,ODO,12/5/2024,,NDS 2019,Pass
2025-03-03,CUMBERLAND COUNTY JAIL,50 COUNTY WAY,PORTLAND,ME,04102,BOS,USMS IGA,Female/Male,7.084746,7.071895,1.039216,18.843137,16.549020,20.758170,16.098039,1.686275,4.960784,10.588235,0.915033,4.058824,27.941176,28.104575,N/A,ODO,9/12/2024,Scheduled,NDS 2019,Pass
2025-03-03,DAKOTA COUNTY JAIL,1601 BROADWAY,DAKOTA CITY,NE,68731,SPM,USMS IGA,Female/Male,2.500000,1.568627,1.300654,1.522876,1.071895,3.235294,2.143791,0.000000,0.084967,0.666667,0.150327,0.673203,3.973856,2.758170,N/A,ORSA,12/7/2024,,ORSA NDS 2019,Pass
2025-03-03,DALLAS COUNTY JAIL - LEW STERRETT JUSTICE CENTER,111 WEST COMMERCE STREET,DALLAS,TX,75202,DAL,USMS IGA,Female/Male,1.261818,10.581699,0.000000,0.013072,0.006536,3.718954,6.509804,0.143791,0.228758,1.000000,0.019608,0.006536,9.575163,3.261438,N/A,ODO,7/18/2024,Scheduled,NDS 2019,Pass
2025-03-03,DENVER CONTRACT DETENTION FACILITY,3130 OAKLAND ST,AURORA,CO,80010,DEN,CDF,Female/Male,47.161836,629.947712,185.797386,186.882353,137.803922,266.967320,810.065359,17.947712,45.450980,126.477124,58.026144,54.738562,901.189542,568.522876,600,ODO,8/15/2024,Scheduled,PBNDS 2011 - 2016 Revised,Pass
2025-03-03,DEPARTMENT OF CORRECTIONS HAGATNA,203 ASPINAL AVE. PO BOX 3236,HAGATNA,GU,96910,SFR,USMS IGA,Female/Male,,0.000000,0.901961,2.888889,0.450980,3.934641,0.307190,0.000000,0.000000,3.241830,0.437908,0.078431,0.483660,4.241830,N/A,ORSA,3/14/2024,Scheduled,ORSA NDS 2019,Pass
2025-03-03,DESERT VIEW ANNEX,10450 RANCHO ROAD,ADELANTO,CA,92301,LOS,CDF,Female/Male,37.470238,208.529412,25.581699,74.143791,98.712418,163.607843,243.359477,0.000000,0.000000,20.901961,7.640523,4.346405,374.078431,237.143791,480,ODO,8/15/2024,Scheduled,PBNDS 2011 - 2016 Revised,Pass
2025-03-03,DODGE COUNTY JAIL,215 WEST CENTRAL STREET,JUNEAU,WI,53039,CHI,USMS IGA,Female/Male,111.548387,8.568627,15.653595,45.359477,40.954248,87.267974,22.156863,0.156863,0.954248,26.614379,11.091503,8.196078,64.633987,79.594771,N/A,ODO,8/15/2024,Scheduled,NDS 2019,Pass
2025-03-03,EAST HIDALGO DETENTION CENTER,1330 HIGHWAY 107,LA VILLA,TX,78562,HLG,USMS IGA,Female/Male,1.500000,1.313725,0.241830,0.202614,0.156863,1.594771,0.300654,0.019608,0.000000,0.895425,0.091503,0.019608,0.908497,1.895425,N/A,ORSA,8/22/2024,Scheduled,ORSA NDS 2019,Pass
2025-03-03,EDEN DETENTION CTR,702 E BROADWAY ST,EDEN,TX,76837,DAL,USMS IGA,Male,27.031008,103.529412,5.013072,0.686275,0.333333,4.601307,104.960784,0.000000,0.000000,0.209150,0.392157,0.496732,108.464052,30.228758,N/A,ODO,2/27/2025,,NDS 2019,Pending Final Report
2025-03-03,EL PASO SERVICE PROCESSING CENTER,8915 MONTANA AVE.,EL PASO,TX,79925,ELP,SPC,Female/Male,42.984375,311.980392,189.901961,141.163399,82.738562,283.294118,239.013072,62.078431,141.398693,80.921569,64.640523,104.967320,475.254902,601.888889,450,ODO,2/13/2025,,PBNDS 2011 - 2016 Revised,Pending Final Report
2025-03-03,EL VALLE DETENTION FACILITY,1800 INDUSTRIAL DRIVE,RAYMONDVILLE,TX,78580,HLG,DIGSA,Female/Male,26.624204,756.875817,32.679739,32.496732,29.980392,105.196078,263.784314,17.300654,465.751634,32.163399,19.790850,18.326797,781.751634,467.026144,600,ODO,3/6/2025,,PBNDS 2011 - 2016 Revised,Pending Final Report
2025-03-03,ELIZABETH CONTRACT DETENTION FACILITY,625 EVANS STREET,ELIZABETH,NJ,07201,NEW,CDF,Female/Male,4.078772,82.849673,174.058824,15.986928,5.529412,53.333333,209.052288,1.084967,14.954248,4.150327,8.915033,15.437908,249.921569,129.882353,285,ODO,12/5/2024,,PBNDS 2011 - 2016 Revised,Pass
2025-03-03,ELOY FEDERAL CONTRACT FACILITY,1705 EAST HANNA RD.,ELOY,AZ,85131,PHO,DIGSA,Female/Male,13.599197,1041.228758,44.176471,111.575163,122.875817,157.176471,525.549020,74.601307,562.529412,91.045752,44.869281,66.542484,1117.398693,738.261438,900,ODO,10/31/2024,Scheduled,PBNDS 2011 - 2016 Revised,Pass
2025-03-03,ERIE COUNTY JAIL,DEPARTMENT OF CORRECTIONS 1618 ASH STREET,ERIE,PA,16503,PHI,USMS IGA,Female/Male,3.545455,0.607843,0.705882,0.111111,0.000000,0.150327,1.235294,0.000000,0.039216,0.000000,0.032680,0.000000,1.392157,0.862745,N/A,ORSA,3/20/2024,,ORSA NDS 2019,Pass
2025-03-03,FAYETTE COUNTY DETENTION CENTER,600 OLD FRANKFORD CR,LEXINGTON,KY,40510,CHI,USMS IGA,Female/Male,1.352941,0.189542,0.241830,0.339869,0.549020,0.862745,0.385621,0.019608,0.052288,0.026144,0.006536,0.006536,1.281046,0.901961,N/A,ODO,9/12/2024,Scheduled,NDS 2019,Pass
2025-03-03,FDC PHILADELPHIA,700 ARCH ST.,PHILADELPHIA,PA,19106,PHI,BOP,Female/Male,,5.562092,1.039216,1.856209,2.699346,4.712418,6.444444,0.000000,0.000000,2.450980,0.568627,0.640523,7.496732,5.653595,N/A,N/A,N/A,,N/A,N/A
2025-03-03,FLORENCE SERVICE PROCESSING CENTER,3250 NORTH PINAL PARKWAY,FLORENCE,AZ,85132,PHO,SPC,Male,6.629778,302.849673,70.882353,1.503268,1.464052,69.379085,307.228758,0.013072,0.078431,3.176471,3.483660,27.405229,342.633987,195.921569,392,ODO,2/13/2025,,PBNDS 2011 - 2016 Revised,Pending Final Report
2025-03-03,FLORENCE STAGING FACILITY,3250 NORTH PINAL PARKWAY,FLORENCE,AZ,85232,PHO,STAGING,Male,3.390289,108.614379,35.679739,21.189542,9.437908,46.666667,124.653595,1.006536,2.594771,3.045752,2.071895,2.392157,167.411765,113.156863,N/A,ODO,12/12/2024,Scheduled,PBNDS 2011 - 2016 Revised,Pass
2025-03-03,FOLKSTON ANNEX IPC,3424 HIGHWAY 252 EAST,FOLKSTON,GA,31537,ATL,DIGSA,Male,62.876106,187.509804,23.241830,35.928105,16.104575,58.333333,204.450980,0.000000,0.000000,18.614379,4.627451,7.588235,231.954248,154.084967,338,ODO,1/28/2025,,PBNDS 2011 - 2016 Revised,Pending Final Report
2025-03-03,FOLKSTON MAIN IPC,3026 HWY 252 EAST,FOLKSTON,GA,31537,ATL,DIGSA,Male,44.281250,348.784314,124.594771,87.084967,39.588235,161.411765,438.274510,0.137255,0.228758,33.777778,22.065359,26.705882,517.503268,373.183007,544,ODO,1/28/2025,,PBNDS 2011 - 2016 Revised,Pending Final Report
2025-03-03,FREEBORN COUNTY ADULT DETENTION CENTER,411 SOUTH BROADWAY AVENUE,ALBERT LEA,MN,56007,SPM,IGSA,Male,78.333333,15.130719,10.751634,38.189542,10.522876,42.183007,32.411765,0.000000,0.000000,13.686275,2.797386,4.601307,53.509804,51.470588,N/A,ODO,3/6/2025,,NDS 2019,Pending Final Report
2025-03-03,GEAUGA COUNTY JAIL,12450 MERRITT DR,CHARDON,OH,44024,DET,USMS IGA,Female/Male,133.800000,26.346405,13.444444,7.568627,2.843137,21.039216,23.699346,1.725490,3.738562,3.071895,3.647059,1.169935,42.313725,35.849673,N/A,ODO,1/30/2025,,NDS 2019,Pending Final Report
2025-03-03,GOLDEN STATE ANNEX,611 FRONTAGE RD,MCFARLAND,CA,93250,SFR,CDF,Female/Male,139.531250,185.431373,64.320261,104.326797,159.712418,263.156863,250.633987,0.000000,0.000000,148.745098,21.843137,10.124183,333.078431,250.692810,560,ODO,1/30/2025,,PBNDS 2011 - 2016 Revised,Pending Final Report
2025-03-03,GRAND FORKS COUNTY CORRECTIONAL FACILITY,1701 NORTH WASHINGTON ST,GRAND FORKS,ND,58203,SPM,USMS IGA,Female/Male,1.375000,0.130719,0.032680,1.954248,0.000000,0.803922,1.169935,0.065359,0.078431,0.084967,0.039216,0.130719,1.862745,1.065359,N/A,ODO,7/11/2024,Scheduled,NDS 2019,Pass
2025-03-03,GRAYSON COUNTY JAIL,320 SHAW STATION ROAD,LEITCHFIELD,KY,42754,CHI,USMS IGA,Female/Male,1.789474,2.928105,1.405229,2.633987,1.333333,1.549020,0.575163,2.522876,3.653595,1.437908,0.189542,0.901961,5.771242,5.052288,N/A,ODO,8/22/2024,Scheduled,NDS 2019,Pass
2025-03-03,GREENE COUNTY JAIL,1199 N HASELTINE RD,SPRINGFIELD,MO,65802,CHI,IGSA,Female/Male,,5.529412,1.235294,3.026144,1.888889,4.732026,6.228758,0.294118,0.424837,1.784314,1.091503,1.660131,7.143791,5.601307,N/A,,,,,
2025-03-03,GUAYNABO MDC (SAN JUAN),HWY 28 INTSECT OF ROAD 165,SAN JUAN,PR,00939,MIA,BOP,Female/Male,8.315789,0.202614,0.666667,4.379085,0.882353,3.385621,2.339869,0.202614,0.202614,0.150327,0.000000,0.045752,5.934641,4.424837,N/A,N/A,N/A,,N/A,N/A
2025-03-03,HANCOCK COUNTY PUBLIC SAFETY COMPLEX,8450 HIGHWAY 90,BAY ST. LOUIS,MS,39520,NOL,IGSA,Female/Male,2.238390,7.490196,3.699346,3.222222,0.797386,4.398693,9.888889,0.176471,0.745098,0.084967,0.117647,0.098039,14.908497,8.261438,N/A,ODO,5/9/2024,,NDS 2019,Fail
2025-03-03,HENDERSON DETENTION,18 E BASIC ROAD,HENDERSON,NV,89015,SLC,USMS IGA,Female/Male,12.117647,10.712418,19.640523,25.921569,11.241830,41.875817,14.320261,7.418301,3.901961,18.084967,12.633987,6.130719,30.666667,50.627451,N/A,ODO,9/19/2024,Scheduled,NDS 2019,Pass
2025-03-03,HONOLULU FEDERAL DETENTION CENTER,351 ELLIOTT ST.,HONOLULU,HI,96819,SFR,BOP,Female/Male,,3.758170,6.026144,8.660131,4.078431,12.509804,6.339869,0.503268,3.169935,8.633987,2.712418,1.013072,10.163399,18.176471,N/A,N/A,N/A,,N/A,N/A
2025-03-03,HOUSTON CONTRACT DETENTION FACILITY,15850 EXPORT PLAZA DRIVE,HOUSTON,TX,77032,HOU,CDF,Female/Male,42.780220,787.718954,26.464052,9.241830,5.294118,23.620915,469.575163,6.352941,329.169935,8.000000,7.718954,9.836601,803.163399,418.823529,750,ODO,1/30/2025,,PBNDS 2011 - 2016 Revised,Pending Final Report
2025-03-03,IAH SECURE ADULT DETENTION FACILITY (POLK),3400 FM 350 SOUTH,LIVINGSTON,TX,77351,HOU,DIGSA,Male,27.278932,691.810458,54.490196,26.418301,10.777778,40.320261,743.176471,0.000000,0.000000,8.163399,6.483660,10.816993,758.032680,350.130719,350,ODO,2/13/2025,,NDS 2019,Pending Final Report
2025-03-03,IMPERIAL REGIONAL DETENTION FACILITY,1572 GATEWAY,CALEXICO,CA,92231,SND,CDF,Female/Male,31.220930,592.830065,17.647059,32.300654,31.529412,74.150327,537.405229,1.352941,61.398693,32.457516,11.346405,12.058824,618.444444,194.673203,640,ODO,1/16/2025,,PBNDS 2011 - 2016 Revised,Pending Final Report
2025-03-03,JACKSON PARISH CORRECTIONAL CENTER,327 INDUSTRIAL DRIVE,JONESBORO,LA,71251,NOL,DIGSA,Female/Male,29.864312,900.516340,71.725490,3.588235,1.921569,10.862745,957.235294,1.732026,7.921569,0.568627,0.843137,2.222222,974.117647,353.496732,500,ODO,12/12/2024,,PBNDS 2011 - 2016 Revised,Pass
2025-03-03,JEFFERSON COUNTY JAIL,219 EAST FREMONT AVENUE,RIGBY,ID,83442,SLC,IGSA,Female/Male,2.437500,0.490196,0.516340,1.241830,0.633987,2.320261,0.529412,0.026144,0.006536,0.045752,0.137255,0.137255,2.562092,2.339869,N/A,ODO,7/18/2024,Scheduled,NDS 2019,Pass
2025-03-03,JOE CORLEY PROCESSING CTR,500 HILBIG RD,CONROE,TX,77301,HOU,IGSA,Female/Male,27.171598,728.104575,57.823529,21.156863,10.058824,47.235294,769.908497,0.000000,0.000000,14.026144,8.078431,13.392157,781.647059,700.300654,N/A,ODO,12/19/2024,,NDS 2019,Pass
2025-03-03,JTF CAMP SIX,AVENUE C PSC 1005 BOX 55,FPO,FL,34009,MIA,DOD,Female/Male,,0.647059,0.692810,3.673203,3.549020,4.431373,4.130719,0.000000,0.000000,1.535948,0.797386,1.352941,4.875817,8.535948,N/A,N/A,N/A,,N/A,N/A
2025-03-03,KANDIYOHI COUNTY JAIL,2201 23RD ST NE,WILLMAR,MN,56201,SPM,IGSA,Female/Male,52.285714,25.431373,20.679739,70.176471,25.065359,75.888889,53.875817,7.366013,4.222222,28.568627,12.620915,8.091503,92.071895,102.307190,N/A,ODO,8/29/2024,Scheduled,NDS 2019,Pass
2025-03-03,KARNES COUNTY CORRECTIONAL CENTER,810 COMMERCE STREET,KARNES CITY,TX,78118,SNA,USMS IGA,Female/Male,1.142857,0.366013,0.222222,0.849673,0.026144,1.058824,0.398693,0.006536,0.000000,0.267974,0.627451,0.156863,0.411765,1.464052,N/A,ORSA,4/12/2024,Scheduled,ORSA NDS 2019,Pass
2025-03-03,KAY CO JUSTICE FACILITY,1101 WEST DRY ROAD,NEWKIRK,OK,74647,CHI,IGSA,Female/Male,77.428571,39.424837,19.725490,19.529412,12.738562,42.516340,48.901961,0.000000,0.000000,11.764706,9.418301,7.431373,62.803922,74.660131,N/A,ODO,3/7/2025,,NDS 2019,Pending Final Report
2025-03-03,KNOX COUNTY DETENTION FACILITY,5001 MALONEYVILLE RD,KNOXVILLE,TN,37918,NOL,USMS IGA,Female/Male,1.718310,2.483660,3.320261,3.261438,1.281046,5.705882,4.052288,0.163399,0.424837,0.039216,0.026144,0.065359,10.215686,6.267974,N/A,ODO,9/26/2024,Scheduled,NDS 2019,Pass
2025-03-03,KROME NORTH SERVICE PROCESSING CENTER,18201 SW 12TH ST,MIAMI,FL,33194,MIA,SPC,Male,46.278195,48.032680,19.895425,247.137255,289.993464,388.444444,216.222222,0.307190,0.084967,161.810458,37.673203,30.823529,374.751634,416.562092,450,ODO,9/12/2024,Scheduled,PBNDS 2011 - 2016 Revised,Pass
2025-03-03,LA PAZ COUNTY ADULT DETENTION FACILITY,1109 ARIZONA AVE.,PARKER,AZ,85344,PHO,USMS IGA,Female/Male,1.750000,0.261438,0.732026,0.006536,0.000000,0.823529,0.176471,0.000000,0.000000,0.039216,0.058824,0.183007,0.718954,0.758170,N/A,ODO,8/1/2024,Scheduled,NDS 2019,Pass
2025-03-03,LA SALLE COUNTY REGIONAL DETENTION CENTER,832 EAST TEXAS STATE HIGHWAY 44,ENCINAL,TX,78019,SNA,USMS IGA,Male,,3.869281,0.352941,0.000000,0.058824,0.202614,4.078431,0.000000,0.000000,0.000000,0.026144,0.039216,4.215686,3.496732,N/A,ORSA,2/7/2025,,,Pending Final Report
2025-03-03,LAREDO PROCESSING CENTER,4702 EAST SAUNDERS STREET,LAREDO,TX,78041,HLG,DIGSA,Female/Male,16.805970,336.928105,2.869281,2.058824,4.196078,0.215686,2.398693,8.522876,334.915033,0.934641,1.091503,4.967320,339.058824,208.137255,N/A,ODO,9/12/2024,Scheduled,NDS 2019,Pass
2025-03-03,LEAVENWORTH US PENITENTIARY,1300 METROPOLITAN AVE.,LEAVENWORTH,KS,66048,CHI,BOP,Female/Male,,2.993464,0.836601,1.758170,2.359477,4.261438,3.686275,0.000000,0.000000,1.954248,0.627451,0.745098,4.620915,7.555556,N/A,N/A,N/A,,N/A,N/A
2025-03-03,LEXINGTON COUNTY JAIL,521 GIBSON ROAD,LEXINGTON,SC,29072,ATL,USMS IGA,Female/Male,1.745763,0.692810,1.431373,0.660131,0.320261,1.588235,1.222222,0.065359,0.228758,0.032680,0.013072,0.039216,3.019608,1.679739,N/A,ODO,8/8/2024,Scheduled,NDS 2019,Pass
2025-03-03,LIMESTONE COUNTY DETENTION CENTER,910 NORTH TYUS STREET,GROESBECK,TX,76642,HOU,USMS IGA,Male,30.521739,15.222222,1.300654,3.300654,2.333333,4.705882,17.450980,0.000000,0.000000,0.411765,0.581699,0.784314,20.379085,17.189542,N/A,ODO,9/26/2024,Scheduled,NDS 2019,Pass
2025-03-03,LUBBOCK COUNTY DETENTION CENTER,811 MAIN STREET,LUBBOCK,TX,79401,DAL,USMS IGA,Female/Male,1.333333,0.379085,0.660131,0.222222,0.052288,0.516340,0.732026,0.000000,0.065359,0.084967,0.026144,0.026144,1.176471,0.594771,N/A,ORSA,3/26/2024,Scheduled,ORSA NDS 2019,Pass
2025-03-03,MADISON COUNTY JAIL,2935 HIGHWAY 51,CANTON,MS,39046,NOL,USMS IGA,Female/Male,2.050000,0.973856,1.052288,0.679739,0.202614,1.143791,1.614379,0.045752,0.104575,0.013072,0.013072,0.039216,2.843137,1.640523,N/A,ODO,9/26/2024,Scheduled,NDS 2019,Pass
2025-03-03,MARION COUNTY JAIL,40 SOUTH ALABAMA STREET,INDIANAPOLIS,IN,46204,CHI,USMS IGA,Female/Male,,2.294118,0.444444,1.039216,0.601307,1.346405,3.019608,0.000000,0.013072,0.078431,0.026144,0.065359,4.209150,1.562092,N/A,ORSA,12/31/2023,,ORSA NDS 2019,Pass
2025-03-03,MESA VERDE ICE PROCESSING CENTER,425 GOLDEN STATE AVE,BAKERSFIELD,CA,93301,SFR,CDF,Female/Male,307.333333,0.000000,2.320261,12.405229,35.980392,50.705882,0.000000,0.000000,0.000000,38.464052,1.673203,0.437908,10.130719,42.359477,320,ODO,6/13/2024,Scheduled,PBNDS 2011 - 2016 Revised,Pass
2025-03-03,MIAMI FEDERAL DETENTION,33 NE 4 STREET,MIAMI,FL,33132,MIA,BOP,Female/Male,,5.300654,4.640523,24.771242,13.320261,23.509804,24.522876,0.000000,0.000000,10.300654,6.372549,4.725490,26.633987,14.993464,N/A,N/A,N/A,,N/A,N/A
2025-03-03,MIGRANT OPS CENTER MAIN A,AVENUE C PSC 1005 BOX 55,FPO,FL,34009,MIA,MOC,Female/Male,,2.823529,0.934641,0.143791,0.000000,0.803922,3.098039,0.000000,0.000000,0.000000,0.215686,0.379085,3.307190,3.882353,N/A,N/A,N/A,,N/A,N/A
2025-03-03,MONROE COUNTY DETENTION-DORM,7000 EAST DUNBAR ROAD,MONROE,MI,48161,DET,IGSA,Male,79.700000,61.967320,13.156863,1.065359,0.738562,4.359477,72.437908,0.000000,0.130719,0.385621,0.967320,1.705882,73.869281,30.000000,N/A,ODO,9/12/2024,,NDS 2019,Pass
2025-03-03,MONTGOMERY ICE PROCESSING CENTER,806 HILBIG RD,CONROE,TX,77301,HOU,CDF,Female/Male,27.140351,149.385621,552.797386,358.758170,166.379085,666.392157,449.751634,52.346405,58.830065,256.549020,162.163399,170.418301,638.189542,858.241830,750,ODO,12/5/2024,Scheduled,PBNDS 2011 - 2016 Revised,Pass
2025-03-03,MOSHANNON VALLEY PROCESSING CENTER,555 GEO DRIVE,PHILIPSBURG,PA,16866,PHI,DIGSA,Female/Male,128.500000,191.006536,94.405229,539.888889,401.627451,702.287582,476.156863,26.542484,21.941176,259.888889,83.117647,86.104575,797.816993,776.464052,800,ODO,3/6/2025,,PBNDS 2011 - 2016 Revised,Pending Final Report
2025-03-03,NASSAU COUNTY CORRECTIONAL CENTER,100 CARMAN AVENUE,EAST MEADOW,NY,11554,NYC,USMS IGA,Female/Male,,0.921569,0.143791,0.215686,0.143791,0.555556,0.869281,0.000000,0.000000,0.000000,0.000000,0.000000,1.424837,1.267974,N/A,,,,,
2025-03-03,NEVADA SOUTHERN DETENTION CENTER,2190 EAST MESQUITE AVENUE,PAHRUMP,NV,89060,SLC,USMS CDF,Female/Male,87.636364,89.287582,74.143791,53.862745,45.594771,162.274510,100.352941,0.215686,0.045752,57.666667,33.660131,21.620915,149.941176,194.803922,N/A,ODO, 9/19/2024,Scheduled,NDS 2019,Pass
2025-03-03,NEW HANOVER COUNTY JAIL,3950 JUVENILE RD,CASTLE HAYNE,NC,28429,ATL,USMS IGA,Female/Male,2.535714,0.254902,0.228758,0.300654,0.483660,0.830065,0.418301,0.019608,0.000000,0.019608,0.026144,0.000000,1.222222,0.771242,N/A,ODO,8/22/2024,Scheduled,NDS 2019,Pass
2025-03-03,NORTHEAST OHIO CORRECTIONAL CENTER,2240 HUBBARD ROAD,YOUNGSTOWN,OH,44505,DET,USMS IGA,Male,,2.013072,0.470588,0.529412,0.529412,1.437908,2.104575,0.000000,0.000000,0.562092,0.366013,0.457516,2.156863,3.045752,N/A,,,,,
2025-03-03,NORTHWEST ICE PROCESSSING CENTER,1623 E. J STREET,TACOMA,WA,98421,SEA,CDF,Female/Male,85.264151,424.901961,84.261438,147.947712,177.143791,313.267974,421.405229,37.640523,61.941176,189.967320,45.202614,31.032680,568.052288,565.732026,"1,181",ODO,1/30/2025,,PBNDS 2011 - 2016 Revised,Pending Final Report
2025-03-03,NORTHWEST STATE CORRECTIONAL CENTER,3649 LOWER NEWTON ROAD,SWANTON,VT,05488,BOS,USMS IGA,Female/Male,2.101449,4.686275,0.163399,0.267974,0.065359,0.300654,4.849673,0.000000,0.032680,0.000000,0.006536,0.032680,5.143791,3.915033,N/A,ODO,6/27/2024,Scheduled,NDS 2019,Pass
2025-03-03,OLDHAM COUNTY JAIL,100 W MAIN STREET,LA GRANGE,KY,40031,CHI,USMS IGA,Female/Male,2.187500,0.875817,0.575163,1.254902,0.888889,2.398693,1.098039,0.052288,0.045752,0.346405,0.300654,0.098039,2.849673,2.189542,N/A,ODO,9/19/2024,Scheduled,NDS 2019,Pass
2025-03-03,ORANGE COUNTY JAIL (FL),3855 SOUTH JOHN YOUNG PARKWAY,ORLANDO,FL,32839,MIA,USMS IGA,Female/Male,2.278689,1.699346,1.751634,2.653595,1.313725,2.594771,3.614379,0.287582,0.921569,0.026144,0.026144,0.026144,7.339869,3.967320,N/A,ODO,8/15/2024,Scheduled,NDS 2019,Pass
2025-03-03,ORANGE COUNTY JAIL (NY),110 WELLS FARM ROAD,GOSHEN,NY,10924,NYC,IGSA,Female/Male,38.300000,29.503268,28.359477,12.856209,13.843137,51.150327,33.411765,0.000000,0.000000,8.614379,10.712418,12.666667,52.568627,53.215686,N/A,ODO,12/12/2024,Scheduled,NDS 2019,Pass
2025-03-03,OTAY MESA DETENTION CENTER,7488 CALZADA DE LA FUENTE,SAN DIEGO,CA,92154,SND,CDF,Female/Male,20.201687,816.098039,473.830065,42.732026,45.751634,149.470588,969.333333,16.843137,242.764706,56.215686,26.039216,25.901961,1270.254902,459.882353,750,ODO,11/7/2024,Scheduled,PBNDS 2011 - 2016 Revised,Pass
2025-03-03,OTERO COUNTY PROCESSING CENTER,26 MCGREGOR RANGE ROAD,CHAPARRAL,NM,88081,ELP,DIGSA,Female/Male,21.712446,692.294118,83.921569,31.915033,10.941176,128.359477,518.058824,6.150327,166.503268,18.836601,12.039216,50.450980,737.745098,688.888889,500,ODO,11/7/2024,Scheduled,PBNDS 2011 - 2016 Revised,Pass
2025-03-03,PHELPS COUNTY JAIL,715 5TH AVENUE,HOLDREGE,NE,68949,SPM,USMS IGA,Female/Male,90.750000,0.784314,6.333333,9.816993,10.993464,23.816993,3.320261,0.790850,0.000000,5.091503,4.202614,1.071895,17.562092,20.849673,N/A,ODO,2/6/2025,,NDS 2019,Pending Final Report
2025-03-03,PICKENS COUNTY DET CTR,188 CEMETERY ST,CARROLLTON,AL,35447,NOL,IGSA,Female/Male,2.776923,7.013072,11.477124,10.934641,5.653595,15.300654,15.836601,2.372549,1.568627,0.372549,0.254902,0.450980,34.000000,24.509804,N/A,ODO,8/8/2024,Scheduled,NDS 2019,Pass
2025-03-03,PIKE COUNTY JAIL,175 PIKE COUNTY BOULEVARD,LORDS VALLEY,PA,18428,PHI,IGSA,Male,30.744186,105.163399,17.810458,32.509804,26.143791,63.189542,118.437908,0.000000,0.000000,9.725490,8.084967,9.627451,154.189542,150.790850,100,ODO,2/27/2025,,PBNDS 2011 - 2016 Revised,Pending Final Report
2025-03-03,PINE PRAIRIE ICE PROCESSING CENTER,1133 HAMPTON DUPRE ROAD,PINE PRAIRIE,LA,70576,NOL,DIGSA,Male,28.938356,274.254902,112.137255,161.967320,96.856209,271.568627,373.137255,0.326797,0.183007,31.013072,21.692810,25.986928,566.522876,543.078431,N/A,ODO,8/1/2024,Scheduled,PBNDS 2011 - 2016 Revised,Pass
2025-03-03,PINELLAS COUNTY JAIL,14400 49TH STREET NORTH,CLEARWATER,FL,33762,MIA,USMS IGA,Female/Male,1.663366,1.372549,1.888889,2.294118,0.666667,2.967320,2.980392,0.058824,0.215686,0.013072,0.019608,0.117647,6.071895,3.418301,N/A,ODO,9/26/2024,Scheduled,NDS 2019,Pass
2025-03-03,PLYMOUTH COUNTY CORRECTIONAL FACILITY,26 LONG POND ROAD,PLYMOUTH,MA,02360,BOS,IGSA,Male,78.284153,140.823529,24.647059,118.699346,114.424837,137.477124,260.869281,0.222222,0.026144,46.568627,13.934641,18.712418,319.379085,211.699346,N/A,ODO,11/21/2024,Scheduled,NDS 2019,Pass
2025-03-03,POLK COUNTY JAIL,1985 NE 51ST PLACE,DES MOINES,IA,50313,SPM,USMS IGA,Female/Male,87.666667,3.483660,10.477124,8.542484,11.045752,29.647059,3.477124,0.000000,0.424837,8.084967,1.104575,1.026144,23.333333,29.836601,N/A,ODO,2/16/2025,,NDS 2019,Pending Final Report
2025-03-03,PORT ISABEL SPC,27991 BUENA VISTA BOULEVARD,LOS FRESNOS,TX,78566,HLG,SPC,Female/Male,7.805763,965.660131,26.666667,0.346405,4.392157,93.039216,903.392157,0.052288,0.581699,25.614379,24.934641,34.026144,912.490196,534.614379,650,ODO,9/12/2024,Scheduled,PBNDS 2011 - 2016 Revised,Pass
2025-03-03,POTTAWATTAMIE COUNTY JAIL,1400 BIG LAKE ROAD,COUNCIL BLUFFS,IA,51501,SPM,USMS IGA,Female/Male,52.125000,1.633987,4.169935,10.000000,17.712418,30.823529,2.535948,0.052288,0.104575,7.202614,1.562092,1.078431,23.673203,30.006536,N/A,ODO,10/24/2024,Scheduled,NDS 2019,Pass
2025-03-03,PRAIRIELAND DETENTION CENTER,1209 SUNFLOWER LN,ALVARADO,TX,76009,DAL,DIGSA,Female/Male,9.580882,234.581699,80.751634,198.346405,120.013072,265.601307,314.908497,20.594771,32.588235,104.248366,59.091503,47.790850,422.562092,402.052288,525,ODO,12/19/2024,,PBNDS 2011 - 2016 Revised,Pass
2025-03-03,PRINCE EDWARD COUNTY (FARMVILLE),508 WATERWORKS ROAD,FARMVILLE,VA,23901,WAS,DIGSA,Male,87.681159,142.568627,63.856209,124.647059,142.882353,271.000000,202.954248,0.000000,0.000000,83.222222,34.679739,31.032680,325.019608,300.444444,459,ODO,12/19/2024,Scheduled,PBNDS 2011 - 2016 Revised,Pass
2025-03-03,RICHWOOD CORRECTIONAL CENTER,180 PINE BAYOU CIRCLE,MONROE,LA,71202,NOL,DIGSA,Male,33.281755,769.352941,22.241830,3.117647,2.326797,8.627451,18.575163,8.176471,761.660131,2.941176,3.725490,4.921569,785.450980,322.339869,677,ODO,11/7/2024,Scheduled,PBNDS 2011 - 2016 Revised,Pass
2025-03-03,RIO GRANDE DETENTION CENTER,1001 SAN RIO BOULEVARD,LAREDO,TX,78046,HLG,USMS CDF,Male,96.962500,619.202614,6.562092,0.000000,0.000000,16.947712,608.816993,0.000000,0.000000,1.607843,5.522876,9.771242,608.862745,378.928105,275,ODO,1/9/2025,,NDS 2019,Pass
2025-03-03,RIVER CORRECTIONAL CENTER,26362 HIGHWAY 15,FERRIDAY,LA,71334,NOL,DIGSA,Male,73.529126,491.196078,60.084967,1.091503,0.823529,10.078431,542.862745,0.000000,0.254902,1.228758,1.111111,2.228758,548.627451,272.666667,361,ODO,11/21/2024,Scheduled,PBNDS 2011 - 2016 Revised,Pass
2025-03-03,ROBERT A DEYTON DETENTION FACILITY,11866 HASTINGS BRIDGE ROAD P.O. BOX 429,LOVEJOY,GA,30250,ATL,USMS CDF,Female/Male,1.297872,1.006536,1.124183,1.732026,0.457516,2.078431,2.235294,0.006536,0.000000,0.117647,0.065359,0.019608,4.117647,3.006536,N/A,ODO,11/16/2023,Scheduled,NDS 2019,Pass
2025-03-03,SAIPAN DEPARTMENT OF CORRECTIONS (SUSUPE),"VICENTE T. SEMAN BLDG, CIVIC CENTER",SAIPAN,MP,96950,SFR,USMS IGA,Female/Male,,1.901961,1.915033,0.516340,0.000000,3.052288,0.960784,0.000000,0.320261,1.359477,0.640523,0.000000,2.333333,3.679739,N/A,ORSA,3/8/2024,Scheduled,ORSA NDS 2019,Pass
2025-03-03,SALT LAKE COUNTY METRO JAIL,3415 SOUTH 900 WEST,SALT LAKE CITY,UT,84119,SLC,USMS IGA,Female/Male,2.037975,0.967320,4.490196,0.333333,0.111111,3.960784,1.483660,0.222222,0.235294,0.686275,0.137255,0.130719,4.947712,4.607843,N/A,ODO,9/27/2024,Scheduled,NDS 2019,Pass
2025-03-03,SAN JUAN STAGING,"651 FEDERAL DRIVE, SUITE 104",GUAYNABO,PR,00965,MIA,STAGING,Female/Male,2.392157,3.424837,0.228758,0.209150,0.065359,0.320261,3.111111,0.006536,0.490196,0.111111,0.000000,0.000000,3.816993,2.281046,N/A,N/A,N/A,,N/A,N/A
2025-03-03,SAN LUIS REGIONAL DETENTION CENTER,406 NORTH AVENUE D,SAN LUIS,AZ,85349,SND,IGSA,Female/Male,6.542857,36.784314,3.666667,0.313725,0.535948,1.875817,30.071895,0.098039,9.254902,0.104575,0.032680,0.196078,40.967320,12.013072,100,ODO,9/26/2024,Scheduled,NDS 2019,Pass
2025-03-03,SEBASTIAN COUNTY DETENTION CENTER,801 SOUTH A STREET,FORT SMITH,AR,72901,NOL,USMS IGA,Female/Male,2.142857,0.477124,0.267974,0.169935,0.098039,0.562092,0.411765,0.006536,0.032680,0.006536,0.000000,0.000000,1.006536,0.666667,N/A,N/A,N/A,N/A,N/A,N/A
2025-03-03,SENECA COUNTY JAIL,3040 SOUTH STATE HIGHWAY 100,TIFFIN,OH,44883,DET,IGSA,Female/Male,84.250000,15.209150,12.156863,16.215686,19.130719,48.163399,11.647059,2.078431,0.823529,14.045752,4.032680,4.954248,39.679739,51.941176,N/A,ODO,10/31/2024,Scheduled,NDS 2019,Pass
2025-03-03,SHERBURNE COUNTY JAIL,13880 BUSINESS CENTER DRIVE,ELK RIVER,MN,55330,SPM,IGSA,Female/Male,1.000000,3.150327,4.607843,6.490196,2.274510,9.124183,6.875817,0.261438,0.261438,4.111111,1.908497,1.562092,8.941176,11.477124,N/A,ODO,5/2/2024,Scheduled,NDS 2019,Pass
2025-03-03,SOUTH CENTRAL REGIONAL JAIL,1001 CENTER WAY,CHARLESTON,WV,25309,PHI,IGSA,Female/Male,5.526316,1.718954,1.424837,1.620915,1.228758,3.810458,2.183007,0.000000,0.000000,0.444444,0.496732,0.686275,4.366013,4.281046,N/A,ODO,9/26/2024,Scheduled,NDS 2019,Pass
2025-03-03,SOUTH LOUISIANA ICE PROCESSING CENTER,3843 STAGG AVENUE,BASILE,LA,70515,NOL,DIGSA,Female/Male,45.152381,602.483660,100.352941,89.352941,34.653595,1.908497,3.405229,110.562092,710.967320,54.496732,22.620915,20.784314,728.941176,387.555556,700,ODO,8/29/2024,Scheduled,PBNDS 2011 - 2016 Revised,Pass
2025-03-03,SOUTH TEXAS ICE PROCESSING CENTER,566 VETERANS DRIVE,PEARSALL,TX,78061,SNA,CDF,Female/Male,49.876238,1309.575163,101.562092,187.418301,66.555556,326.333333,1307.633987,20.294118,10.849673,83.006536,73.993464,166.888889,1341.222222,994.013072,"1,350",ODO,2/6/2025,,PBNDS 2011 - 2016 Revised,Pending Final Report
2025-03-03,ST. CLAIR COUNTY JAIL,1170 MICHIGAN ROAD,PORT HURON,MI,48060,DET,IGSA,Male,128.250000,47.281046,10.627451,10.326797,5.222222,21.790850,51.666667,0.000000,0.000000,5.673203,4.392157,5.352941,58.039216,53.843137,N/A,ODO,9/19/2024,Scheduled,NDS 2019,Pass
2025-03-03,STEWART DETENTION CENTER,146 CCA ROAD,LUMPKIN,GA,31815,ATL,DIGSA,Female/Male,67.936893,722.189542,187.699346,355.385621,325.261438,653.294118,733.117647,45.568627,158.555556,268.156863,128.228758,98.934641,1095.215686,987.529412,"1,600",ODO,8/1/2024,Scheduled,PBNDS 2011 - 2016 Revised,Pass
2025-03-03,STRAFFORD COUNTY CORRECTIONS,266 COUNTY FARM ROAD,DOVER,NH,03820,BOS,IGSA,Female/Male,148.842105,0.000000,0.000000,48.594771,40.431373,44.372549,31.673203,6.640523,6.339869,22.078431,7.326797,6.588235,53.032680,55.535948,N/A,ODO,9/12/2024,Scheduled,NDS 2019,Pass
2025-03-03,SWEETWATER COUNTY JAIL,50140 UNITED STATES HIGHWAY 191 SOUTH,ROCK SPRINGS,WY,82935,DEN,USMS IGA,Female/Male,3.500000,0.222222,0.418301,0.496732,0.071895,0.908497,0.202614,0.000000,0.098039,0.163399,0.026144,0.039216,0.980392,1.039216,N/A,ORSA,3/26/2024,Scheduled,ORSA NDS 2019,Pass
2025-03-03,T DON HUTTO DETENTION CENTER,1001 WELCH STREET,TAYLOR,TX,76574,SNA,DIGSA,Male,72.062500,200.150327,40.908497,113.849673,67.673203,232.620915,189.960784,0.000000,0.000000,61.032680,57.176471,101.222222,203.150327,284.398693,461,ODO,12/19/2024,,PBNDS 2011 - 2016 Revised,Pass
2025-03-03,"TORRANCE/ESTANCIA, NM",209 COUNTY ROAD 49,ESTANCIA,NM,87016,ELP,IGSA,Male,32.595349,321.366013,48.300654,8.267974,4.464052,50.333333,332.065359,0.000000,0.000000,3.522876,0.692810,18.653595,359.529412,254.274510,505,ODO,10/24/2024,Scheduled,PBNDS 2011 - 2016 Revised,Pass
2025-03-03,TULSA COUNTY JAIL (DAVID L. MOSS JUSTICE CTR),300 NORTH DENVER AVENUE,TULSA,OK,74103,DAL,IGSA,Female/Male,2.344444,2.915033,2.379085,1.673203,0.699346,4.326797,3.006536,0.039216,0.294118,0.392157,0.313725,0.529412,6.431373,3.810458,N/A,ODO,9/19/2024,Scheduled,NDS 2019,Pass
2025-03-03,WASHINGTON COUNTY DETENTION CENTER,1155 WEST CLYDESDALE DRIVE,FAYETTEVILLE,AR,72701,NOL,USMS IGA,Female/Male,1.734694,0.836601,1.006536,1.124183,0.379085,1.215686,1.928105,0.071895,0.130719,0.032680,0.039216,0.000000,3.274510,2.202614,N/A,ODO,11/2/2023,Scheduled,NDS 2019,Pass
2025-03-03,WASHOE COUNTY JAIL,911 PARR BLVD 775 328 3308,RENO,NV,89506,SLC,USMS IGA,Female/Male,19.703704,0.503268,1.457516,3.699346,3.699346,7.810458,1.235294,0.248366,0.065359,2.470588,0.222222,0.372549,6.294118,8.189542,N/A,ODO,11/7/2024,Scheduled,NDS 2019,Pass
2025-03-03,WEBB COUNTY DETENTION CENTER (CCA),9998 SOUTH HIGHWAY 83,LAREDO,TX,78041,HLG,DIGSA,Female/Male,18.958333,224.000000,3.509804,25.627451,53.235294,32.313725,231.882353,4.830065,37.346405,15.653595,9.627451,7.816993,273.274510,194.562092,250,ODO,2/6/2025,,PBNDS 2011 - 2016 Revised,Pending Final Report
2025-03-03,WINN CORRECTIONAL CENTER,560 GUM SPRING ROAD,WINNFIELD,LA,71483,NOL,DIGSA,Male,105.030516,1010.823529,212.339869,184.647059,92.542484,282.836601,1217.098039,0.385621,0.032680,58.790850,47.666667,42.601307,1351.294118,814.398693,946,ODO,1/16/2025,,PBNDS 2011 - 2016 Revised,Pass
2025-03-03,WYATT DETENTION CENTER,950 HIGH STREET,CENTRAL FALLS,RI,02863,BOS,USMS IGA,Male,67.937500,17.705882,4.450980,40.542484,48.627451,57.699346,50.346405,1.503268,1.777778,22.241830,2.993464,2.673203,83.418301,70.823529,N/A,ODO,9/19/2024,Scheduled,NDS 2019,Pass
2025-02-18,ADAMS COUNTY DET CENTER,20 HOBO FORK RD.,NATCHEZ,MS,39120,NOL,DIGSA,Female/Male,30.569568,1866.521429,274.271429,4.857143,2.685714,8.692857,2139.642857,0.000000,0.000000,0.500000,0.728571,2.914286,2144.192857,444.035714,"1,100",ODO,1/16/2025,,PBNDS 2011 - 2016 Revised,Pending Final Report
2025-02-18,ADELANTO ICE PROCESSING CENTER,10250 RANCHO ROAD,ADELANTO,CA,92301,LOS,CDF,Female/Male,1796.000000,1.907143,1.514286,7.328571,12.885714,19.285714,4.350000,0.000000,0.000000,13.821429,3.664286,1.242857,4.907143,13.721429,640,ODO,7/18/2024,Scheduled,PBNDS 2011 - 2016 Revised,Pass
2025-02-18,ALAMANCE COUNTY DETENTION FACILITY,109 SOUTH MAPLE STREET,GRAHAM,NC,27253,ATL,IGSA,Female/Male,4.434911,3.821429,3.585714,5.871429,6.650000,14.614286,5.128571,0.107143,0.078571,0.621429,0.242857,0.042857,19.021429,14.114286,40,ODO,9/19/2024,Scheduled,NDS 2019,Pass
2025-02-18,ALEXANDRIA STAGING FACILITY,96 GEORGE THOMPSON DRIVE,ALEXANDRIA,LA,71303,NOL,STAGING,Male,3.075916,134.257143,45.200000,74.728571,50.821429,141.492857,163.485714,0.021429,0.007143,56.464286,31.478571,35.978571,181.085714,300.828571,N/A,ODO,8/29/2024,Scheduled,PBNDS 2011 - 2016 Revised,Pass
2025-02-18,ALLEN PARISH PUBLIC SAFETY COMPLEX,7340 HIGHWAY 26 WEST,OBERLIN,LA,70655,NOL,IGSA,Male,59.500000,100.021429,30.885714,33.421429,10.664286,50.185714,124.807143,0.000000,0.000000,18.164286,7.707143,6.164286,142.957143,96.014286,170,ODO,12/12/2024,Scheduled,PBNDS 2011 - 2016 Revised,Pass
2025-02-18,ATLANTA US PEN,"601 MCDONOUGH BOULEVARD, SE",ATLANTA,GA,30315,ATL,BOP,Female/Male,,4.935714,0.428571,0.000000,0.000000,0.428571,4.935714,0.000000,0.000000,0.221429,0.078571,0.078571,4.985714,5.364286,N/A,,N/A,,N/A,N/A
2025-02-18,BAKER COUNTY SHERIFF DEPT.,1 SHERIFF OFFICE DRIVE,MACCLENNY,FL,32063,MIA,IGSA,Female/Male,61.549020,26.107143,39.521429,88.457143,87.778571,159.842857,51.885714,19.742857,10.392857,57.042857,23.614286,15.700000,145.507143,172.707143,192,ODO,10/24/2024,,NDS 2019,Pass
2025-02-18,BLUEBONNET DETENTION FACILITY,400 2ND STREET,ANSON,TX,79501,DAL,DIGSA,Male,56.166667,267.907143,155.992857,239.757143,105.857143,331.521429,380.571429,7.985714,49.435714,84.357143,52.671429,77.878571,554.607143,445.371429,750,ODO,12/12/2024,,PBNDS 2011 - 2016 Revised,Pass
2025-02-18,BOONE COUNTY JAIL,3020 CONRAD LANE,BURLINGTON,KY,41005,CHI,USMS IGA,Female/Male,86.000000,23.528571,19.892857,32.235714,57.264286,97.778571,29.771429,4.242857,1.128571,34.892857,9.128571,10.714286,78.185714,94.942857,N/A,ODO,11/21/2024,,NDS 2019,Pass
2025-02-18,BROWARD COUNTY JAIL,555 SE 1ST AVENUE,FT.LAUDERDALE,FL,33301,MIA,IGSA,Female/Male,,0.285714,0.157143,0.728571,0.128571,0.207143,0.942857,0.014286,0.135714,0.000000,0.007143,0.000000,1.292857,0.721429,N/A,N/A,N/A,N/A,N/A,N/A
2025-02-18,BROWARD TRANSITIONAL CENTER,3900 NORTH POWERLINE ROAD,POMPANO BEACH,FL,33073,MIA,CDF,Female/Male,48.847561,497.685714,154.821429,3.221429,0.635714,121.564286,438.821429,14.342857,81.635714,14.514286,30.714286,37.764286,573.371429,367.414286,700,ODO,12/19/2024,,PBNDS 2011 - 2016 Revised,Pass
2025-02-18,BUFFALO SERVICE PROCESSING CENTER,4250 FEDERAL DRIVE,BATAVIA,NY,14020,BUF,SPC,Female/Male,63.213333,226.878571,43.114286,130.992857,152.914286,252.471429,301.428571,0.000000,0.000000,135.492857,19.542857,20.121429,378.742857,401.442857,400,ODO,10/31/2024,,PBNDS 2011 - 2016 Revised,Pass
2025-02-18,CALHOUN COUNTY CORRECTIONAL CENTER,185 EAST MICHIGAN AVENUE,BATTLE CREEK,MI,49014,DET,IGSA,Female/Male,67.696970,55.292857,35.428571,32.578571,15.514286,50.107143,74.521429,2.821429,11.364286,17.907143,8.450000,14.150000,98.307143,98.814286,75,ODO,8/22/2024,Scheduled,NDS 2019,Pass
2025-02-18,CAROLINE DETENTION FACILITY,11093 S.W. LEWIS MEMORIAL DRIVE,BOWLING GREEN,VA,22427,WAS,DIGSA,Female/Male,96.446281,107.142857,29.521429,59.057143,77.664286,126.621429,134.557143,8.864286,3.342857,50.428571,16.650000,16.335714,189.971429,131.721429,224,ODO,7/11/2024,Scheduled,PBNDS 2011 - 2016 Revised,Pass
2025-02-18,"CCA, FLORENCE CORRECTIONAL CENTER",1100 BOWLING ROAD,FLORENCE,AZ,85132,PHO,USMS IGA,Male,70.158333,51.021429,41.350000,143.635714,140.000000,232.278571,143.728571,0.000000,0.000000,94.807143,28.085714,27.335714,225.778571,201.235714,N/A,ODO,11/13/2024,,NDS 2019,Pass
2025-02-18,CENTRAL LOUISIANA ICE PROCESSING CENTER (CLIPC),830 PINEHILL ROAD,JENA,LA,71342,NOL,DIGSA,Female/Male,13.669118,412.928571,215.735714,351.564286,201.792857,521.907143,659.742857,0.307143,0.064286,144.978571,66.621429,69.214286,901.207143,811.092857,"1,170",ODO,1/9/2025,,PBNDS 2011 - 2016 Revised,Pending Final Report
2025-02-18,CHASE COUNTY JAIL,301 SOUTH WALNUT STREET,COTTONWOOD FALL,KS,66845,CHI,IGSA,Female/Male,54.466667,16.600000,16.414286,32.700000,17.550000,46.664286,28.378571,5.450000,2.771429,15.664286,8.414286,8.185714,51.000000,70.207143,N/A,ODO,8/22/2024,Scheduled,NDS 2019,Pass
2025-02-18,CHIPPEWA COUNTY SSM,325 COURT STREET,SAULT STE MARIE,MI,49783,DET,IGSA,Female/Male,69.000000,7.585714,2.328571,6.685714,6.128571,11.542857,11.185714,0.000000,0.000000,8.228571,1.042857,1.585714,11.871429,16.678571,N/A,ODO,4/25/2024,Scheduled,NDS 2019,Pass
2025-02-18,CHITTENDEN REGIONAL CORRECTIONAL FACILITY,7 FARRELL STREET,SOUTH BURLINGTON,VT,05403,BOS,USMS IGA,Female/Male,2.500000,1.478571,0.028571,0.007143,0.000000,0.000000,0.000000,0.057143,1.457143,0.000000,0.000000,0.000000,1.514286,0.900000,N/A,ORSA,4/12/2024,Scheduled,ORSA NDS 2019,Pass
2025-02-18,CIBOLA COUNTY CORRECTIONAL CENTER,2000 CIBOLA LOOP,MILAN,NM,87021,ELP,IGSA,Male,26.982143,145.714286,15.835714,0.421429,0.528571,14.042857,148.457143,0.000000,0.000000,0.000000,0.064286,4.828571,157.607143,157.792857,N/A,ODO,8/29/2024,Scheduled,PBNDS 2011 - 2016 Revised,Pass
2025-02-18,CLAY COUNTY JUSTICE CENTER,611 EAST JACKSON STREET,BRAZIL,IN,47834,CHI,USMS IGA,Female/Male,19.190476,45.935714,29.085714,89.157143,63.257143,136.864286,77.250000,7.578571,5.742857,34.850000,14.635714,15.485714,162.464286,150.435714,N/A,ODO,6/27/2024,Scheduled,NDS 2019,Pass
2025-02-18,CLINTON COUNTY CORRECTIONAL FACILITY,58 PINE MOUNTAIN RD.,MCELHATTAN,PA,17748,PHI,USMS IGA,Male,180.428571,2.221429,23.057143,36.742857,16.271429,72.450000,3.000000,2.007143,0.835714,28.750000,12.685714,0.935714,35.921429,67.635714,N/A,ODO,7/18/2024,Scheduled,NDS 2019,Pass
2025-02-18,CLINTON COUNTY JAIL,25 MCCARTHY DRIVE,PLATTSBURGH,NY,12901,BUF,USMS IGA,Female/Male,11.914286,1.450000,0.292857,1.707143,0.207143,0.428571,0.378571,0.685714,2.164286,0.685714,0.000000,0.000000,2.971429,2.021429,N/A,ODO,6/6/2024,Scheduled,NDS 2019,Pass
2025-02-18,COASTAL BEND DETENTION FACILITY,4909 FM 2826,ROBSTOWN,TX,78380,HLG,USMS IGA,Male,0.518987,0.764286,1.514286,0.278571,0.050000,1.150000,1.100000,0.028571,0.328571,0.035714,0.035714,0.078571,2.457143,2.228571,N/A,ODO,2/6/2025,Scheduled,NDS 2019,Pass
2025-02-18,COLLIER COUNTY NAPLES JAIL CENTER,3347 TAMIAMI TRAIL E,NAPLES,FL,34112,MIA,IGSA,Female/Male,3.161538,4.900000,2.092857,2.364286,1.792857,5.821429,4.992857,0.135714,0.200000,0.157143,0.150000,0.314286,10.528571,7.235714,N/A,ODO,12/5/2024,,NDS 2019,Pass
2025-02-18,CUMBERLAND COUNTY JAIL,50 COUNTY WAY,PORTLAND,ME,04102,BOS,USMS IGA,Female/Male,7.084746,6.735714,0.792857,17.442857,15.471429,20.200000,14.971429,1.035714,4.235714,11.135714,0.600000,4.492857,24.214286,26.564286,N/A,ODO,9/12/2024,Scheduled,NDS 2019,Pass
2025-02-18,DAKOTA COUNTY JAIL,1601 BROADWAY,DAKOTA CITY,NE,68731,SPM,USMS IGA,Female/Male,2.500000,1.228571,0.592857,0.664286,0.514286,1.471429,1.528571,0.000000,0.000000,0.214286,0.200000,0.550000,2.035714,1.557143,N/A,ORSA,12/7/2024,,ORSA NDS 2019,Pass
2025-02-18,DENVER CONTRACT DETENTION FACILITY,3130 OAKLAND ST,AURORA,CO,80010,DEN,CDF,Female/Male,47.161836,637.292857,181.871429,184.235714,134.257143,260.057143,816.228571,17.214286,44.157143,125.842857,53.828571,52.200000,905.785714,534.478571,600,ODO,8/15/2024,Scheduled,PBNDS 2011 - 2016 Revised,Pass
2025-02-18,DEPARTMENT OF CORRECTIONS HAGATNA,203 ASPINAL AVE. PO BOX 3236,HAGATNA,GU,96910,SFR,USMS IGA,Female/Male,,0.000000,0.550000,2.907143,0.414286,3.607143,0.264286,0.000000,0.000000,3.057143,0.357143,0.000000,0.457143,3.864286,N/A,ORSA,3/14/2024,Scheduled,ORSA NDS 2019,Pass
2025-02-18,DESERT VIEW ANNEX,10450 RANCHO ROAD,ADELANTO,CA,92301,LOS,CDF,Female/Male,37.470238,205.642857,23.035714,76.792857,103.814286,169.950000,239.335714,0.000000,0.000000,21.114286,7.542857,3.671429,376.957143,239.250000,480,ODO,8/15/2024,Scheduled,PBNDS 2011 - 2016 Revised,Pass
2025-02-18,DODGE COUNTY JAIL,215 WEST CENTRAL STREET,JUNEAU,WI,53039,CHI,USMS IGA,Female/Male,111.548387,8.021429,15.450000,45.514286,40.964286,87.628571,21.407143,0.078571,0.835714,30.400000,12.871429,8.400000,58.278571,80.178571,N/A,ODO,8/15/2024,Scheduled,NDS 2019,Pass
2025-02-18,EAST HIDALGO DETENTION CENTER,1330 HIGHWAY 107,LA VILLA,TX,78562,HLG,USMS IGA,Female/Male,1.500000,1.107143,0.207143,0.157143,0.128571,1.478571,0.107143,0.014286,0.000000,0.764286,0.064286,0.000000,0.771429,1.578571,N/A,ORSA,8/22/2024,Scheduled,ORSA NDS 2019,Pass
2025-02-18,EDEN DETENTION CTR,702 E BROADWAY ST,EDEN,TX,76837,DAL,USMS IGA,Male,27.031008,104.557143,4.478571,0.371429,0.207143,3.735714,105.878571,0.000000,0.000000,0.471429,0.192857,0.285714,108.664286,30.185714,N/A,ODO,8/8/2024,Scheduled,NDS 2019,Pass
2025-02-18,EL PASO SERVICE PROCESSING CENTER,8915 MONTANA AVE.,EL PASO,TX,79925,ELP,SPC,Female/Male,42.984375,311.507143,190.050000,138.257143,80.435714,285.614286,231.142857,60.235714,143.257143,79.757143,65.328571,111.400000,463.764286,589.942857,450,ODO,2/13/2025,,PBNDS 2011 - 2016 Revised,Pending Final Report
2025-02-18,EL VALLE DETENTION FACILITY,1800 INDUSTRIAL DRIVE,RAYMONDVILLE,TX,78580,HLG,DIGSA,Female/Male,26.624204,771.850000,29.100000,26.614286,26.392857,99.835714,260.271429,17.400000,476.450000,26.550000,18.114286,17.471429,791.821429,483.150000,600,ODO,9/12/2024,Scheduled,PBNDS 2011 - 2016 Revised,Pass
2025-02-18,ELIZABETH CONTRACT DETENTION FACILITY,625 EVANS STREET,ELIZABETH,NJ,07201,NEW,CDF,Female/Male,4.078772,79.571429,176.528571,14.757143,4.835714,50.992857,208.614286,0.957143,15.128571,5.671429,10.421429,17.442857,242.157143,117.250000,285,ODO,12/5/2024,,PBNDS 2011 - 2016 Revised,Pass
2025-02-18,ELOY FEDERAL CONTRACT FACILITY,1705 EAST HANNA RD.,ELOY,AZ,85131,PHO,DIGSA,Female/Male,13.599197,1045.135714,43.614286,110.250000,121.850000,156.407143,528.735714,74.350000,561.357143,93.121429,44.064286,66.921429,1116.742857,744.371429,900,ODO,10/31/2024,,PBNDS 2011 - 2016 Revised,Pass
2025-02-18,FAYETTE COUNTY DETENTION CENTER,600 OLD FRANKFORD CR,LEXINGTON,KY,40510,CHI,USMS IGA,Female/Male,1.352941,0.192857,0.192857,0.300000,0.535714,0.771429,0.371429,0.021429,0.057143,0.028571,0.007143,0.014286,1.171429,0.800000,N/A,ODO,9/12/2024,Scheduled,NDS 2019,Pass
2025-02-18,FDC PHILADELPHIA,700 ARCH ST.,PHILADELPHIA,PA,19106,PHI,BOP,Male,,2.178571,0.307143,0.321429,0.592857,1.164286,2.235714,0.000000,0.000000,0.478571,0.214286,0.307143,2.400000,1.514286,N/A,,N/A,,N/A,N/A
2025-02-18,FLORENCE SERVICE PROCESSING CENTER,3250 NORTH PINAL PARKWAY,FLORENCE,AZ,85132,PHO,SPC,Male,6.629778,303.414286,69.971429,1.464286,1.407143,68.035714,308.121429,0.014286,0.085714,3.464286,3.635714,26.664286,342.492857,188.400000,392,ODO,2/13/2025,,PBNDS 2011 - 2016 Revised,Pending Final Report
2025-02-18,FLORENCE STAGING FACILITY,3250 NORTH PINAL PARKWAY,FLORENCE,AZ,85232,PHO,STAGING,Male,3.390289,109.550000,34.714286,19.721429,8.642857,44.014286,125.314286,0.885714,2.414286,3.471429,2.021429,2.878571,164.257143,114.285714,N/A,ODO,12/12/2024,,PBNDS 2011 - 2016 Revised,Pass
2025-02-18,FOLKSTON ANNEX IPC,3424 HIGHWAY 252 EAST,FOLKSTON,GA,31537,ATL,DIGSA,Male,62.876106,185.085714,21.600000,35.357143,16.292857,56.835714,201.500000,0.000000,0.000000,25.000000,5.007143,7.321429,221.007143,148.664286,338,ODO,1/28/2025,,PBNDS 2011 - 2016 Revised,Pending Final Report
2025-02-18,FOLKSTON MAIN IPC,3026 HWY 252 EAST,FOLKSTON,GA,31537,ATL,DIGSA,Male,44.281250,352.992857,117.357143,83.185714,39.342857,155.971429,436.850000,0.057143,0.000000,38.171429,25.314286,24.207143,505.185714,366.742857,544,ODO,1/28/2025,,PBNDS 2011 - 2016 Revised,Pending Final Report
2025-02-18,FREEBORN COUNTY ADULT DETENTION CENTER,411 SOUTH BROADWAY AVENUE,ALBERT LEA,MN,56007,SPM,IGSA,Male,78.333333,15.271429,10.057143,37.871429,10.300000,41.835714,31.664286,0.000000,0.000000,13.035714,4.042857,4.507143,51.914286,49.528571,N/A,ODO,8/8/2024,Scheduled,NDS 2019,Pass
2025-02-18,GEAUGA COUNTY JAIL,12450 MERRITT DR,CHARDON,OH,44024,DET,USMS IGA,Female/Male,133.800000,26.528571,13.614286,7.614286,2.842857,21.750000,24.192857,1.792857,2.864286,4.635714,4.814286,2.750000,38.400000,35.200000,N/A,ODO,7/18/2024,Scheduled,NDS 2019,Pass
2025-02-18,GOLDEN STATE ANNEX,611 FRONTAGE RD,MCFARLAND,CA,93250,SFR,CDF,Female/Male,139.531250,181.921429,63.328571,100.678571,156.807143,257.721429,245.014286,0.000000,0.000000,143.492857,22.157143,12.621429,324.464286,240.285714,560,ODO,1/30/2025,,PBNDS 2011 - 2016 Revised,Pending Final Report
2025-02-18,GRAND FORKS COUNTY CORRECTIONAL FACILITY,1701 NORTH WASHINGTON ST,GRAND FORKS,ND,58203,SPM,USMS IGA,Female/Male,1.375000,0.057143,0.035714,1.385714,0.000000,0.500000,0.957143,0.021429,0.000000,0.000000,0.014286,0.028571,1.435714,0.750000,N/A,ODO,7/11/2024,Scheduled,NDS 2019,Pass
2025-02-18,GRAYSON COUNTY JAIL,320 SHAW STATION ROAD,LEITCHFIELD,KY,42754,CHI,USMS IGA,Female/Male,1.789474,1.707143,0.678571,1.607143,1.100000,1.450000,0.471429,1.271429,1.900000,0.728571,0.114286,0.442857,3.807143,3.300000,N/A,ODO,8/22/2024,Scheduled,NDS 2019,Pass
2025-02-18,GUAYNABO MDC (SAN JUAN),HWY 28 INTSECT OF ROAD 165,SAN JUAN,PR,00939,MIA,BOP,Female/Male,8.315789,0.221429,0.728571,4.228571,0.792857,3.235714,2.342857,0.221429,0.171429,0.307143,0.000000,0.050000,5.614286,4.114286,N/A,,N/A,,N/A,N/A
2025-02-18,HANCOCK COUNTY PUBLIC SAFETY COMPLEX,8450 HIGHWAY 90,BAY ST. LOUIS,MS,39520,NOL,IGSA,Female/Male,2.238390,6.500000,3.221429,2.964286,0.771429,4.100000,8.571429,0.128571,0.657143,0.135714,0.092857,0.350000,12.878571,7.685714,N/A,ODO,5/9/2024,Scheduled,NDS 2019,Fail
2025-02-18,HENDERSON DETENTION,18 E BASIC ROAD,HENDERSON,NV,89015,SLC,USMS IGA,Female/Male,12.117647,9.614286,19.478571,25.907143,11.235714,42.307143,13.535714,7.200000,3.192857,19.950000,13.435714,6.757143,26.092857,49.685714,N/A,ODO,9/19/2024,Scheduled,NDS 2019,Pass
2025-02-18,HONOLULU FEDERAL DETENTION CENTER,351 ELLIOTT ST.,HONOLULU,HI,96819,SFR,BOP,Female/Male,,3.571429,5.328571,6.671429,4.085714,11.235714,5.085714,0.335714,3.000000,7.914286,2.207143,0.735714,8.800000,16.128571,N/A,,N/A,,N/A,N/A
2025-02-18,HOUSTON CONTRACT DETENTION FACILITY,15850 EXPORT PLAZA DRIVE,HOUSTON,TX,77032,HOU,CDF,Female/Male,42.780220,802.592857,20.092857,5.671429,4.192857,19.092857,474.192857,4.935714,334.328571,6.185714,6.171429,9.492857,810.700000,430.085714,750,ODO,1/30/2025,,PBNDS 2011 - 2016 Revised,Pending Final Report
2025-02-18,IAH SECURE ADULT DETENTION FACILITY (POLK),3400 FM 350 SOUTH,LIVINGSTON,TX,77351,HOU,DIGSA,Male,27.278932,719.978571,50.485714,22.650000,8.907143,35.471429,766.550000,0.000000,0.000000,8.757143,7.071429,10.442857,775.750000,317.535714,350,ODO,2/13/2025,,NDS 2019,Pending Final Report
2025-02-18,IMPERIAL REGIONAL DETENTION FACILITY,1572 GATEWAY,CALEXICO,CA,92231,SND,CDF,Female/Male,31.220930,594.271429,17.600000,32.100000,31.228571,74.442857,537.328571,1.271429,62.157143,36.428571,12.171429,13.071429,613.528571,189.585714,640,ODO,1/16/2025,,PBNDS 2011 - 2016 Revised,Pass
2025-02-18,JACKSON PARISH CORRECTIONAL CENTER,327 INDUSTRIAL DRIVE,JONESBORO,LA,71251,NOL,DIGSA,Female/Male,29.864312,896.464286,68.392857,3.721429,2.078571,8.928571,951.278571,1.892857,8.557143,1.585714,1.500000,0.878571,966.692857,354.078571,500,ODO,12/12/2024,,PBNDS 2011 - 2016 Revised,Pass
2025-02-18,JEFFERSON COUNTY JAIL,219 EAST FREMONT AVENUE,RIGBY,ID,83442,SLC,IGSA,Female/Male,2.437500,0.335714,0.400000,1.271429,0.664286,2.178571,0.485714,0.000000,0.007143,0.128571,0.078571,0.192857,2.271429,2.142857,N/A,ODO,7/18/2024,Scheduled,NDS 2019,Pass
2025-02-18,JOE CORLEY PROCESSING CTR,500 HILBIG RD,CONROE,TX,77301,HOU,IGSA,Female/Male,27.171598,733.557143,51.350000,18.985714,8.957143,41.564286,771.285714,0.000000,0.000000,10.807143,6.171429,12.050000,783.821429,693.314286,N/A,ODO,12/19/2024,,NDS 2019,Pass
2025-02-18,JTF CAMP SIX,AVENUE C PSC 1005 BOX 55,FPO,FL,34009,MIA,DOD,Female/Male,,0.457143,0.535714,2.528571,2.707143,2.928571,3.300000,0.000000,0.000000,1.021429,0.692857,1.128571,3.385714,6.200000,N/A,,N/A,,N/A,N/A
2025-02-18,KANDIYOHI COUNTY JAIL,2201 23RD ST NE,WILLMAR,MN,56201,SPM,IGSA,Female/Male,52.285714,24.600000,20.792857,68.700000,25.685714,76.592857,51.721429,7.235714,4.228571,29.142857,14.150000,7.892857,88.592857,101.321429,N/A,ODO,8/29/2024,Scheduled,NDS 2019,Pass
2025-02-18,KARNES COUNTY CORRECTIONAL CENTER,810 COMMERCE STREET,KARNES CITY,TX,78118,SNA,USMS IGA,Female/Male,1.142857,0.335714,0.142857,0.678571,0.028571,0.828571,0.357143,0.000000,0.000000,0.150000,0.528571,0.135714,0.371429,1.178571,N/A,ORSA,4/12/2024,Scheduled,ORSA NDS 2019,Pass
2025-02-18,KARNES COUNTY IMMIGRATION PROCESSING CENTER,409 FM 1144,KARNES CITY,TX,78118,SNA,DIGSA,Female/Male,44.661355,1061.285714,18.785714,1.342857,0.028571,7.871429,744.278571,2.885714,326.407143,0.000000,0.564286,7.371429,1073.507143,626.414286,928,ODO,9/19/2024,Scheduled,PBNDS 2011 - 2016 Revised,Pass
2025-02-18,KAY CO JUSTICE FACILITY,1101 WEST DRY ROAD,NEWKIRK,OK,74647,CHI,IGSA,Female/Male,77.428571,38.614286,17.607143,18.600000,12.535714,41.271429,46.085714,0.000000,0.000000,11.214286,12.614286,8.242857,55.285714,67.342857,N/A,ODO,8/8/2024,Scheduled,NDS 2019,Pass
2025-02-18,KNOX COUNTY DETENTION FACILITY,5001 MALONEYVILLE RD,KNOXVILLE,TN,37918,NOL,USMS IGA,Female/Male,1.718310,2.078571,2.721429,2.692857,1.042857,4.978571,3.078571,0.157143,0.321429,0.071429,0.085714,0.085714,8.292857,5.557143,N/A,ODO,9/26/2024,Scheduled,NDS 2019,Pass
2025-02-18,KROME NORTH SERVICE PROCESSING CENTER,18201 SW 12TH ST,MIAMI,FL,33194,MIA,SPC,Male,46.278195,10.385714,9.700000,239.171429,291.350000,376.057143,174.357143,0.192857,0.000000,165.485714,34.064286,25.700000,325.357143,389.535714,450,ODO,9/12/2024,Scheduled,PBNDS 2011 - 2016 Revised,Pass
2025-02-18,LAREDO PROCESSING CENTER,4702 EAST SAUNDERS STREET,LAREDO,TX,78041,HLG,DIGSA,Female/Male,16.805970,338.478571,2.307143,1.435714,3.500000,0.078571,0.664286,7.721429,337.257143,0.614286,0.700000,4.642857,339.764286,213.735714,N/A,ODO,9/12/2024,Scheduled,NDS 2019,Pass
2025-02-18,LEAVENWORTH US PENITENTIARY,1300 METROPOLITAN AVE.,LEAVENWORTH,KS,66048,CHI,BOP,Female/Male,,0.928571,0.214286,0.307143,0.485714,0.885714,1.050000,0.000000,0.000000,0.278571,0.028571,0.221429,1.407143,1.907143,N/A,,N/A,,N/A,N/A
2025-02-18,LEXINGTON COUNTY JAIL,521 GIBSON ROAD,LEXINGTON,SC,29072,ATL,USMS IGA,Female/Male,1.745763,0.571429,1.321429,0.650000,0.300000,1.507143,1.092857,0.064286,0.178571,0.007143,0.042857,0.021429,2.771429,1.578571,N/A,ODO,8/8/2024,Scheduled,NDS 2019,Pass
2025-02-18,LIMESTONE COUNTY DETENTION CENTER,910 NORTH TYUS STREET,GROESBECK,TX,76642,HOU,USMS IGA,Male,30.521739,14.471429,0.864286,2.650000,2.307143,3.757143,16.535714,0.000000,0.000000,0.492857,0.257143,0.471429,19.071429,15.507143,N/A,ODO,9/26/2024,Scheduled,NDS 2019,Pass
2025-02-18,LUBBOCK COUNTY DETENTION CENTER,811 MAIN STREET,LUBBOCK,TX,79401,DAL,USMS IGA,Female/Male,1.333333,0.314286,0.635714,0.242857,0.064286,0.535714,0.650000,0.000000,0.071429,0.107143,0.000000,0.028571,1.121429,0.528571,N/A,ORSA,3/26/2024,Scheduled,ORSA NDS 2019,Pass
2025-02-18,MADISON COUNTY JAIL,2935 HIGHWAY 51,CANTON,MS,39046,NOL,USMS IGA,Female/Male,2.050000,0.800000,0.807143,0.621429,0.171429,1.064286,1.214286,0.042857,0.078571,0.007143,0.007143,0.000000,2.385714,1.414286,N/A,ODO,9/26/2024,Scheduled,NDS 2019,Pass
2025-02-18,MARION COUNTY JAIL,40 SOUTH ALABAMA STREET,INDIANAPOLIS,IN,46204,CHI,USMS IGA,Female/Male,,0.942857,0.221429,0.207143,0.164286,0.428571,1.100000,0.000000,0.007143,0.035714,0.150000,0.164286,1.185714,0.507143,N/A,ORSA,12/31/2023,Scheduled,ORSA NDS 2019,Pass
2025-02-18,MESA VERDE ICE PROCESSING CENTER,425 GOLDEN STATE AVE,BAKERSFIELD,CA,93301,SFR,CDF,Female/Male,307.333333,0.000000,2.164286,12.207143,36.250000,50.621429,0.000000,0.000000,0.000000,39.214286,1.471429,0.385714,9.550000,42.507143,320,ODO,6/13/2024,Scheduled,PBNDS 2011 - 2016 Revised,Pass
2025-02-18,MIAMI FEDERAL DETENTION,33 NE 4 STREET,MIAMI,FL,33132,MIA,BOP,Female/Male,,1.292857,1.221429,8.507143,4.207143,7.357143,7.871429,0.000000,0.000000,3.050000,2.157143,1.364286,8.657143,4.964286,N/A,,N/A,,N/A,N/A
2025-02-18,MIGRANT OPS CENTER MAIN A,AVENUE C PSC 1005 BOX 55,FPO,FL,34009,MIA,MOC,Female/Male,,2.100000,0.592857,0.128571,0.000000,0.500000,2.321429,0.000000,0.000000,0.000000,0.192857,0.307143,2.321429,2.821429,N/A,,N/A,,N/A,N/A
2025-02-18,MONROE COUNTY DETENTION-DORM,7000 EAST DUNBAR ROAD,MONROE,MI,48161,DET,IGSA,Male,79.700000,59.621429,10.635714,0.457143,0.242857,2.550000,68.357143,0.000000,0.050000,0.371429,0.600000,1.478571,68.507143,24.128571,N/A,ODO,9/12/2024,Scheduled,NDS 2019,Pass
2025-02-18,MONTGOMERY ICE PROCESSING CENTER,806 HILBIG RD,CONROE,TX,77301,HOU,CDF,Female/Male,27.140351,149.978571,546.128571,362.707143,169.450000,672.128571,445.664286,52.950000,57.521429,278.828571,173.621429,178.292857,597.521429,841.264286,750,ODO,12/5/2024,,PBNDS 2011 - 2016 Revised,Pass
2025-02-18,MOSHANNON VALLEY PROCESSING CENTER,555 GEO DRIVE,PHILIPSBURG,PA,16866,PHI,DIGSA,Female/Male,128.500000,179.628571,91.650000,536.885714,399.664286,698.400000,461.107143,26.285714,22.035714,275.664286,81.914286,85.000000,765.250000,746.200000,800,ODO,8/1/2024,Scheduled,PBNDS 2011 - 2016 Revised,Pass
2025-02-18,NEVADA SOUTHERN DETENTION CENTER,2190 EAST MESQUITE AVENUE,PAHRUMP,NV,89060,SLC,USMS CDF,Female/Male,87.636364,86.507143,68.085714,52.764286,45.921429,154.878571,98.064286,0.207143,0.128571,58.342857,32.464286,19.828571,142.642857,188.600000,N/A,ODO, 9/19/2024,Scheduled,NDS 2019,Pass
2025-02-18,NEW HANOVER COUNTY JAIL,3950 JUVENILE RD,CASTLE HAYNE,NC,28429,ATL,USMS IGA,Female/Male,2.535714,0.242857,0.228571,0.242857,0.478571,0.814286,0.357143,0.021429,0.000000,0.014286,0.000000,0.014286,1.164286,0.778571,N/A,ODO,8/22/2024,Scheduled,NDS 2019,Pass
2025-02-18,NORTHWEST ICE PROCESSSING CENTER,1623 E. J STREET,TACOMA,WA,98421,SEA,CDF,Female/Male,86.019231,396.364286,78.478571,139.492857,172.485714,301.942857,388.150000,35.935714,60.792857,187.707143,43.321429,28.314286,527.478571,524.107143,"1,181",ODO,1/30/2025,,PBNDS 2011 - 2016 Revised,Pending Final Report
2025-02-18,OLDHAM COUNTY JAIL,100 W MAIN STREET,LA GRANGE,KY,40031,CHI,USMS IGA,Female/Male,2.187500,0.335714,0.400000,0.628571,0.442857,1.278571,0.514286,0.000000,0.014286,0.050000,0.000000,0.007143,1.750000,1.207143,N/A,ODO,9/19/2024,Scheduled,NDS 2019,Pass
2025-02-18,ORANGE COUNTY JAIL (FL),3855 SOUTH JOHN YOUNG PARKWAY,ORLANDO,FL,32839,MIA,USMS IGA,Female/Male,2.278689,1.342857,1.650000,2.528571,1.250000,2.578571,3.371429,0.207143,0.614286,0.028571,0.028571,0.035714,6.678571,3.614286,N/A,ODO,8/15/2024,Scheduled,NDS 2019,Pass
2025-02-18,ORANGE COUNTY JAIL (NY),110 WELLS FARM ROAD,GOSHEN,NY,10924,NYC,IGSA,Female/Male,38.300000,28.528571,28.507143,11.071429,12.614286,48.878571,31.842857,0.000000,0.000000,7.885714,9.978571,12.164286,50.692857,50.400000,N/A,ODO,12/12/2024,,NDS 2019,Pass
2025-02-18,OTAY MESA DETENTION CENTER,7488 CALZADA DE LA FUENTE,SAN DIEGO,CA,92154,SND,CDF,Female/Male,20.201687,829.928571,474.435714,41.850000,44.464286,146.185714,982.278571,16.314286,245.900000,60.007143,27.871429,25.250000,1277.550000,442.635714,750,ODO,11/7/2024,,PBNDS 2011 - 2016 Revised,Pass
2025-02-18,OTERO COUNTY PROCESSING CENTER,26 MCGREGOR RANGE ROAD,CHAPARRAL,NM,88081,ELP,DIGSA,Female/Male,21.712446,698.914286,78.171429,31.435714,10.528571,123.007143,520.264286,6.192857,169.585714,20.664286,13.007143,50.128571,735.250000,689.100000,500,ODO,11/7/2024,,PBNDS 2011 - 2016 Revised,Pass
2025-02-18,PHELPS COUNTY JAIL,715 5TH AVENUE,HOLDREGE,NE,68949,SPM,USMS IGA,Female/Male,90.750000,0.692857,5.971429,9.435714,11.135714,23.485714,2.978571,0.771429,0.000000,6.364286,4.671429,0.721429,15.478571,20.450000,N/A,ODO,2/6/2025,,NDS 2019,Pending Final Report
2025-02-18,PICKENS COUNTY DET CTR,188 CEMETERY ST,CARROLLTON,AL,35447,NOL,IGSA,Female/Male,2.776923,6.371429,10.707143,10.985714,5.507143,15.200000,14.685714,2.300000,1.385714,0.521429,0.571429,0.585714,31.892857,23.614286,N/A,ODO,8/8/2024,Scheduled,NDS 2019,Pass
2025-02-18,PIKE COUNTY JAIL,175 PIKE COUNTY BOULEVARD,LORDS VALLEY,PA,18428,PHI,IGSA,Male,30.744186,106.528571,16.735714,31.757143,26.528571,61.542857,120.007143,0.000000,0.000000,10.257143,9.978571,7.542857,153.771429,154.092857,100,ODO,8/29/2024,Scheduled,PBNDS 2011 - 2016 Revised,Pass
2025-02-18,PINE PRAIRIE ICE PROCESSING CENTER,1133 HAMPTON DUPRE ROAD,PINE PRAIRIE,LA,70576,NOL,DIGSA,Male,28.938356,260.221429,106.264286,163.121429,97.885714,270.235714,357.128571,0.021429,0.107143,29.800000,21.642857,26.021429,550.028571,543.585714,N/A,ODO,8/1/2024,Scheduled,PBNDS 2011 - 2016 Revised,Pass
2025-02-18,PINELLAS COUNTY JAIL,14400 49TH STREET NORTH,CLEARWATER,FL,33762,MIA,USMS IGA,Female/Male,1.663366,1.035714,1.707143,2.257143,0.650000,2.785714,2.678571,0.042857,0.142857,0.007143,0.028571,0.028571,5.585714,3.035714,N/A,ODO,9/26/2024,Scheduled,NDS 2019,Fail
2025-02-18,PLYMOUTH COUNTY CORRECTIONAL FACILITY,26 LONG POND ROAD,PLYMOUTH,MA,02360,BOS,IGSA,Male,78.284153,136.228571,23.814286,117.442857,112.914286,134.064286,256.185714,0.150000,0.000000,49.007143,14.378571,18.878571,308.135714,206.407143,N/A,ODO,11/21/2024,,NDS 2019,Pass
2025-02-18,POLK COUNTY JAIL,1985 NE 51ST PLACE,DES MOINES,IA,50313,SPM,USMS IGA,Female/Male,87.666667,3.107143,10.328571,7.507143,11.078571,28.900000,2.657143,0.000000,0.464286,10.342857,1.407143,1.071429,19.200000,29.850000,N/A,ODO,2/16/2025,,NDS 2019,Pending Final Report
2025-02-18,PORT ISABEL SPC,27991 BUENA VISTA BOULEVARD,LOS FRESNOS,TX,78566,HLG,SPC,Female/Male,7.805763,956.714286,25.142857,0.207143,4.264286,87.992857,897.657143,0.057143,0.621429,25.050000,23.814286,31.342857,906.121429,556.842857,650,ODO,9/12/2024,Scheduled,PBNDS 2011 - 2016 Revised,Pass
2025-02-18,POTTAWATTAMIE COUNTY JAIL,1400 BIG LAKE ROAD,COUNCIL BLUFFS,IA,51501,SPM,USMS IGA,Female/Male,52.125000,1.235714,3.957143,10.071429,17.521429,30.557143,2.171429,0.057143,0.000000,7.821429,1.842857,1.921429,21.200000,29.685714,N/A,ODO,10/24/2024,,NDS 2019,Pass
2025-02-18,PRAIRIELAND DETENTION CENTER,1209 SUNFLOWER LN,ALVARADO,TX,76009,DAL,DIGSA,Female/Male,9.580882,217.292857,77.300000,194.457143,117.200000,260.250000,295.792857,19.650000,30.557143,106.071429,58.078571,48.435714,393.664286,392.671429,525,ODO,12/19/2024,,PBNDS 2011 - 2016 Revised,Pass
2025-02-18,PRINCE EDWARD COUNTY (FARMVILLE),508 WATERWORKS ROAD,FARMVILLE,VA,23901,WAS,DIGSA,Male,87.681159,135.792857,59.492857,122.750000,143.778571,269.200000,192.614286,0.000000,0.000000,88.857143,36.792857,31.778571,304.385714,290.492857,459,ODO,12/19/2024,Scheduled,PBNDS 2011 - 2016 Revised,Pass
2025-02-18,RICHWOOD CORRECTIONAL CENTER,180 PINE BAYOU CIRCLE,MONROE,LA,71202,NOL,DIGSA,Male,33.281755,768.157143,17.457143,1.671429,1.157143,4.185714,12.042857,5.757143,766.457143,2.057143,2.157143,2.614286,781.614286,338.592857,677,ODO,11/7/2024,Scheduled,PBNDS 2011 - 2016 Revised,Pass
2025-02-18,RIO GRANDE DETENTION CENTER,1001 SAN RIO BOULEVARD,LAREDO,TX,78046,HLG,USMS CDF,Male,96.962500,616.778571,6.421429,0.000000,0.000000,16.214286,606.985714,0.000000,0.000000,1.664286,5.350000,9.150000,607.035714,381.778571,275,ODO,1/9/2025,,NDS 2019,Pending Final Report
2025-02-18,RIVER CORRECTIONAL CENTER,26362 HIGHWAY 15,FERRIDAY,LA,71334,NOL,DIGSA,Male,73.529126,492.771429,58.064286,1.014286,0.835714,8.950000,543.457143,0.000000,0.278571,1.064286,0.621429,1.485714,549.514286,269.564286,361,ODO,11/21/2024,Scheduled,PBNDS 2011 - 2016 Revised,Pass
2025-02-18,ROBERT A DEYTON DETENTION FACILITY,11866 HASTINGS BRIDGE ROAD P.O. BOX 429,LOVEJOY,GA,30250,ATL,USMS CDF,Female/Male,1.297872,0.521429,1.000000,1.435714,0.335714,1.671429,1.621429,0.000000,0.000000,0.042857,0.071429,0.021429,3.157143,2.142857,N/A,ODO,11/16/2023,Scheduled,NDS 2019,Pass
2025-02-18,SAIPAN DEPARTMENT OF CORRECTIONS (SUSUPE),"VICENTE T. SEMAN BLDG, CIVIC CENTER",SAIPAN,MP,96950,SFR,USMS IGA,Female/Male,,1.650000,1.828571,0.378571,0.000000,3.050000,0.664286,0.000000,0.142857,1.464286,0.700000,0.000000,1.692857,3.507143,N/A,ORSA,3/8/2024,Scheduled,ORSA NDS 2019,Pass
2025-02-18,SALT LAKE COUNTY METRO JAIL,3415 SOUTH 900 WEST,SALT LAKE CITY,UT,84119,SLC,USMS IGA,Female/Male,2.037975,0.850000,4.592857,0.342857,0.107143,4.007143,1.507143,0.150000,0.228571,0.678571,0.157143,0.157143,4.900000,4.592857,N/A,ODO,9/27/2024,Scheduled,NDS 2019,Pass
2025-02-18,SAN JUAN STAGING,"651 FEDERAL DRIVE, SUITE 104",GUAYNABO,PR,00965,MIA,STAGING,Female/Male,2.392157,2.771429,0.178571,0.028571,0.014286,0.164286,2.357143,0.007143,0.464286,0.014286,0.000000,0.000000,2.978571,1.950000,N/A,,N/A,,N/A,N/A
2025-02-18,SAN LUIS REGIONAL DETENTION CENTER,406 NORTH AVENUE D,SAN LUIS,AZ,85349,SND,IGSA,Female/Male,6.542857,39.628571,3.935714,0.321429,0.500000,1.828571,32.700000,0.085714,9.771429,0.728571,0.035714,0.285714,43.335714,12.214286,100,ODO,9/26/2024,Scheduled,NDS 2019,Pass
2025-02-18,SENECA COUNTY JAIL,3040 SOUTH STATE HIGHWAY 100,TIFFIN,OH,44883,DET,IGSA,Female/Male,84.250000,13.728571,12.114286,16.514286,19.900000,49.407143,10.150000,2.064286,0.635714,18.978571,5.150000,6.707143,31.421429,51.557143,N/A,ODO,10/31/2024,,NDS 2019,Pass
2025-02-18,SHERBURNE COUNTY JAIL,13880 BUSINESS CENTER DRIVE,ELK RIVER,MN,55330,SPM,IGSA,Female/Male,1.000000,2.100000,3.257143,4.535714,1.864286,6.885714,4.600000,0.100000,0.171429,3.635714,1.007143,0.985714,6.128571,8.314286,N/A,ODO,5/2/2024,Scheduled,NDS 2019,Pass
2025-02-18,SOUTH CENTRAL REGIONAL JAIL,1001 CENTER WAY,CHARLESTON,WV,25309,PHI,IGSA,Female/Male,5.526316,1.221429,1.114286,1.471429,1.085714,3.407143,1.485714,0.000000,0.000000,0.614286,0.300000,0.607143,3.371429,3.635714,N/A,ODO,9/26/2024,Scheduled,NDS 2019,Pass
2025-02-18,SOUTH LOUISIANA ICE PROCESSING CENTER,3843 STAGG AVENUE,BASILE,LA,70515,NOL,DIGSA,Female/Male,45.152381,599.235714,99.657143,87.014286,34.492857,1.992857,3.057143,109.071429,706.278571,55.735714,21.614286,19.978571,723.071429,372.050000,700,ODO,8/29/2024,Scheduled,PBNDS 2011 - 2016 Revised,Pass
2025-02-18,SOUTH TEXAS ICE PROCESSING CENTER,566 VETERANS DRIVE,PEARSALL,TX,78061,SNA,CDF,Female/Male,49.876238,1317.264286,98.200000,186.357143,64.642857,321.464286,1318.271429,19.357143,7.371429,86.900000,74.771429,162.914286,1341.878571,985.071429,"1,350",ODO,8/22/2024,Scheduled,PBNDS 2011 - 2016 Revised,Pass
2025-02-18,ST. CLAIR COUNTY JAIL,1170 MICHIGAN ROAD,PORT HURON,MI,48060,DET,IGSA,Male,128.250000,48.414286,12.492857,9.185714,4.257143,21.764286,52.585714,0.000000,0.000000,5.878571,7.028571,5.228571,56.214286,52.935714,N/A,ODO,9/19/2024,Scheduled,NDS 2019,Pass
2025-02-18,STEWART DETENTION CENTER,146 CCA ROAD,LUMPKIN,GA,31815,ATL,DIGSA,Female/Male,67.936893,708.128571,182.878571,345.278571,322.328571,641.521429,716.628571,43.928571,156.535714,285.278571,132.114286,100.035714,1041.185714,954.885714,"1,600",ODO,8/1/2024,Scheduled,PBNDS 2011 - 2016 Revised,Pass
2025-02-18,STRAFFORD COUNTY CORRECTIONS,266 COUNTY FARM ROAD,DOVER,NH,03820,BOS,IGSA,Female/Male,148.842105,0.000000,0.000000,46.971429,39.285714,43.785714,29.850000,6.535714,6.085714,23.564286,7.178571,8.542857,46.971429,55.207143,N/A,ODO,9/12/2024,Scheduled,NDS 2019,Pass
2025-02-18,SWEETWATER COUNTY JAIL,50140 UNITED STATES HIGHWAY 191 SOUTH,ROCK SPRINGS,WY,82935,DEN,USMS IGA,Female/Male,3.500000,0.178571,0.428571,0.428571,0.078571,0.835714,0.171429,0.000000,0.107143,0.100000,0.114286,0.021429,0.878571,0.985714,N/A,ORSA,3/26/2024,Scheduled,ORSA NDS 2019,Pass
2025-02-18,T DON HUTTO DETENTION CENTER,1001 WELCH STREET,TAYLOR,TX,76574,SNA,DIGSA,Male,72.062500,199.971429,40.542857,114.821429,67.635714,234.150000,188.821429,0.000000,0.000000,61.771429,58.792857,102.071429,200.335714,294.328571,461,ODO,12/19/2024,,PBNDS 2011 - 2016 Revised,Pass
2025-02-18,"TORRANCE/ESTANCIA, NM",209 COUNTY ROAD 49,ESTANCIA,NM,87016,ELP,IGSA,Male,32.595349,320.585714,45.900000,8.542857,4.700000,49.564286,330.164286,0.000000,0.000000,4.121429,0.821429,17.142857,357.642857,266.250000,505,ODO,10/24/2024,,PBNDS 2011 - 2016 Revised,Pass
2025-02-18,TULSA COUNTY JAIL (DAVID L. MOSS JUSTICE CTR),300 NORTH DENVER AVENUE,TULSA,OK,74103,DAL,IGSA,Female/Male,2.344444,1.914286,1.978571,1.435714,0.535714,3.521429,2.042857,0.042857,0.257143,0.300000,0.214286,0.057143,5.292857,3.035714,N/A,ODO,9/19/2024,Scheduled,NDS 2019,Pass
2025-02-18,WASHINGTON COUNTY DETENTION CENTER,1155 WEST CLYDESDALE DRIVE,FAYETTEVILLE,AR,72701,NOL,USMS IGA,Female/Male,1.734694,0.771429,0.935714,1.092857,0.342857,1.164286,1.814286,0.050000,0.114286,0.042857,0.028571,0.021429,3.050000,2.107143,N/A,ODO,11/2/2023,Scheduled,NDS 2019,Pass
2025-02-18,WASHOE COUNTY JAIL,911 PARR BLVD 775 328 3308,RENO,NV,89506,SLC,USMS IGA,Female/Male,19.703704,0.314286,1.221429,3.864286,3.721429,7.700000,1.142857,0.207143,0.071429,2.721429,0.378571,0.457143,5.564286,7.907143,N/A,ODO,11/7/2024,,NDS 2019,Pass
2025-02-18,WEBB COUNTY DETENTION CENTER (CCA),9998 SOUTH HIGHWAY 83,LAREDO,TX,78041,HLG,DIGSA,Female/Male,18.958333,215.407143,2.528571,25.092857,54.664286,32.942857,218.571429,5.264286,40.914286,15.628571,10.592857,7.600000,263.871429,199.807143,250,ODO,2/6/2025,,PBNDS 2011 - 2016 Revised,Pending Final Report
2025-02-18,WINN CORRECTIONAL CENTER,560 GUM SPRING ROAD,WINNFIELD,LA,71483,NOL,DIGSA,Male,105.030516,1002.971429,211.092857,184.585714,92.550000,283.328571,1207.507143,0.328571,0.035714,59.042857,48.250000,45.164286,1338.742857,771.571429,946,ODO,1/16/2025,,PBNDS 2011 - 2016 Revised,Pending Final Report
2025-02-18,WYATT DETENTION CENTER,950 HIGH STREET,CENTRAL FALLS,RI,02863,BOS,USMS IGA,Male,67.937500,19.350000,4.864286,38.707143,48.314286,57.335714,50.364286,1.621429,1.914286,26.235714,3.578571,3.828571,77.592857,70.642857,N/A,ODO,9/19/2024,Scheduled,NDS 2019,Pass
2025-01-21,ADAMS COUNTY DET CENTER,20 HOBO FORK RD.,NATCHEZ,MS,39120,NOL,DIGSA,Female/Male,30.569568,1865.648000,282.536000,3.824000,2.008000,7.440000,2146.576000,0.000000,0.000000,0.000000,0.344000,2.400000,2151.272000,541.944000,"1,100",ODO,1/16/2025,,PBNDS 2011 - 2016 Revised,Pending Final Report
2025-01-21,ADELANTO ICE PROCESSING CENTER,10250 RANCHO ROAD,ADELANTO,CA,92301,LOS,CDF,Female/Male,1796.000000,0.144000,0.136000,0.680000,3.848000,4.432000,0.376000,0.000000,0.000000,3.816000,0.472000,0.120000,0.400000,3.672000,640,ODO,7/18/2024,Scheduled,PBNDS 2011 - 2016 Revised,Pass
2025-01-21,ALAMANCE COUNTY DETENTION FACILITY,109 SOUTH MAPLE STREET,GRAHAM,NC,27253,ATL,IGSA,Female/Male,4.434911,3.416000,3.744000,5.824000,6.576000,14.768000,4.600000,0.120000,0.072000,0.600000,0.216000,0.056000,18.688000,12.544000,40,ODO,9/19/2024,Scheduled ,NDS 2019,Pass
2025-01-21,ALEXANDRIA STAGING FACILITY,96 GEORGE THOMPSON DRIVE,ALEXANDRIA,LA,71303,NOL,STAGING,Male,3.075916,130.784000,44.544000,73.336000,50.392000,137.584000,161.448000,0.024000,0.000000,55.104000,30.840000,33.176000,179.936000,295.024000,N/A,ODO,8/29/2024,Scheduled ,PBNDS 2011 - 2016 Revised,Pass
2025-01-21,ALLEN PARISH PUBLIC SAFETY COMPLEX,7340 HIGHWAY 26 WEST,OBERLIN,LA,70655,NOL,IGSA,Male,59.500000,99.688000,30.360000,33.624000,10.792000,50.512000,123.952000,0.000000,0.000000,19.696000,8.312000,7.680000,138.776000,94.632000,170,ODO,12/12/2024,,PBNDS 2011 - 2016 Revised,Pass
2025-01-21,BAKER COUNTY SHERIFF DEPT.,1 SHERIFF OFFICE DRIVE,MACCLENNY,FL,32063,MIA,IGSA,Female/Male,61.549020,25.824000,39.112000,90.040000,87.328000,160.968000,53.032000,18.088000,10.216000,61.360000,26.768000,20.352000,133.824000,171.496000,192,ODO,10/24/2024,,NDS 2019,Pass
2025-01-21,BALDWIN COUNTY CORRECTIONAL CENTER,200 HAND AVE.,BAY MINETTE,AL,36507,NOL,USMS IGA,Female/Male,1.705882,0.352000,0.760000,0.424000,0.192000,0.720000,0.904000,0.056000,0.048000,0.000000,0.056000,0.008000,1.664000,1.176000,N/A,ODO,9/26/2024,,NDS 2019,Fail
2025-01-21,BLUEBONNET DETENTION FACILITY,400 2ND STREET,ANSON,TX,79501,DAL,DIGSA,Male,56.166667,250.280000,152.640000,237.768000,106.544000,327.032000,367.248000,7.480000,45.472000,86.736000,50.408000,74.112000,535.976000,426.528000,750,ODO,12/12/2024,,PBNDS 2011 - 2016 Revised,Pass
2025-01-21,BOONE COUNTY JAIL,3020 CONRAD LANE,BURLINGTON,KY,41005,CHI,USMS IGA,Female/Male,86.000000,22.104000,18.368000,31.352000,57.000000,94.816000,28.288000,4.624000,1.096000,45.424000,14.128000,10.760000,58.512000,90.384000,N/A,ODO,11/21/2024,,NDS 2019,Pass
2025-01-21,BROWARD COUNTY JAIL,555 SE 1ST AVENUE,FT.LAUDERDALE,FL,33301,MIA,IGSA,Female/Male,,0.240000,0.160000,0.592000,0.096000,0.160000,0.824000,0.016000,0.088000,0.032000,0.000000,0.000000,1.056000,0.600000,N/A,,,,,
2025-01-21,BROWARD TRANSITIONAL CENTER,3900 NORTH POWERLINE ROAD,POMPANO BEACH,FL,33073,MIA,CDF,Female/Male,48.847561,499.424000,152.584000,2.808000,0.656000,116.344000,443.792000,14.120000,81.216000,14.696000,37.912000,38.848000,564.016000,363.048000,700,ODO,12/19/2024,,PBNDS 2011 - 2016 Revised,Pending Final Report
2025-01-21,BUFFALO SERVICE PROCESSING CENTER,4250 FEDERAL DRIVE,BATAVIA,NY,14020,BUF,SPC,Female/Male,63.213333,219.392000,40.856000,130.688000,153.336000,251.008000,293.264000,0.000000,0.000000,146.456000,23.240000,21.664000,352.912000,389.792000,400,ODO,10/31/2024,,PBNDS 2011 - 2016 Revised,Pass
2025-01-21,CALHOUN COUNTY CORRECTIONAL CENTER,185 EAST MICHIGAN AVENUE,BATTLE CREEK,MI,49014,DET,IGSA,Female/Male,67.696970,54.824000,33.400000,31.576000,15.560000,47.432000,74.072000,2.792000,11.064000,17.448000,8.120000,13.280000,96.512000,91.632000,75,ODO,8/22/2024,Scheduled,NDS 2019,Pass
2025-01-21,CAROLINE DETENTION FACILITY,11093 S.W. LEWIS MEMORIAL DRIVE,BOWLING GREEN,VA,22427,WAS,DIGSA,Female/Male,96.446281,105.448000,28.848000,55.776000,77.784000,124.856000,131.400000,8.944000,2.656000,53.416000,15.792000,18.800000,179.848000,127.968000,224,ODO,7/11/2024,Scheduled ,PBNDS 2011 - 2016 Revised,Pass
2025-01-21,"CCA, FLORENCE CORRECTIONAL CENTER",1100 BOWLING ROAD,FLORENCE,AZ,85132,PHO,USMS IGA,Male,70.158333,51.448000,41.088000,142.520000,140.416000,231.752000,143.720000,0.000000,0.000000,96.784000,28.128000,28.256000,222.304000,201.096000,N/A,ODO,12/12/2024,,NDS 2019,Pass
2025-01-21,CENTRAL LOUISIANA ICE PROCESSING CENTER (CLIPC),830 PINEHILL ROAD,JENA,LA,71342,NOL,DIGSA,Female/Male,13.669118,415.584000,212.808000,355.776000,199.288000,522.000000,661.160000,0.224000,0.072000,156.896000,70.408000,79.152000,877.000000,799.872000,"1,170",ODO,1/9/2025,,PBNDS 2011 - 2016 Revised,Pending Final Report
2025-01-21,CHASE COUNTY JAIL,301 SOUTH WALNUT STREET,COTTONWOOD FALL,KS,66845,CHI,IGSA,Female/Male,54.466667,14.272000,15.568000,31.920000,17.032000,44.512000,26.608000,5.128000,2.544000,17.520000,7.600000,8.368000,45.304000,68.592000,N/A,ODO,8/22/2024,Scheduled,NDS 2019,Pass
2025-01-21,CHIPPEWA COUNTY SSM,325 COURT STREET,SAULT STE MARIE,MI,49783,DET,IGSA,Female/Male,69.000000,6.232000,1.744000,6.392000,5.904000,11.360000,8.912000,0.000000,0.000000,8.376000,0.808000,1.408000,9.680000,16.128000,N/A,ODO,4/25/2024,Scheduled,NDS 2019,Pass
2025-01-21,CHITTENDEN REGIONAL CORRECTIONAL FACILITY,7 FARRELL STREET,SOUTH BURLINGTON,VT,05403,BOS,USMS IGA,Female/Male,2.500000,1.360000,0.032000,0.000000,0.000000,0.000000,0.000000,0.032000,1.360000,0.000000,0.000000,0.000000,1.392000,0.944000,N/A,ORSA,4/12/2024,Scheduled,ORSA NDS 2019,Pass
2025-01-21,CIBOLA COUNTY CORRECTIONAL CENTER,2000 CIBOLA LOOP,MILAN,NM,87021,ELP,IGSA,Male,26.982143,141.648000,16.888000,0.400000,0.592000,14.560000,144.968000,0.000000,0.000000,0.000000,0.072000,7.288000,152.168000,157.144000,N/A,ODO,8/29/2024,Scheduled,PBNDS 2011 - 2016 Revised,Pass
2025-01-21,CLAY COUNTY JUSTICE CENTER,611 EAST JACKSON STREET,BRAZIL,IN,47834,CHI,USMS IGA,Female/Male,19.190476,43.552000,29.632000,88.448000,62.120000,132.504000,77.968000,7.544000,5.736000,37.048000,13.528000,14.688000,158.488000,149.088000,N/A,ODO,6/27/2024,Scheduled,NDS 2019,Pass
2025-01-21,CLINTON COUNTY CORRECTIONAL FACILITY,58 PINE MOUNTAIN RD.,MCELHATTAN,PA,17748,PHI,USMS IGA,Male,180.428571,2.144000,22.864000,36.896000,16.360000,72.488000,2.992000,2.008000,0.776000,40.496000,15.888000,0.664000,21.216000,68.104000,N/A,ODO,7/18/2024,Scheduled,NDS 2019,Pass
2025-01-21,CLINTON COUNTY JAIL,25 MCCARTHY DRIVE,PLATTSBURGH,NY,12901,BUF,USMS IGA,Female/Male,11.914286,0.944000,0.216000,1.672000,0.184000,0.432000,0.392000,0.648000,1.544000,0.664000,0.000000,0.000000,2.352000,1.824000,N/A,ODO,6/6/2024,Scheduled,NDS 2019,Pass
2025-01-21,COASTAL BEND DETENTION FACILITY,4909 FM 2826,ROBSTOWN,TX,78380,HLG,USMS IGA,Male,0.518987,0.760000,1.216000,0.264000,0.056000,1.040000,0.912000,0.032000,0.312000,0.064000,0.048000,0.096000,2.088000,1.968000,N/A,ODO,2/6/2025,,NDS 2019,Pending Final Report
2025-01-21,COLLIER COUNTY NAPLES JAIL CENTER,3347 TAMIAMI TRAIL E,NAPLES,FL,34112,MIA,IGSA,Female/Male,3.161538,4.560000,2.168000,2.208000,1.816000,5.512000,4.896000,0.120000,0.224000,0.168000,0.144000,0.344000,10.096000,6.736000,N/A,ODO,12/5/2024,,NDS 2019,Pass
2025-01-21,CUMBERLAND COUNTY JAIL,50 COUNTY WAY,PORTLAND,ME,04102,BOS,USMS IGA,Female/Male,7.084746,6.128000,0.720000,16.056000,14.184000,19.712000,13.240000,0.656000,3.480000,10.440000,0.352000,4.232000,22.064000,21.768000,N/A,ODO,9/12/2024,Scheduled,NDS 2019,Pass
2025-01-21,DALLAS COUNTY JAIL - LEW STERRETT JUSTICE CENTER,111 WEST COMMERCE STREET,DALLAS,TX,75202,DAL,USMS IGA,Female/Male,1.261818,6.016000,0.000000,0.008000,0.008000,2.576000,3.160000,0.136000,0.160000,0.000000,0.024000,0.008000,6.000000,3.064000,N/A,ODO,7/18/2024,Scheduled,NDS 2019,Pass
2025-01-21,DENVER CONTRACT DETENTION FACILITY,3130 OAKLAND ST,AURORA,CO,80010,DEN,CDF,Female/Male,47.161836,651.512000,180.944000,179.736000,130.032000,253.032000,828.680000,17.664000,42.848000,127.128000,53.304000,54.552000,907.240000,509.792000,600,ODO,8/15/2024,Scheduled,PBNDS 2011 - 2016 Revised,Pass
2025-01-21,DEPARTMENT OF CORRECTIONS HAGATNA,203 ASPINAL AVE. PO BOX 3236,HAGATNA,GU,96910,SFR,USMS IGA,Female/Male,,0.000000,0.216000,2.896000,0.464000,3.392000,0.184000,0.000000,0.000000,2.880000,0.296000,0.000000,0.400000,3.576000,N/A,ORSA,3/14/2024,Scheduled,ORSA NDS 2019,Pass
2025-01-21,DESERT VIEW ANNEX,10450 RANCHO ROAD,ADELANTO,CA,92301,LOS,CDF,Female/Male,37.470238,205.264000,21.112000,81.792000,112.152000,181.776000,238.544000,0.000000,0.000000,59.312000,14.672000,3.040000,343.296000,246.512000,480,ODO,8/15/2024,Scheduled,PBNDS 2011 - 2016 Revised,Pass
2025-01-21,DODGE COUNTY JAIL,215 WEST CENTRAL STREET,JUNEAU,WI,53039,CHI,USMS IGA,Female/Male,111.548387,6.992000,15.320000,45.184000,40.216000,85.720000,21.096000,0.000000,0.896000,32.616000,13.112000,7.832000,54.152000,78.352000,N/A,ODO,8/15/2024,Scheduled,NDS 2019,Pass
2025-01-21,EAST HIDALGO DETENTION CENTER,1330 HIGHWAY 107,LA VILLA,TX,78562,HLG,USMS IGA,Female/Male,1.500000,1.064000,0.200000,0.136000,0.104000,1.464000,0.024000,0.016000,0.000000,0.672000,0.064000,0.000000,0.768000,1.480000,N/A,ORSA,8/22/2024,Scheduled,ORSA NDS 2019,Pass
2025-01-21,EDEN DETENTION CTR,702 E BROADWAY ST,EDEN,TX,76837,DAL,USMS IGA,Male,27.031008,104.592000,3.968000,0.384000,0.216000,3.120000,106.040000,0.000000,0.000000,0.128000,0.096000,0.144000,108.792000,30.616000,N/A,ODO,8/8/2024,Scheduled,NDS 2019,Pass
2025-01-21,EL PASO SERVICE PROCESSING CENTER,8915 MONTANA AVE.,EL PASO,TX,79925,ELP,SPC,Female/Male,42.984375,308.096000,186.528000,135.184000,79.184000,284.208000,220.320000,58.216000,146.248000,85.480000,72.984000,120.232000,430.296000,576.056000,450,ODO,8/22/2024,Scheduled,PBNDS 2011 - 2016 Revised,Pass
2025-01-21,EL VALLE DETENTION FACILITY,1800 INDUSTRIAL DRIVE,RAYMONDVILLE,TX,78580,HLG,DIGSA,Female/Male,26.624204,805.128000,28.208000,24.672000,26.216000,101.016000,274.016000,17.408000,491.784000,33.856000,21.288000,19.912000,809.168000,528.960000,600,ODO,9/12/2024,Scheduled,PBNDS 2011 - 2016 Revised,Pass
2025-01-21,ELIZABETH CONTRACT DETENTION FACILITY,625 EVANS STREET,ELIZABETH,NJ,07201,NEW,CDF,Female/Male,4.078772,76.168000,174.840000,14.408000,4.424000,48.480000,205.264000,0.824000,15.272000,6.568000,9.560000,16.704000,237.008000,106.648000,285,ODO,12/5/2024,,PBNDS 2011 - 2016 Revised,Pass
2025-01-21,ELOY FEDERAL CONTRACT FACILITY,1705 EAST HANNA RD.,ELOY,AZ,85131,PHO,DIGSA,Female/Male,13.599197,1049.408000,43.728000,108.704000,121.056000,150.800000,541.488000,73.568000,557.040000,94.560000,43.376000,65.232000,1119.728000,756.952000,900,ODO,10/31/2024,,PBNDS 2011 - 2016 Revised,Pass
2025-01-21,FLORENCE SERVICE PROCESSING CENTER,3250 NORTH PINAL PARKWAY,FLORENCE,AZ,85132,PHO,SPC,Male,6.629778,305.488000,68.680000,1.608000,1.392000,67.560000,309.504000,0.008000,0.096000,4.184000,4.680000,27.984000,340.320000,186.624000,392,ODO,12/12/2024,,PBNDS 2011 - 2016 Revised,Pass
2025-01-21,FLORENCE STAGING FACILITY,3250 NORTH PINAL PARKWAY,FLORENCE,AZ,85232,PHO,STAGING,Male,3.390289,117.032000,34.840000,18.464000,8.328000,43.336000,131.912000,0.856000,2.560000,3.736000,1.904000,2.584000,170.440000,121.824000,N/A,ODO,12/12/2024,,PBNDS 2011 - 2016 Revised,Pass
2025-01-21,FOLKSTON ANNEX IPC,3424 HIGHWAY 252 EAST,FOLKSTON,GA,31537,ATL,DIGSA,Male,62.876106,183.376000,21.224000,35.432000,16.424000,55.096000,201.360000,0.000000,0.000000,24.080000,5.480000,7.224000,219.672000,149.576000,338,ODO,1/28/2025,,PBNDS 2011 - 2016 Revised,Pending Final Report
2025-01-21,FOLKSTON MAIN IPC,3026 HWY 252 EAST,FOLKSTON,GA,31537,ATL,DIGSA,Male,44.281250,362.064000,111.328000,79.528000,39.096000,151.464000,440.552000,0.000000,0.000000,39.272000,25.816000,23.792000,503.136000,362.544000,544,ODO,1/28/2025,,PBNDS 2011 - 2016 Revised,Pending Final Report
2025-01-21,FREEBORN COUNTY ADULT DETENTION CENTER,411 SOUTH BROADWAY AVENUE,ALBERT LEA,MN,56007,SPM,IGSA,Male,78.333333,15.592000,9.400000,37.072000,10.144000,40.744000,31.464000,0.000000,0.000000,14.336000,6.120000,4.384000,47.368000,46.424000,N/A,ODO,8/8/2024,Scheduled,NDS 2019,Pass
2025-01-21,GEAUGA COUNTY JAIL,12450 MERRITT DR,CHARDON,OH,44024,DET,USMS IGA,Female/Male,133.800000,25.832000,13.632000,7.720000,2.768000,22.168000,23.376000,2.008000,2.400000,4.616000,5.584000,3.576000,36.176000,34.672000,N/A,ODO,7/18/2024,Scheduled,NDS 2019,Pass
2025-01-21,GOLDEN STATE ANNEX,611 FRONTAGE RD,MCFARLAND,CA,93250,SFR,CDF,Female/Male,139.531250,175.992000,62.152000,96.016000,153.208000,250.760000,236.608000,0.000000,0.000000,143.136000,22.920000,13.688000,307.624000,224.608000,560,ODO,1/30/2025,,PBNDS 2011 - 2016 Revised,Pending Final Report
2025-01-21,GRAYSON COUNTY JAIL,320 SHAW STATION ROAD,LEITCHFIELD,KY,42754,CHI,USMS IGA,Female/Male,1.789474,0.608000,0.296000,0.448000,0.728000,1.328000,0.504000,0.120000,0.128000,0.232000,0.016000,0.112000,1.720000,1.584000,N/A,ODO,8/22/2024,Scheduled,NDS 2019,Pass
2025-01-21,GUAYNABO MDC (SAN JUAN),HWY 28 INTSECT OF ROAD 165,SAN JUAN,PR,00939,MIA,BOP,Female/Male,8.315789,0.248000,0.736000,4.376000,0.608000,3.152000,2.392000,0.192000,0.232000,0.192000,0.000000,0.056000,5.720000,3.912000,N/A,N/A,N/A,,N/A,N/A
2025-01-21,HANCOCK COUNTY PUBLIC SAFETY COMPLEX,8450 HIGHWAY 90,BAY ST. LOUIS,MS,39520,NOL,IGSA,Female/Male,2.238390,6.208000,2.848000,2.872000,0.720000,3.888000,8.072000,0.080000,0.608000,0.112000,0.088000,0.040000,12.408000,7.016000,N/A,ODO,5/9/2024,Scheduled ,NDS 2019,Fail
2025-01-21,HENDERSON DETENTION,18 E BASIC ROAD,HENDERSON,NV,89015,SLC,USMS IGA,Female/Male,12.117647,8.232000,19.224000,26.104000,11.104000,42.952000,12.488000,6.704000,2.520000,21.024000,14.352000,6.544000,22.744000,48.208000,N/A,ODO,9/19/2024,Scheduled,NDS 2019,Pass
2025-01-21,HONOLULU FEDERAL DETENTION CENTER,351 ELLIOTT ST.,HONOLULU,HI,96819,SFR,BOP,Female/Male,,3.536000,4.752000,5.000000,3.904000,9.616000,4.472000,0.128000,2.976000,6.864000,1.624000,0.456000,8.248000,13.392000,N/A,N/A,N/A,,N/A,N/A
2025-01-21,HOUSTON CONTRACT DETENTION FACILITY,15850 EXPORT PLAZA DRIVE,HOUSTON,TX,77032,HOU,CDF,Female/Male,42.780220,821.776000,13.216000,2.320000,2.584000,12.480000,478.480000,2.864000,346.072000,3.360000,3.416000,7.312000,825.808000,449.784000,750,ODO,1/30/2025,,PBNDS 2011 - 2016 Revised,Pending Final Report
2025-01-21,IAH SECURE ADULT DETENTION FACILITY (POLK),3400 FM 350 SOUTH,LIVINGSTON,TX,77351,HOU,DIGSA,Male,27.318318,751.696000,42.160000,15.992000,6.312000,25.720000,790.440000,0.000000,0.000000,8.360000,5.104000,6.760000,795.936000,330.440000,350,ODO,8/8/2024,Scheduled,NDS 2019,Pass
2025-01-21,IMPERIAL REGIONAL DETENTION FACILITY,1572 GATEWAY,CALEXICO,CA,92231,SND,CDF,Female/Male,31.220930,593.584000,17.232000,31.424000,30.912000,75.240000,534.592000,1.208000,62.112000,37.912000,11.656000,13.904000,609.680000,187.928000,640,ODO,1/16/2025,,PBNDS 2011 - 2016 Revised,Pending Final Report
2025-01-21,JACKSON PARISH CORRECTIONAL CENTER,327 INDUSTRIAL DRIVE,JONESBORO,LA,71251,NOL,DIGSA,Female/Male,29.864312,892.616000,76.168000,4.160000,2.328000,8.776000,954.792000,2.120000,9.584000,1.448000,1.376000,0.392000,972.056000,369.280000,500,ODO,12/12/2024,,PBNDS 2011 - 2016 Revised,Pass
2025-01-21,JEFFERSON COUNTY JAIL,219 EAST FREMONT AVENUE,RIGBY,ID,83442,SLC,IGSA,Female/Male,2.437500,0.136000,0.216000,1.224000,0.624000,1.880000,0.320000,0.000000,0.000000,0.048000,0.024000,0.032000,2.096000,1.856000,N/A,ODO,7/18/2024,Scheduled,NDS 2019,Pass
2025-01-21,JOE CORLEY PROCESSING CTR,500 HILBIG RD,CONROE,TX,77301,HOU,IGSA,Female/Male,27.171598,742.400000,51.672000,19.056000,9.064000,40.216000,781.976000,0.000000,0.000000,10.664000,5.840000,11.168000,794.520000,709.192000,N/A,ODO,12/19/2024,,NDS 2019,Pass
2025-01-21,KANDIYOHI COUNTY JAIL,2201 23RD ST NE,WILLMAR,MN,56201,SPM,IGSA,Female/Male,52.285714,23.480000,20.896000,67.024000,26.504000,77.328000,49.368000,7.008000,4.200000,29.072000,14.280000,8.376000,86.176000,101.320000,N/A,ODO,8/29/2024,Scheduled,NDS 2019,Pass
2025-01-21,KARNES COUNTY CORRECTIONAL CENTER,810 COMMERCE STREET,KARNES CITY,TX,78118,SNA,USMS IGA,Female/Male,1.142857,0.376000,0.112000,0.544000,0.032000,0.664000,0.400000,0.000000,0.000000,0.064000,0.472000,0.112000,0.416000,1.056000,N/A,ORSA,4/12/2024,Scheduled,ORSA NDS 2019,Pass
2025-01-21,KARNES COUNTY IMMIGRATION PROCESSING CENTER,409 FM 1144,KARNES CITY,TX,78118,SNA,DIGSA,Female/Male,44.661355,1109.264000,19.448000,1.392000,0.000000,7.680000,775.208000,2.952000,344.264000,0.616000,0.456000,8.448000,1120.584000,672.344000,928,ODO,9/19/2024,Scheduled,PBNDS 2011 - 2016 Revised,Pass
2025-01-21,KAY CO JUSTICE FACILITY,1101 WEST DRY ROAD,NEWKIRK,OK,74647,CHI,IGSA,Female/Male,77.428571,38.648000,15.976000,17.800000,12.544000,39.064000,45.904000,0.000000,0.000000,13.168000,11.528000,7.224000,53.048000,65.872000,N/A,ODO,8/8/2024,Scheduled,NDS 2019,Pass
2025-01-21,KNOX COUNTY DETENTION FACILITY,5001 MALONEYVILLE RD,KNOXVILLE,TN,37918,NOL,USMS IGA,Female/Male,1.718310,1.648000,2.472000,2.168000,0.712000,4.328000,2.360000,0.112000,0.200000,0.000000,0.008000,0.120000,6.872000,4.752000,N/A,ODO,9/26/2024,Scheduled ,NDS 2019,Pass
2025-01-21,KROME NORTH SERVICE PROCESSING CENTER,18201 SW 12TH ST,MIAMI,FL,33194,MIA,SPC,Male,46.278195,11.424000,10.776000,242.560000,296.496000,383.136000,177.528000,0.592000,0.000000,177.384000,38.080000,25.928000,319.864000,392.048000,450,ODO,9/12/2024,Scheduled ,PBNDS 2011 - 2016 Revised,Pass
2025-01-21,LA PAZ COUNTY ADULT DETENTION FACILITY,1109 ARIZONA AVE.,PARKER,AZ,85344,PHO,USMS IGA,Female/Male,1.750000,0.224000,0.768000,0.008000,0.000000,0.864000,0.136000,0.000000,0.000000,0.048000,0.072000,0.224000,0.656000,0.808000,N/A,ODO,8/1/2024,Scheduled,NDS 2019,Pass
2025-01-21,LAREDO PROCESSING CENTER,4702 EAST SAUNDERS STREET,LAREDO,TX,78041,HLG,DIGSA,Female/Male,16.805970,345.352000,1.816000,1.072000,3.176000,0.000000,0.656000,7.416000,343.344000,0.512000,0.544000,4.384000,345.976000,228.144000,N/A,ODO,9/12/2024,Scheduled,NDS 2019,Pass
2025-01-21,LEXINGTON COUNTY JAIL,521 GIBSON ROAD,LEXINGTON,SC,29072,ATL,USMS IGA,Female/Male,1.745763,0.352000,1.224000,0.600000,0.296000,1.472000,0.840000,0.016000,0.144000,0.000000,0.016000,0.048000,2.408000,1.440000,N/A,ODO,8/8/2024,Scheduled ,NDS 2019,Pass
2025-01-21,LIMESTONE COUNTY DETENTION CENTER,910 NORTH TYUS STREET,GROESBECK,TX,76642,HOU,USMS IGA,Male,30.521739,11.560000,0.184000,1.768000,2.144000,2.512000,13.144000,0.000000,0.000000,0.008000,0.016000,0.000000,15.632000,11.704000,N/A,ODO,9/26/2024,Scheduled,NDS 2019,Pass
2025-01-21,LUBBOCK COUNTY DETENTION CENTER,811 MAIN STREET,LUBBOCK,TX,79401,DAL,USMS IGA,Female/Male,1.333333,0.312000,0.640000,0.264000,0.040000,0.528000,0.656000,0.000000,0.072000,0.088000,0.000000,0.024000,1.144000,0.480000,N/A,ORSA,3/26/2024,Scheduled,ORSA NDS 2019,Pass
2025-01-21,MADISON COUNTY JAIL,2935 HIGHWAY 51,CANTON,MS,39046,NOL,USMS IGA,Female/Male,2.050000,0.712000,0.720000,0.672000,0.144000,1.016000,1.144000,0.024000,0.064000,0.008000,0.048000,0.000000,2.192000,1.264000,N/A,ODO,9/26/2024,Scheduled ,NDS 2019,Pass
2025-01-21,MESA VERDE ICE PROCESSING CENTER,425 GOLDEN STATE AVE,BAKERSFIELD,CA,93301,SFR,CDF,Female/Male,307.333333,0.000000,1.968000,11.984000,36.520000,50.472000,0.000000,0.000000,0.000000,38.184000,2.288000,0.312000,9.688000,41.272000,320,ODO,6/13/2024,Scheduled,PBNDS 2011 - 2016 Revised,Pass
2025-01-21,MONROE COUNTY DETENTION-DORM,7000 EAST DUNBAR ROAD,MONROE,MI,48161,DET,IGSA,Male,79.700000,56.816000,7.920000,0.112000,0.064000,0.672000,64.240000,0.000000,0.000000,0.056000,0.088000,0.520000,64.248000,17.344000,N/A,ODO,9/12/2024,Scheduled,NDS 2019,Pass
2025-01-21,MONTGOMERY ICE PROCESSING CENTER,806 HILBIG RD,CONROE,TX,77301,HOU,CDF,Female/Male,27.140351,146.712000,541.520000,364.888000,175.440000,665.560000,455.688000,51.640000,55.672000,278.064000,169.336000,167.032000,614.128000,803.384000,750,ODO,12/5/2024,,PBNDS 2011 - 2016 Revised,Pass
2025-01-21,MOSHANNON VALLEY PROCESSING CENTER,555 GEO DRIVE,PHILIPSBURG,PA,16866,PHI,DIGSA,Female/Male,128.500000,166.024000,92.392000,527.616000,396.624000,692.472000,441.736000,26.264000,22.184000,322.144000,92.640000,93.704000,674.168000,715.216000,800,ODO,8/1/2024,Scheduled,PBNDS 2011 - 2016 Revised,Pass
2025-01-21,NEVADA SOUTHERN DETENTION CENTER,2190 EAST MESQUITE AVENUE,PAHRUMP,NV,89060,SLC,CDF,Female/Male,312.000000,,,,,,,,,,,,,,,ODO, 9/19/2024,Scheduled,PBNDS 2011 - 2016 Revised,Pass
2025-01-21,NEW HANOVER COUNTY JAIL,3950 JUVENILE RD,CASTLE HAYNE,NC,28429,ATL,USMS IGA,Female/Male,2.535714,0.232000,0.192000,0.200000,0.472000,0.784000,0.288000,0.024000,0.000000,0.024000,0.000000,0.000000,1.072000,0.744000,N/A,ODO,8/22/2024,Scheduled ,NDS 2019,Pass
2025-01-21,NORTHWEST ICE PROCESSSING CENTER,1623 E. J STREET,TACOMA,WA,98421,SEA,CDF,Female/Male,86.019231,362.592000,71.432000,132.832000,167.384000,290.664000,351.888000,34.848000,56.840000,180.096000,41.192000,24.944000,488.008000,478.032000,"1,181",ODO,8/15/2024,Scheduled,PBNDS 2011 - 2016 Revised,Pass
2025-01-21,NORTHWEST STATE CORRECTIONAL CENTER,3649 LOWER NEWTON ROAD,SWANTON,VT,05488,BOS,USMS IGA,Female/Male,2.101449,4.840000,0.096000,0.192000,0.064000,0.216000,4.944000,0.000000,0.032000,0.000000,0.008000,0.016000,5.168000,4.264000,N/A,ODO,6/27/2024,Scheduled,NDS 2019,Pass
2025-01-21,OLDHAM COUNTY JAIL,100 W MAIN STREET,LA GRANGE,KY,40031,CHI,USMS IGA,Female/Male,2.187500,0.104000,0.208000,0.520000,0.328000,0.832000,0.320000,0.000000,0.008000,0.064000,0.000000,0.000000,1.096000,0.832000,N/A,ODO,9/19/2024,Scheduled,NDS 2019,Pass
2025-01-21,ORANGE COUNTY JAIL (FL),3855 SOUTH JOHN YOUNG PARKWAY,ORLANDO,FL,32839,MIA,USMS IGA,Female/Male,2.278689,1.192000,1.520000,2.440000,1.224000,2.448000,3.280000,0.176000,0.472000,0.048000,0.040000,0.024000,6.264000,3.432000,N/A,ODO,12/12/2025,,NDS 2019,Pass
2025-01-21,ORANGE COUNTY JAIL (NY),110 WELLS FARM ROAD,GOSHEN,NY,10924,NYC,IGSA,Female/Male,38.300000,26.864000,28.856000,9.128000,10.744000,46.192000,29.400000,0.000000,0.000000,7.960000,9.192000,14.872000,43.568000,47.080000,N/A,ODO,12/12/2024,,NDS 2019,Pass
2025-01-21,OTAY MESA DETENTION CENTER,7488 CALZADA DE LA FUENTE,SAN DIEGO,CA,92154,SND,CDF,Female/Male,20.201687,832.272000,473.000000,40.304000,43.472000,144.688000,983.616000,16.272000,244.472000,63.528000,28.840000,25.712000,1270.968000,471.296000,750,ODO,11/7/2024,,PBNDS 2011 - 2016 Revised,Pass
2025-01-21,OTERO COUNTY PROCESSING CENTER,26 MCGREGOR RANGE ROAD,CHAPARRAL,NM,88081,ELP,DIGSA,Female/Male,21.712446,705.776000,70.752000,30.768000,10.264000,116.064000,522.104000,6.024000,173.368000,24.560000,15.528000,55.616000,721.856000,698.416000,500,ODO,11/7/2024,,PBNDS 2011 - 2016 Revised,Pass
2025-01-21,PHELPS COUNTY JAIL,715 5TH AVENUE,HOLDREGE,NE,68949,SPM,USMS IGA,Female/Male,90.750000,0.672000,5.712000,8.688000,11.216000,23.016000,2.544000,0.728000,0.000000,5.904000,4.456000,1.256000,14.672000,19.912000,N/A,ODO,2/6/2025,,NDS 2019,Pending Final Report
2025-01-21,PICKENS COUNTY DET CTR,188 CEMETERY ST,CARROLLTON,AL,35447,NOL,IGSA,Female/Male,2.776923,5.480000,9.936000,10.312000,4.920000,14.056000,13.352000,2.016000,1.224000,0.192000,0.336000,0.176000,29.944000,21.544000,N/A,ODO,8/8/2024,Scheduled ,NDS 2019,Pass
2025-01-21,PIKE COUNTY JAIL,175 PIKE COUNTY BOULEVARD,LORDS VALLEY,PA,18428,PHI,IGSA,Male,30.744186,107.960000,17.144000,30.096000,26.592000,59.376000,122.416000,0.000000,0.000000,20.704000,12.984000,8.176000,139.928000,156.352000,100,ODO,8/29/2024,Scheduled,PBNDS 2011 - 2016 Revised,Pass
2025-01-21,PINE PRAIRIE ICE PROCESSING CENTER,1133 HAMPTON DUPRE ROAD,PINE PRAIRIE,LA,70576,NOL,DIGSA,Male,28.938356,251.648000,101.864000,164.320000,98.280000,267.048000,348.800000,0.264000,0.000000,38.472000,21.744000,27.184000,528.712000,542.568000,N/A,ODO,8/1/2024,Scheduled ,PBNDS 2011 - 2016 Revised,Pass
2025-01-21,PINELLAS COUNTY JAIL,14400 49TH STREET NORTH,CLEARWATER,FL,33762,MIA,USMS IGA,Female/Male,1.663366,0.664000,1.472000,2.056000,0.536000,2.392000,2.200000,0.032000,0.104000,0.008000,0.016000,0.048000,4.656000,2.680000,N/A,ODO,9/26/2024,Scheduled ,NDS 2019,Fail
2025-01-21,PLYMOUTH COUNTY CORRECTIONAL FACILITY,26 LONG POND ROAD,PLYMOUTH,MA,02360,BOS,IGSA,Male,78.284153,133.568000,23.032000,115.840000,110.408000,130.992000,251.808000,0.048000,0.000000,46.888000,13.800000,19.800000,302.360000,205.616000,N/A,ODO,11/21/2024,,NDS 2019,Pass
2025-01-21,POLK COUNTY JAIL,1985 NE 51ST PLACE,DES MOINES,IA,50313,SPM,USMS IGA,Female/Male,87.666667,2.248000,9.760000,6.768000,10.672000,27.080000,1.848000,0.000000,0.520000,9.488000,0.616000,1.120000,18.224000,27.992000,N/A,ODO,8/1/2024,Scheduled,NDS 2019,Pass
2025-01-21,PORT ISABEL SPC,27991 BUENA VISTA BOULEVARD,LOS FRESNOS,TX,78566,HLG,SPC,Female/Male,7.805763,951.648000,24.448000,0.136000,4.120000,83.216000,896.320000,0.040000,0.776000,23.392000,23.360000,28.584000,905.016000,606.160000,650,ODO,9/12/2024,Scheduled,PBNDS 2011 - 2016 Revised,Pass
2025-01-21,POTTAWATTAMIE COUNTY JAIL,1400 BIG LAKE ROAD,COUNCIL BLUFFS,IA,51501,SPM,USMS IGA,Female/Male,52.125000,0.672000,3.776000,10.056000,17.512000,30.464000,1.488000,0.064000,0.000000,7.744000,1.624000,1.744000,20.904000,29.704000,N/A,ODO,10/24/2024,,NDS 2019,Pass
2025-01-21,PRAIRIELAND DETENTION CENTER,1209 SUNFLOWER LN,ALVARADO,TX,76009,DAL,DIGSA,Female/Male,9.580882,209.056000,75.760000,192.080000,114.824000,255.552000,288.256000,19.048000,28.864000,101.448000,58.560000,47.552000,384.160000,385.072000,525,ODO,12/19/2024,,PBNDS 2011 - 2013 Errata,Pass
2025-01-21,PRINCE EDWARD COUNTY (FARMVILLE),508 WATERWORKS ROAD,FARMVILLE,VA,23901,WAS,DIGSA,Male,87.681159,127.144000,55.192000,119.192000,144.896000,265.304000,181.120000,0.000000,0.000000,97.528000,41.184000,36.504000,271.208000,278.712000,459,ODO,12/19/2024,,PBNDS 2011 - 2016 Revised,Pending Final Report
2025-01-21,RICHWOOD CORRECTIONAL CENTER,180 PINE BAYOU CIRCLE,MONROE,LA,71202,NOL,DIGSA,Male,33.281755,768.576000,14.568000,1.480000,0.816000,0.904000,4.656000,4.712000,775.168000,1.792000,1.352000,0.832000,781.464000,358.320000,677,ODO,11/7/2024,,PBNDS 2011 - 2016 Revised,Pass
2025-01-21,RIO GRANDE DETENTION CENTER,1001 SAN RIO BOULEVARD,LAREDO,TX,78046,HLG,USMS CDF,Male,96.962500,615.840000,6.512000,0.000000,0.000000,16.184000,606.168000,0.000000,0.000000,1.656000,5.224000,9.248000,606.224000,410.984000,275,ODO,1/9/2025,,NDS 2019,Pass
2025-01-21,RIVER CORRECTIONAL CENTER,26362 HIGHWAY 15,FERRIDAY,LA,71334,NOL,DIGSA,Male,73.529126,494.576000,56.848000,1.016000,0.936000,8.776000,544.288000,0.000000,0.312000,1.000000,0.872000,1.432000,550.072000,262.616000,361,ODO,11/21/2024,,PBNDS 2011 - 2016 Revised,Pass
2025-01-21,ROBERT A DEYTON DETENTION FACILITY,11866 HASTINGS BRIDGE ROAD P.O. BOX 429,LOVEJOY,GA,30250,ATL,USMS CDF,Female/Male,1.297872,0.400000,0.832000,1.368000,0.336000,1.608000,1.320000,0.008000,0.000000,0.056000,0.032000,0.056000,2.792000,1.944000,N/A,ODO,11/16/2023,Scheduled ,NDS 2019,Pass
2025-01-21,SAIPAN DEPARTMENT OF CORRECTIONS (SUSUPE),"VICENTE T. SEMAN BLDG, CIVIC CENTER",SAIPAN,MP,96950,SFR,USMS IGA,Female/Male,,1.408000,1.696000,0.152000,0.000000,2.872000,0.384000,0.000000,0.000000,1.352000,0.768000,0.000000,1.136000,3.136000,N/A,ORSA,3/8/2024,Scheduled,ORSA NDS 2019,Pass
2025-01-21,SALT LAKE COUNTY METRO JAIL,3415 SOUTH 900 WEST,SALT LAKE CITY,UT,84119,SLC,USMS IGA,Female/Male,2.037975,0.856000,4.488000,0.336000,0.120000,3.960000,1.520000,0.152000,0.168000,0.616000,0.104000,0.112000,4.968000,4.360000,N/A,ODO,9/26/2024,Scheduled,NDS 2019,Pass
2025-01-21,SAN LUIS REGIONAL DETENTION CENTER,406 NORTH AVENUE D,SAN LUIS,AZ,85349,SND,IGSA,Female/Male,6.542857,40.368000,4.080000,0.152000,0.040000,1.008000,34.896000,0.008000,8.728000,0.112000,0.024000,0.232000,44.272000,11.768000,100,ODO,9/26/2024,Scheduled,NDS 2019,Pass
2025-01-21,SENECA COUNTY JAIL,3040 SOUTH STATE HIGHWAY 100,TIFFIN,OH,44883,DET,IGSA,Female/Male,84.250000,12.104000,12.248000,16.872000,20.520000,50.392000,8.416000,2.320000,0.616000,20.520000,5.088000,8.544000,27.592000,51.880000,N/A,ODO,10/31/2024,,NDS 2019,Pass
2025-01-21,SHERBURNE COUNTY JAIL,13880 BUSINESS CENTER DRIVE,ELK RIVER,MN,55330,SPM,IGSA,Female/Male,1.000000,0.528000,1.064000,2.920000,1.472000,4.640000,1.272000,0.000000,0.072000,3.528000,0.480000,0.336000,1.640000,4.936000,N/A,ODO,5/2/2024,Scheduled,NDS 2019,Pass
2025-01-21,SOUTH CENTRAL REGIONAL JAIL,1001 CENTER WAY,CHARLESTON,WV,25309,PHI,IGSA,Female/Male,5.526316,0.488000,0.728000,1.288000,0.992000,2.712000,0.784000,0.000000,0.000000,0.232000,0.096000,0.528000,2.640000,2.856000,N/A,ODO,9/26/2024,Scheduled,NDS 2019,Pass
2025-01-21,SOUTH LOUISIANA ICE PROCESSING CENTER,3843 STAGG AVENUE,BASILE,LA,70515,NOL,DIGSA,Female/Male,45.152381,591.824000,98.976000,85.160000,34.280000,1.840000,2.472000,107.184000,698.744000,54.912000,20.944000,20.448000,713.936000,343.392000,700,ODO,8/29/2024,Scheduled ,PBNDS 2011 - 2016 Revised,Pass
2025-01-21,SOUTH TEXAS ICE PROCESSING CENTER,566 VETERANS DRIVE,PEARSALL,TX,78061,SNA,CDF,Female/Male,49.876238,1335.328000,96.040000,185.608000,62.760000,313.160000,1340.816000,18.904000,6.856000,84.944000,75.648000,153.760000,1365.384000,976.232000,"1,350",ODO,8/22/2024,Scheduled,PBNDS 2011 - 2016 Revised,Pass
2025-01-21,ST. CLAIR COUNTY JAIL,1170 MICHIGAN ROAD,PORT HURON,MI,48060,DET,IGSA,Male,128.250000,49.072000,12.368000,8.552000,4.152000,21.264000,52.880000,0.000000,0.000000,5.560000,6.864000,5.720000,56.000000,51.048000,N/A,ODO,9/19/2024,Scheduled,NDS 2019,Pass
2025-01-21,STEWART DETENTION CENTER,146 CCA ROAD,LUMPKIN,GA,31815,ATL,DIGSA,Female/Male,67.936893,700.752000,177.824000,335.464000,317.288000,626.592000,706.992000,42.624000,155.120000,289.224000,136.152000,103.136000,1002.816000,929.424000,"1,600",ODO,8/1/2024,Scheduled ,PBNDS 2011 - 2016 Revised,Pass
2025-01-21,STRAFFORD COUNTY CORRECTIONS,266 COUNTY FARM ROAD,DOVER,NH,03820,BOS,IGSA,Female/Male,148.842105,0.000000,0.000000,45.176000,37.168000,42.320000,27.832000,6.544000,5.648000,22.496000,6.480000,8.448000,44.920000,55.200000,N/A,ODO,9/12/2024,Scheduled,NDS 2019,Pass
2025-01-21,T DON HUTTO DETENTION CENTER,1001 WELCH STREET,TAYLOR,TX,76574,SNA,DIGSA,Male,72.062500,201.856000,40.448000,116.288000,68.328000,236.904000,190.016000,0.000000,0.000000,63.152000,58.200000,105.416000,200.152000,285.784000,461,ODO,6/27/2024,Scheduled,PBNDS 2011 - 2016 Revised,Pass
2025-01-21,"TORRANCE/ESTANCIA, NM",209 COUNTY ROAD 49,ESTANCIA,NM,87016,ELP,IGSA,Male,32.595349,316.984000,44.088000,8.592000,5.016000,47.600000,327.080000,0.000000,0.000000,3.840000,0.296000,16.400000,354.144000,278.840000,505,ODO,10/24/2024,,PBNDS 2011 - 2016 Revised,Pass
2025-01-21,TULSA COUNTY JAIL (DAVID L. MOSS JUSTICE CTR),300 NORTH DENVER AVENUE,TULSA,OK,74103,DAL,IGSA,Female/Male,2.344444,1.680000,2.008000,1.488000,0.576000,3.560000,1.904000,0.048000,0.240000,0.232000,0.120000,0.040000,5.360000,3.000000,N/A,ODO,9/19/2024,Scheduled,NDS 2019,Pass
2025-01-21,WASHINGTON COUNTY DETENTION CENTER,1155 WEST CLYDESDALE DRIVE,FAYETTEVILLE,AR,72701,NOL,USMS IGA,Female/Male,1.734694,0.712000,0.920000,1.040000,0.288000,1.072000,1.760000,0.056000,0.072000,0.024000,0.008000,0.032000,2.896000,1.984000,N/A,ODO,11/2/2023,Scheduled ,NDS 2019,Pass
2025-01-21,WASHOE COUNTY JAIL,911 PARR BLVD 775 328 3308,RENO,NV,89506,SLC,USMS IGA,Female/Male,19.703704,0.088000,1.000000,3.368000,3.600000,6.936000,0.928000,0.112000,0.080000,2.200000,0.224000,0.304000,5.328000,7.056000,N/A,ODO,11/7/2024,,NDS 2019,Pass
2025-01-21,WEBB COUNTY DETENTION CENTER (CCA),9998 SOUTH HIGHWAY 83,LAREDO,TX,78041,HLG,DIGSA,Female/Male,18.958333,206.552000,2.624000,24.952000,58.496000,32.120000,209.352000,5.664000,45.488000,15.832000,10.688000,8.208000,257.896000,211.016000,250,ODO,2/5/2025,,PBNDS 2011 - 2016 Revised,Pending Final Report
2025-01-21,WINN CORRECTIONAL CENTER,560 GUM SPRING ROAD,WINNFIELD,LA,71483,NOL,DIGSA,Male,105.030516,994.504000,210.440000,185.352000,92.664000,285.792000,1196.880000,0.248000,0.040000,61.720000,54.400000,51.520000,1315.320000,725.336000,946,ODO,1/16/2025,,PBNDS 2011 - 2016 Revised,Pending Final Report
2025-01-21,WYATT DETENTION CENTER,950 HIGH STREET,CENTRAL FALLS,RI,02863,BOS,USMS IGA,Male,67.937500,21.672000,5.448000,37.216000,46.712000,55.760000,51.336000,1.816000,2.136000,26.824000,4.152000,5.192000,74.880000,69.936000,N/A,ODO,9/19/2024,Scheduled,NDS 2019,Pass
2025-01-06,ADAMS COUNTY DET CENTER,20 HOBO FORK RD.,NATCHEZ,MS,39120,NOL,DIGSA,Female/Male,30.582373,1846.278351,282.783505,3.659794,2.298969,8.268041,2126.556701,0.000000,0.195876,0.824742,0.350515,2.979381,2130.865979,760.948454,"1,100",ODO,8/15/2024,Scheduled,PBNDS 2011 - 2016 Revised,Pass
2025-01-06,ADELANTO ICE PROCESSING CENTER,10250 RANCHO ROAD,ADELANTO,CA,92301,LOS,CDF,Female/Male,1796.000000,0.000000,0.000000,0.000000,2.855670,2.855670,0.000000,0.000000,0.000000,2.855670,0.000000,0.000000,0.000000,2.855670,640,ODO,7/18/2024,Scheduled,PBNDS 2011 - 2016 Revised,Pass
2025-01-06,ALAMANCE COUNTY DETENTION FACILITY,109 SOUTH MAPLE STREET,GRAHAM,NC,27253,ATL,IGSA,Female/Male,4.434911,3.206186,4.010309,5.432990,6.567010,14.711340,4.360825,0.092784,0.051546,0.268041,0.257732,0.329897,18.360825,10.927835,40,ODO,9/19/2024,Scheduled,NDS 2019,Pass
2025-01-06,ALEXANDRIA STAGING FACILITY,96 GEORGE THOMPSON DRIVE,ALEXANDRIA,LA,71303,NOL,STAGING,Male,3.075916,127.082474,44.319588,72.061856,48.494845,134.783505,157.134021,0.020619,0.020619,51.505155,29.886598,33.020619,177.546392,287.628866,N/A,ODO,8/29/2024,Scheduled,PBNDS 2011 - 2016 Revised,Pass
2025-01-06,ALLEN PARISH PUBLIC SAFETY COMPLEX,7340 HIGHWAY 26 WEST,OBERLIN,LA,70655,NOL,IGSA,Male,59.500000,95.123711,29.453608,35.164948,10.855670,50.072165,120.525773,0.000000,0.000000,19.670103,8.329897,7.237113,135.360825,93.762887,170,ODO,12/12/2024,,PBNDS 2011 - 2016 Revised,Pending Final Report
2025-01-06,BAKER COUNTY SHERIFF DEPT.,1 SHERIFF OFFICE DRIVE,MACCLENNY,FL,32063,MIA,IGSA,Female/Male,61.549020,24.412371,36.907216,91.865979,86.845361,162.175258,50.402062,17.546392,9.907216,66.855670,27.041237,23.092784,123.041237,162.041237,192,ODO,10/24/2024,Scheduled,NDS 2019,Pass
2025-01-06,BLUEBONNET DETENTION FACILITY,400 2ND STREET,ANSON,TX,79501,DAL,DIGSA,Male,56.166667,252.391753,153.546392,233.927835,108.134021,328.432990,370.329897,8.154639,41.082474,93.835052,55.742268,80.711340,517.711340,355.422680,750,ODO,12/12/2024,,PBNDS 2011 - 2016 Revised,Pending Final Report
2025-01-06,BOONE COUNTY JAIL,3020 CONRAD LANE,BURLINGTON,KY,41005,CHI,USMS IGA,Female/Male,86.000000,22.865979,17.917526,30.938144,57.020619,93.639175,29.144330,4.618557,1.340206,46.649485,17.453608,9.546392,55.092784,88.536082,N/A,ODO,11/21/2024,Scheduled,NDS 2019,Pass
2025-01-06,BROWARD TRANSITIONAL CENTER,3900 NORTH POWERLINE ROAD,POMPANO BEACH,FL,33073,MIA,CDF,Female/Male,48.847561,497.721649,143.969072,2.783505,0.515464,111.226804,440.505155,13.628866,79.628866,14.226804,39.536082,33.979381,557.247423,368.639175,700,ODO,12/19/2024,,PBNDS 2011 - 2016 Revised,Pending Final Report
2025-01-06,BUFFALO SERVICE PROCESSING CENTER,4250 FEDERAL DRIVE,BATAVIA,NY,14020,BUF,SPC,Female/Male,63.213333,221.000000,38.123711,132.731959,152.835052,250.072165,294.618557,0.000000,0.000000,153.989691,25.690722,21.185567,343.824742,378.010309,400,ODO,10/31/2024,Scheduled,PBNDS 2011 - 2016 Revised,Pass
2025-01-06,CALHOUN COUNTY CORRECTIONAL CENTER,185 EAST MICHIGAN AVENUE,BATTLE CREEK,MI,49014,DET,IGSA,Female/Male,67.696970,54.773196,32.371134,31.123711,15.257732,45.835052,73.154639,2.752577,11.783505,17.783505,7.628866,15.474227,92.639175,85.876289,75,ODO,8/22/2024,Scheduled,NDS 2019,Pass
2025-01-06,CAROLINE DETENTION FACILITY,11093 S.W. LEWIS MEMORIAL DRIVE,BOWLING GREEN,VA,22427,WAS,DIGSA,Female/Male,96.446281,106.474227,28.505155,54.164948,80.927835,127.360825,131.917526,8.969072,1.824742,56.989691,15.649485,18.505155,178.927835,130.463918,224,ODO,7/11/2024,Scheduled,PBNDS 2011 - 2016 Revised,Pass
2025-01-06,"CCA, FLORENCE CORRECTIONAL CENTER",1100 BOWLING ROAD,FLORENCE,AZ,85132,PHO,USMS IGA,Male,70.158333,52.515464,39.711340,141.164948,140.216495,230.639175,142.969072,0.000000,0.000000,105.226804,29.072165,30.711340,208.597938,188.175258,N/A,ODO,12/12/2024,,NDS 2019,Pending Final Report
2025-01-06,CENTRAL LOUISIANA ICE PROCESSING CENTER (CLIPC),830 PINEHILL ROAD,JENA,LA,71342,NOL,DIGSA,Female/Male,13.669118,421.360825,205.690722,356.938144,192.350515,514.783505,661.298969,0.164948,0.092784,160.536082,79.577320,97.072165,839.154639,720.742268,"1,170",ODO,1/9/2025,,PBNDS 2011 - 2016 Revised,Pending Final Report
2025-01-06,CHASE COUNTY JAIL,301 SOUTH WALNUT STREET,COTTONWOOD FALL,KS,66845,CHI,IGSA,Female/Male,54.466667,13.927835,15.175258,32.835052,17.247423,45.216495,26.226804,5.309278,2.432990,17.319588,7.381443,8.608247,45.876289,67.680412,N/A,ODO,8/22/2024,Scheduled,NDS 2019,Pass
2025-01-06,CHIPPEWA COUNTY SSM,325 COURT STREET,SAULT STE MARIE,MI,49783,DET,IGSA,Female/Male,69.000000,5.154639,1.298969,6.103093,5.525773,11.164948,6.917526,0.000000,0.000000,8.587629,0.546392,1.247423,7.701031,15.773196,N/A,ODO,4/25/2024,Scheduled,NDS 2019,Pass
2025-01-06,CHITTENDEN REGIONAL CORRECTIONAL FACILITY,7 FARRELL STREET,SOUTH BURLINGTON,VT,05403,BOS,USMS IGA,Female/Male,2.500000,1.103093,0.000000,0.000000,0.000000,0.000000,0.000000,0.000000,1.103093,0.000000,0.000000,0.000000,1.103093,0.793814,N/A,ORSA,4/12/2024,Scheduled,ORSA NDS 2019,Pass
2025-01-06,CIBOLA COUNTY CORRECTIONAL CENTER,2000 CIBOLA LOOP,MILAN,NM,87021,ELP,IGSA,Male,26.982143,143.731959,17.835052,0.134021,0.742268,14.309278,148.134021,0.000000,0.000000,0.288660,0.701031,7.855670,153.597938,160.896907,N/A,ODO,8/29/2024,Scheduled,PBNDS 2011 - 2016 Revised,Pass
2025-01-06,CLAY COUNTY JUSTICE CENTER,611 EAST JACKSON STREET,BRAZIL,IN,47834,CHI,USMS IGA,Female/Male,19.190476,45.257732,30.783505,89.969072,62.536082,135.123711,80.979381,7.381443,5.061856,52.567010,20.680412,18.206186,137.092784,149.092784,N/A,ODO,6/27/2024,Scheduled,NDS 2019,Pass
2025-01-06,ClINTON COUNTY CORRECTIONAL ,58 PINE MOUNTAIN RD.,MCELHATTAN,PA,17748,PHI,USMS IGA,Male,180.428571,2.185567,22.463918,35.525773,15.608247,69.835052,3.226804,2.010309,0.711340,39.463918,15.319588,0.556701,20.443299,66.268041,N/A,ODO,7/18/2024,Scheduled,NDS 2019,Pass
2025-01-06,CLINTON COUNTY JAIL,25 MCCARTHY DRIVE,PLATTSBURGH,NY,12901,BUF,USMS IGA,Female/Male,11.914286,0.226804,0.278351,1.556701,0.154639,0.453608,0.453608,0.546392,0.762887,0.587629,0.000000,0.030928,1.597938,1.247423,N/A,ODO,6/6/2024,Scheduled,NDS 2019,Pass
2025-01-06,COASTAL BEND DETENTION FACILITY,4909 FM 2826,ROBSTOWN,TX,78380,HLG,USMS IGA,Male,0.518987,0.525773,0.835052,0.195876,0.051546,0.824742,0.587629,0.000000,0.195876,0.072165,0.051546,0.020619,1.463918,1.422680,N/A,ODO,2/8/2024,Scheduled,NDS 2019,Pass
2025-01-06,COLLIER COUNTY NAPLES JAIL CENTER,3347 TAMIAMI TRAIL E,NAPLES,FL,34112,MIA,IGSA,Female/Male,3.161538,4.556701,2.164948,2.154639,2.082474,5.969072,4.515464,0.144330,0.329897,0.226804,0.123711,0.484536,10.123711,6.484536,N/A,ODO,12/5/2024,,NDS 2019,Pending Final Report
2025-01-06,CUMBERLAND COUNTY JAIL,50 COUNTY WAY,PORTLAND,ME,04102,BOS,USMS IGA,Female/Male,7.084746,5.690722,0.371134,14.113402,13.144330,18.896907,11.144330,0.567010,2.711340,11.144330,0.164948,3.175258,18.835052,21.020619,N/A,ODO,9/12/2024,Scheduled,NDS 2019,Pass
2025-01-06,DALLAS COUNTY JAIL - LEW STERRETT JUSTICE CENTER,111 WEST COMMERCE STREET,DALLAS,TX,75202,DAL,USMS IGA,Female/Male,1.261818,6.371134,0.000000,0.010309,0.000000,2.721649,3.350515,0.134021,0.175258,0.000000,0.030928,0.010309,6.340206,3.020619,N/A,ODO,7/18/2024,Scheduled,NDS 2019,Pass
2025-01-06,DENVER CONTRACT DETENTION FACILITY,3130 OAKLAND ST,AURORA,CO,80010,DEN,CDF,Female/Male,47.161836,677.567010,184.226804,178.000000,124.185567,250.773196,851.463918,17.835052,43.907216,130.690722,55.082474,53.061856,925.144330,485.453608,600,ODO,8/15/2024,Scheduled,PBNDS 2011 - 2016 Revised,Pass
2025-01-06,DEPARTMENT OF CORRECTIONS HAGATNA,203 ASPINAL AVE. PO BOX 3236,HAGATNA,GU,96910,SFR,USMS IGA,Female/Male,,0.000000,0.237113,3.288660,0.515464,3.804124,0.237113,0.000000,0.000000,3.144330,0.381443,0.000000,0.515464,4.041237,N/A,ORSA,3/14/2024,,ORSA NDS 2019,Pass
2025-01-06,DESERT VIEW ANNEX,10450 RANCHO ROAD,ADELANTO,CA,92301,LOS,CDF,Female/Male,37.470238,207.969072,16.855670,81.659794,116.247423,185.402062,237.329897,0.000000,0.000000,110.804124,39.257732,6.443299,266.226804,244.907216,480,ODO,8/15/2024,Scheduled,PBNDS 2011 - 2016 Revised,Pass
2025-01-06,DODGE COUNTY JAIL,215 WEST CENTRAL STREET,JUNEAU,WI,53039,CHI,USMS IGA,Female/Male,111.548387,7.051546,16.010309,44.567010,39.422680,85.216495,20.835052,0.000000,1.000000,37.360825,15.938144,7.835052,45.917526,79.432990,N/A,ODO,8/15/2024,Scheduled,NDS 2019,Pass
2025-01-06,EDEN DETENTION CTR,702 E BROADWAY ST,EDEN,TX,76837,DAL,USMS IGA,Male,27.031008,116.350515,3.670103,0.484536,0.257732,2.278351,118.484536,0.000000,0.000000,0.000000,0.000000,0.000000,120.762887,43.257732,N/A,ODO,8/8/2024,Scheduled,NDS 2019,Pass
2025-01-06,EL PASO SERVICE PROCESSING CENTER,8915 MONTANA AVE.,EL PASO,TX,79925,ELP,SPC,Female/Male,42.984375,315.134021,180.546392,134.896907,79.206186,284.536082,218.855670,51.020619,155.371134,87.391753,75.154639,116.164948,431.072165,562.701031,450,ODO,8/22/2024,Scheduled,PBNDS 2011 - 2016 Revised,Pass
2025-01-06,EL VALLE DETENTION FACILITY,1800 INDUSTRIAL DRIVE,RAYMONDVILLE,TX,78580,HLG,DIGSA,Female/Male,26.624204,794.618557,28.752577,24.391753,28.175258,101.082474,265.412371,16.649485,492.793814,38.721649,20.567010,19.288660,797.360825,572.113402,600,ODO,9/12/2024,Scheduled,PBNDS 2011 - 2016 Revised,Pass
2025-01-06,ELIZABETH CONTRACT DETENTION FACILITY,625 EVANS STREET,ELIZABETH,NJ,07201,NEW,CDF,Female/Male,4.078772,75.969072,173.453608,15.907216,4.835052,46.587629,207.711340,0.793814,15.072165,5.989691,8.515464,17.072165,238.587629,96.030928,285,ODO,12/5/2024,Scheduled,PBNDS 2011 - 2016 Revised,Pending Final Report
2025-01-06,ELOY FEDERAL CONTRACT FACILITY,1705 EAST HANNA RD.,ELOY,AZ,85131,PHO,DIGSA,Female/Male,13.599197,1045.783505,42.886598,104.000000,119.773196,149.587629,547.000000,71.505155,544.350515,93.659794,43.134021,65.010309,1110.639175,753.463918,900,ODO,10/31/2024,Scheduled,PBNDS 2011 - 2016 Revised,Pass
2025-01-06,FLORENCE SERVICE PROCESSING CENTER,3250 NORTH PINAL PARKWAY,FLORENCE,AZ,85132,PHO,SPC,Male,6.626568,308.835052,65.051546,1.721649,1.515464,63.494845,313.505155,0.010309,0.113402,4.701031,3.752577,29.567010,339.103093,178.515464,392,ODO,8/22/2024,Scheduled,PBNDS 2011 - 2016 Revised,Pass
2025-01-06,FLORENCE STAGING FACILITY,3250 NORTH PINAL PARKWAY,FLORENCE,AZ,85232,PHO,STAGING,Male,3.390479,121.134021,33.855670,17.185567,8.628866,42.597938,134.494845,0.948454,2.762887,4.010309,2.020619,2.865979,171.907216,122.247423,N/A,ODO,6/13/2024,Scheduled,PBNDS 2011 - 2016 Revised,Pass
2025-01-06,FOLKSTON ANNEX IPC,3424 HIGHWAY 252 EAST,FOLKSTON,GA,31537,ATL,DIGSA,Male,62.876106,183.649485,21.577320,35.113402,16.515464,55.350515,201.505155,0.000000,0.000000,24.896907,5.927835,8.288660,217.742268,151.907216,338,ODO,7/11/2024,Scheduled,PBNDS 2011 - 2016 Revised,Pass
2025-01-06,FOLKSTON MAIN IPC,3026 HWY 252 EAST,FOLKSTON,GA,31537,ATL,DIGSA,Male,44.281250,367.731959,108.247423,77.855670,39.824742,149.288660,444.371134,0.000000,0.000000,40.835052,25.938144,24.773196,502.113402,363.278351,544,ODO,7/11/2024,Scheduled,PBNDS 2011 - 2016 Revised,Pass
2025-01-06,FREEBORN COUNTY ADULT DETENTION CENTER,411 SOUTH BROADWAY AVENUE,ALBERT LEA,MN,56007,SPM,IGSA,Male,78.333333,17.072165,9.546392,35.340206,10.402062,39.247423,33.113402,0.000000,0.000000,17.226804,5.649485,5.000000,44.484536,43.412371,N/A,ODO,8/8/2024,Scheduled,NDS 2019,Pass
2025-01-06,GEAUGA COUNTY JAIL,12450 MERRITT DR,CHARDON,OH,44024,DET,USMS IGA,Female/Male,133.800000,26.371134,14.185567,7.989691,2.907216,23.278351,23.154639,2.587629,2.432990,7.298969,7.206186,4.278351,32.670103,34.041237,N/A,ODO,7/18/2024,Scheduled,NDS 2019,Pass
2025-01-06,GOLDEN STATE ANNEX,611 FRONTAGE RD,MCFARLAND,CA,93250,SFR,CDF,Female/Male,139.531250,171.041237,58.793814,94.731959,151.412371,246.690722,229.288660,0.000000,0.000000,150.773196,22.762887,15.134021,287.309278,203.041237,560,ODO,8/1/2024,Scheduled,PBNDS 2011 - 2016 Revised,Pass
2025-01-06,GRAYSON COUNTY JAIL,320 SHAW STATION ROAD,LEITCHFIELD,KY,42754,CHI,USMS IGA,Female/Male,1.789474,0.608247,0.268041,0.484536,0.577320,1.247423,0.628866,0.051546,0.010309,0.103093,0.072165,0.000000,1.762887,1.402062,N/A,ODO,8/22/2024,Scheduled,NDS 2019,Pass
2025-01-06,GUAYNABO MDC (SAN JUAN),HWY 28 INTSECT OF ROAD 165,SAN JUAN,PR,00939,MIA,BOP,Female/Male,8.315789,0.319588,0.804124,4.597938,0.711340,3.422680,2.463918,0.247423,0.298969,0.309278,0.000000,0.175258,5.948454,4.010309,N/A,,3/27/2024,,ORSA NDS 2019,Pass
2025-01-06,HANCOCK COUNTY PUBLIC SAFETY COMPLEX,8450 HIGHWAY 90,BAY ST. LOUIS,MS,39520,NOL,IGSA,Female/Male,2.238390,5.597938,2.907216,2.525773,0.690722,3.494845,7.525773,0.092784,0.608247,0.000000,0.000000,0.010309,11.711340,5.876289,N/A,ODO,5/9/2024,Scheduled,NDS 2019,Fail
2025-01-06,HENDERSON DETENTION,18 E BASIC ROAD,HENDERSON,NV,89015,SLC,USMS IGA,Female/Male,12.117647,7.164948,19.154639,25.309278,10.536082,41.690722,10.824742,6.721649,2.927835,20.494845,14.814433,6.082474,20.773196,44.721649,N/A,ODO,9/19/2024,Scheduled,NDS 2019,Pass
2025-01-06,HONOLULU FEDERAL DETENTION CENTER,351 ELLIOTT ST.,HONOLULU,HI,96819,SFR,BOP,Female/Male,,3.309278,4.340206,3.484536,3.587629,8.422680,3.432990,0.000000,2.865979,5.474227,1.494845,0.422680,7.329897,11.505155,N/A,,N/A,N/A,N/A,N/A
2025-01-06,HOUSTON CONTRACT DETENTION FACILITY,15850 EXPORT PLAZA DRIVE,HOUSTON,TX,77032,HOU,CDF,Female/Male,42.780220,839.247423,6.288660,0.577320,1.515464,6.927835,483.979381,1.969072,354.752577,1.618557,1.876289,4.814433,839.319588,471.762887,750,ODO,8/15/2024,Scheduled,PBNDS 2011 - 2016 Revised,Pass
2025-01-06,IAH SECURE ADULT DETENTION FACILITY (POLK),3400 FM 350 SOUTH,LIVINGSTON,TX,77351,HOU,DIGSA,Male,27.278932,783.597938,24.958763,10.237113,4.185567,17.639175,805.340206,0.000000,0.000000,6.371134,3.195876,5.175258,808.237113,322.536082,350,ODO,8/8/2024,Scheduled,NDS 2019,Pass
2025-01-06,IMPERIAL REGIONAL DETENTION FACILITY,1572 GATEWAY,CALEXICO,CA,92231,SND,CDF,Female/Male,31.220930,596.051546,16.845361,30.010309,30.865979,74.917526,535.670103,1.154639,62.030928,41.793814,11.896907,14.288660,605.793814,188.608247,640,ODO,7/23/2024,Scheduled,PBNDS 2011 - 2016 Revised,Pass
2025-01-06,JACKSON PARISH CORRECTIONAL CENTER,327 INDUSTRIAL DRIVE,JONESBORO,LA,71251,NOL,DIGSA,Female/Male,29.864312,907.237113,68.391753,5.113402,2.896907,9.917526,958.597938,2.731959,12.391753,1.618557,1.865979,0.443299,979.711340,451.340206,500,ODO,12/12/2024,,PBNDS 2011 - 2016 Revised,Pending Final Report
2025-01-06,JEFFERSON COUNTY JAIL,219 EAST FREMONT AVENUE,RIGBY,ID,83442,SLC,IGSA,Female/Male,2.437500,0.061856,0.154639,0.958763,0.525773,1.474227,0.226804,0.000000,0.000000,0.051546,0.010309,0.000000,1.639175,1.381443,N/A,ODO,7/18/2024,Scheduled,NDS 2019,Pass
2025-01-06,JOE CORLEY PROCESSING CTR,500 HILBIG RD,CONROE,TX,77301,HOU,IGSA,Female/Male,27.171598,725.216495,49.690722,18.546392,9.783505,37.237113,766.000000,0.000000,0.000000,8.773196,5.958763,9.072165,779.432990,703.628866,N/A,ODO,12/19/2024,,NDS 2019,Pending Final Report
2025-01-06,KANDIYOHI COUNTY JAIL,2201 23RD ST NE,WILLMAR,MN,56201,SPM,IGSA,Female/Male,52.285714,22.577320,21.082474,65.690722,27.948454,79.432990,46.876289,6.917526,4.072165,35.958763,14.134021,14.608247,72.597938,99.969072,N/A,ODO,8/29/2024,Scheduled,NDS 2019,Pass
2025-01-06,KARNES COUNTY IMMIGRATION PROCESSING CENTER,409 FM 1144,KARNES CITY,TX,78118,SNA,DIGSA,Female/Male,44.484127,1103.773196,18.783505,1.041237,0.000000,7.938144,771.639175,3.144330,340.876289,0.505155,0.587629,8.556701,1113.948454,704.350515,928,ODO,9/19/2024,Scheduled,PBNDS 2011 - 2016 Revised,Pass
2025-01-06,KAY CO JUSTICE FACILITY,1101 WEST DRY ROAD,NEWKIRK,OK,74647,CHI,IGSA,Female/Male,77.428571,37.587629,16.422680,18.391753,13.886598,40.402062,45.886598,0.000000,0.000000,15.113402,11.185567,6.742268,53.247423,64.443299,N/A,ODO,8/8/2024,Scheduled,NDS 2019,Pass
2025-01-06,KNOX COUNTY DETENTION FACILITY,5001 MALONEYVILLE RD,KNOXVILLE,TN,37918,NOL,USMS IGA,Female/Male,1.718310,1.206186,2.226804,1.855670,0.628866,4.030928,1.711340,0.092784,0.082474,0.030928,0.020619,0.000000,5.865979,3.896907,N/A,ORSA,9/26/2024,Scheduled,ORSA NDS 2019,Pass
2025-01-06,KROME NORTH SERVICE PROCESSING CENTER,18201 SW 12TH ST,MIAMI,FL,33194,MIA,SPC,Male,46.511335,14.381443,13.886598,249.041237,296.628866,391.237113,182.701031,0.000000,0.000000,183.329897,44.814433,24.175258,321.618557,386.474227,450,ODO,9/12/2024,Scheduled,PBNDS 2011 - 2016 Revised,Pass
2025-01-06,LA PAZ COUNTY ADULT DETENTION FACILITY,1109 ARIZONA AVE.,PARKER,AZ,85344,PHO,USMS IGA,Female/Male,1.750000,0.268041,0.752577,0.000000,0.000000,0.927835,0.092784,0.000000,0.000000,0.061856,0.092784,0.350515,0.515464,0.865979,N/A,ODO,8/1/2024,Scheduled,NDS 2019,Pass
2025-01-06,LAREDO PROCESSING CENTER,4702 EAST SAUNDERS STREET,LAREDO,TX,78041,HLG,DIGSA,Female/Male,16.805970,341.855670,1.824742,1.381443,4.092784,0.000000,0.752577,8.164948,340.237113,0.659794,0.453608,4.505155,343.536082,241.247423,N/A,ODO,1/9/2025,,NDS 2019,Pending Final Report
2025-01-06,LIMESTONE COUNTY DETENTION CENTER,910 NORTH TYUS STREET,GROESBECK,TX,76642,HOU,USMS IGA,Male,30.521739,8.752577,0.051546,1.938144,2.360825,2.793814,10.309278,0.000000,0.000000,0.000000,0.000000,0.000000,13.103093,9.814433,N/A,ODO,9/26/2024,Scheduled,NDS 2019,Pass
2025-01-06,MADISON COUNTY JAIL,2935 HIGHWAY 51,CANTON,MS,39046,NOL,USMS IGA,Female/Male,2.050000,0.412371,0.484536,0.639175,0.092784,0.835052,0.762887,0.030928,0.000000,0.000000,0.061856,0.000000,1.567010,0.958763,N/A,ODO,9/26/2024,Scheduled,NDS 2000,Pass
2025-01-06,MESA VERDE ICE PROCESSING CENTER,425 GOLDEN STATE AVE,BAKERSFIELD,CA,93301,SFR,CDF,Female/Male,307.333333,0.000000,1.773196,11.711340,37.298969,50.783505,0.000000,0.000000,0.000000,42.814433,2.041237,0.113402,5.814433,39.494845,320,ODO,6/13/2024,Scheduled,PBNDS 2011 - 2016 Revised,Pass
2025-01-06,MONROE COUNTY DETENTION-DORM,7000 EAST DUNBAR ROAD,MONROE,MI,48161,DET,IGSA,Male,79.700000,58.597938,8.907216,0.000000,0.000000,0.000000,67.505155,0.000000,0.000000,0.000000,0.000000,0.000000,67.505155,15.680412,N/A,ODO,9/12/2024,Scheduled,NDS 2019,Pass
2025-01-06,MONTGOMERY ICE PROCESSING CENTER,806 HILBIG RD,CONROE,TX,77301,HOU,CDF,Female/Male,27.140351,143.195876,545.814433,363.360825,183.391753,673.072165,456.319588,52.340206,54.030928,317.618557,189.845361,182.546392,545.752577,771.463918,750,ODO,12/5/2024,Scheduled,PBNDS 2011 - 2016 Revised,Pass
2025-01-06,MOSHANNON VALLEY PROCESSING CENTER,555 GEO DRIVE,PHILIPSBURG,PA,16866,PHI,DIGSA,Female/Male,128.500000,165.412371,92.608247,519.525773,394.958763,676.371134,448.185567,24.876289,23.072165,337.711340,96.195876,92.680412,645.917526,680.402062,800,ODO,8/1/2024,Scheduled,PBNDS 2011 - 2016 Revised,Pass
2025-01-06,NEVADA SOUTHERN DETENTION CENTER,2190 EAST MESQUITE AVENUE,PAHRUMP,NV,89060,SLC,USMS CDF,Female/Male,87.636364,90.412371,59.567010,46.969072,43.835052,141.907216,98.731959,0.144330,0.000000,66.958763,33.670103,19.783505,120.371134,163.783505,N/A,ODO,9/19/2024,Scheduled,NDS 2019,Pass
2025-01-06,NORTHWEST ICE PROCESSSING CENTER,1623 E. J STREET,TACOMA,WA,98421,SEA,CDF,Female/Male,86.019231,342.597938,70.670103,131.288660,163.855670,286.773196,334.422680,34.525773,52.690722,186.773196,44.298969,23.154639,454.185567,470.814433,"1,181",ODO,8/15/2024,Scheduled,PBNDS 2011 - 2016 Revised,Pass
2025-01-06,NORTHWEST STATE CORRECTIONAL CENTER,3649 LOWER NEWTON ROAD,SWANTON,VT,05488,BOS,USMS IGA,Female/Male,2.101449,4.226804,0.092784,0.247423,0.051546,0.154639,4.422680,0.000000,0.041237,0.000000,0.010309,0.000000,4.608247,3.896907,N/A,ODO,6/27/2024,Scheduled,NDS 2019,Pass
2025-01-06,ORANGE COUNTY JAIL (FL),3855 SOUTH JOHN YOUNG PARKWAY,ORLANDO,FL,32839,MIA,USMS IGA,Female/Male,2.278689,0.876289,1.536082,2.185567,1.164948,2.309278,2.927835,0.154639,0.371134,0.072165,0.051546,0.000000,5.639175,3.051546,N/A,ODO,8/15/2024,Scheduled,NDS 2019,Pending Final Report
2025-01-06,ORANGE COUNTY JAIL (NY),110 WELLS FARM ROAD,GOSHEN,NY,10924,NYC,IGSA,Female/Male,38.300000,26.226804,30.113402,8.546392,10.917526,46.360825,29.443299,0.000000,0.000000,9.628866,11.845361,14.298969,40.030928,40.835052,N/A,ODO,12/12/2024,Scheduled,NDS 2019,Pass
2025-01-06,OTAY MESA DETENTION CENTER,7488 CALZADA DE LA FUENTE,SAN DIEGO,CA,92154,SND,CDF,Female/Male,20.197302,833.845361,463.030928,38.443299,41.247423,141.309278,974.680412,16.391753,244.185567,64.505155,32.237113,26.587629,1253.237113,523.319588,750,ODO,11/7/2024,Scheduled,PBNDS 2011 - 2016 Revised,Pass
2025-01-06,OTERO COUNTY PROCESSING CENTER,26 MCGREGOR RANGE ROAD,CHAPARRAL,NM,88081,ELP,DIGSA,Female/Male,21.712446,720.742268,50.206186,27.391753,10.082474,93.814433,532.051546,4.350515,178.206186,23.185567,14.979381,40.412371,729.845361,685.247423,500,ODO,11/7/2024,Scheduled,PBNDS 2011 - 2016 Revised,Pass
2025-01-06,PHELPS COUNTY JAIL,715 5TH AVENUE,HOLDREGE,NE,68949,SPM,USMS IGA,Female/Male,90.750000,0.804124,6.072165,8.432990,11.278351,23.762887,2.237113,0.587629,0.000000,7.412371,6.721649,2.618557,9.835052,20.783505,N/A,ODO,5/23/2024,Scheduled,NDS 2019,Pass
2025-01-06,PICKENS COUNTY DET CTR,188 CEMETERY ST,CARROLLTON,AL,35447,NOL,IGSA,Female/Male,2.778462,4.896907,9.907216,9.494845,4.237113,13.319588,12.030928,2.051546,1.134021,0.237113,0.278351,0.113402,27.907216,18.938144,N/A,ODO,8/8/2024,Scheduled,NDS 2019,Pass
2025-01-06,PIKE COUNTY JAIL,175 PIKE COUNTY BOULEVARD,LORDS VALLEY,PA,18428,PHI,IGSA,Male,30.744186,103.804124,16.298969,30.195876,26.938144,58.649485,118.587629,0.000000,0.000000,22.721649,13.144330,7.536082,133.835052,149.876289,100,ODO,8/29/2024,Scheduled,PBNDS 2011 - 2016 Revised,Pass
2025-01-06,PINE PRAIRIE ICE PROCESSING CENTER,1133 HAMPTON DUPRE ROAD,PINE PRAIRIE,LA,70576,NOL,DIGSA,Male,28.938356,248.618557,100.391753,167.000000,94.432990,262.701031,347.742268,0.000000,0.000000,43.989691,23.072165,24.907216,518.474227,534.237113,N/A,ODO,8/1/2024,Scheduled,PBNDS 2011 - 2016 Revised,Pass
2025-01-06,PINELLAS COUNTY JAIL,14400 49TH STREET NORTH,CLEARWATER,FL,33762,MIA,USMS IGA,Female/Male,1.663366,0.443299,1.195876,1.927835,0.556701,2.134021,1.865979,0.041237,0.082474,0.000000,0.010309,0.020619,4.092784,2.381443,N/A,ODO,9/26/2024,Scheduled,NDS 2019,Pass
2025-01-06,PLATTE COUNTY JAIL,850 MAPLE STREET,WHEATLAND,WY,82201,DEN,USMS IGA,Female/Male,1.750000,0.278351,0.216495,0.412371,0.226804,0.773196,0.360825,0.000000,0.000000,0.144330,0.061856,0.030928,0.896907,0.731959,N/A,ORSA,3/22/2024,Scheduled,ORSA NDS 2019,Pass
2025-01-06,PLYMOUTH COUNTY CORRECTIONAL FACILITY,26 LONG POND ROAD,PLYMOUTH,MA,02360,BOS,IGSA,Male,78.284153,118.969072,21.257732,117.896907,110.556701,130.474227,238.206186,0.000000,0.000000,44.567010,15.350515,19.917526,288.845361,200.505155,N/A,ODO,11/21/2024,Scheduled,NDS 2019,Pass
2025-01-06,POLK COUNTY JAIL,1985 NE 51ST PLACE,DES MOINES,IA,50313,SPM,USMS IGA,Female/Male,87.666667,1.876289,9.773196,6.494845,10.247423,26.288660,1.432990,0.000000,0.670103,12.731959,1.154639,2.536082,11.969072,26.958763,N/A,ODO,8/1/2024,Scheduled,NDS 2019,Pass
2025-01-06,PORT ISABEL SPC,27991 BUENA VISTA BOULEVARD,LOS FRESNOS,TX,78566,HLG,SPC,Female/Male,7.805763,909.340206,28.123711,0.154639,3.030928,89.309278,850.783505,0.051546,0.505155,24.659794,25.360825,32.711340,857.917526,622.536082,650,ODO,9/12/2024,Scheduled,PBNDS 2011 - 2016 Revised,Pass
2025-01-06,POTTAWATTAMIE COUNTY JAIL,1400 BIG LAKE ROAD,COUNCIL BLUFFS,IA,51501,SPM,USMS IGA,Female/Male,52.125000,0.412371,3.113402,10.381443,17.257732,29.711340,1.288660,0.164948,0.000000,9.360825,2.979381,1.567010,17.257732,28.597938,N/A,ODO,10/24/2024,Scheduled,NDS 2019,Pass
2025-01-06,PRAIRIELAND DETENTION CENTER,1209 SUNFLOWER LN,ALVARADO,TX,76009,DAL,DIGSA,Female/Male,9.580882,210.969072,74.938144,190.969072,111.185567,251.216495,288.824742,18.701031,29.319588,104.061856,61.742268,51.556701,370.701031,380.082474,525,ODO,12/19/2024,,PBNDS 2011 - 2013 Errata,Pending Final Report
2025-01-06,PRINCE EDWARD COUNTY (FARMVILLE),508 WATERWORKS ROAD,FARMVILLE,VA,23901,WAS,DIGSA,Male,87.681159,120.690722,54.082474,114.783505,145.680412,260.216495,175.020619,0.000000,0.000000,106.309278,42.762887,30.711340,255.453608,268.701031,459,ODO,12/19/2024,,PBNDS 2011 - 2016 Revised,Pending Final Report
2025-01-06,RICHWOOD CORRECTIONAL CENTER,180 PINE BAYOU CIRCLE,MONROE,LA,71202,NOL,DIGSA,Male,33.281755,743.608247,16.257732,1.618557,1.051546,0.000000,4.072165,4.835052,753.628866,1.463918,1.226804,0.030928,759.814433,392.597938,677,ODO,11/7/2024,Scheduled,PBNDS 2011 - 2016 Revised,Pass
2025-01-06,RIO GRANDE DETENTION CENTER,1001 SAN RIO BOULEVARD,LAREDO,TX,78046,HLG,USMS CDF,Male,96.962500,605.278351,6.865979,0.000000,0.000000,15.082474,597.061856,0.000000,0.000000,1.536082,4.103093,9.371134,597.134021,421.804124,275,ODO,1/9/2025,,NDS 2019,Pending Final Report
2025-01-06,RIVER CORRECTIONAL CENTER,26362 HIGHWAY 15,FERRIDAY,LA,71334,NOL,DIGSA,Male,73.280193,492.742268,55.546392,1.020619,1.206186,8.701031,541.412371,0.000000,0.402062,1.288660,0.546392,2.020619,546.659794,267.144330,361,ODO,11/21/2024,Scheduled,PBNDS 2011 - 2016 Revised,Pass
2025-01-06,ROBERT A DEYTON DETENTION FACILITY,11866 HASTINGS BRIDGE ROAD P.O. BOX 429,LOVEJOY,GA,30250,ATL,USMS CDF,Female/Male,1.297872,0.247423,0.484536,1.144330,0.391753,1.474227,0.793814,0.000000,0.000000,0.051546,0.030928,0.010309,2.175258,1.432990,N/A,ODO,11/16/2023,Scheduled,NDS 2019,Pass
2025-01-06,SAIPAN DEPARTMENT OF CORRECTIONS (SUSUPE),"VICENTE T. SEMAN BLDG, CIVIC CENTER",SAIPAN,MP,96950,SFR,USMS IGA,Female/Male,,1.278351,1.402062,0.000000,0.000000,2.432990,0.247423,0.000000,0.000000,0.835052,0.628866,0.000000,1.216495,2.525773,N/A,ORSA,3/8/2024,,ORSA NDS 2019,Pass
2025-01-06,SALT LAKE COUNTY METRO JAIL,3415 SOUTH 900 WEST,SALT LAKE CITY,UT,84119,SLC,USMS IGA,Female/Male,2.037975,0.876289,4.247423,0.319588,0.134021,3.958763,1.340206,0.134021,0.144330,0.762887,0.144330,0.123711,4.546392,4.123711,N/A,ODO,9/26/2024,Scheduled,NDS 2019,Fail
2025-01-06,SAN LUIS REGIONAL DETENTION CENTER,406 NORTH AVENUE D,SAN LUIS,AZ,85349,SND,IGSA,Female/Male,6.542857,52.010309,5.020619,0.092784,0.051546,0.989691,44.927835,0.010309,11.247423,0.010309,0.010309,0.298969,56.855670,20.041237,100,ODO,9/26/2024,Scheduled,NDS 2019,Pass
2025-01-06,SENECA COUNTY JAIL,3040 SOUTH STATE HIGHWAY 100,TIFFIN,OH,44883,DET,IGSA,Female/Male,84.250000,10.845361,13.350515,17.298969,20.237113,51.175258,7.762887,2.000000,0.793814,23.742268,6.773196,11.144330,20.072165,51.402062,N/A,ODO,10/31/2024,Scheduled,NDS 2019,Pass
2025-01-06,SHERBURNE COUNTY JAIL,13880 BUSINESS CENTER DRIVE,ELK RIVER,MN,55330,SPM,IGSA,Female/Male,1.000000,0.000000,0.000000,2.319588,1.381443,3.701031,0.000000,0.000000,0.000000,3.319588,0.000000,0.000000,0.381443,3.701031,N/A,ODO,5/2/2024,Scheduled,NDS 2019,Pass
2025-01-06,SOUTH CENTRAL REGIONAL JAIL,1001 CENTER WAY,CHARLESTON,WV,25309,PHI,IGSA,Female/Male,5.526316,0.144330,0.185567,1.226804,0.680412,2.020619,0.216495,0.000000,0.000000,0.257732,0.000000,0.061856,1.917526,1.824742,N/A,ODO,9/26/2024,Scheduled,NDS 2019,Pass
2025-01-06,SOUTH LOUISIANA ICE PROCESSING CENTER,3843 STAGG AVENUE,BASILE,LA,70515,NOL,DIGSA,Female/Male,45.152381,587.144330,100.226804,81.195876,32.288660,1.422680,1.525773,104.896907,693.010309,55.381443,22.216495,21.092784,702.164948,317.402062,700,ODO,8/29/2024,Scheduled,PBNDS 2011 - 2016 Revised,Pass
2025-01-06,SOUTH TEXAS ICE PROCESSING CENTER,566 VETERANS DRIVE,PEARSALL,TX,78061,SNA,CDF,Female/Male,49.876238,1353.927835,91.257732,181.474227,59.371134,306.855670,1353.041237,19.216495,6.917526,86.639175,75.216495,145.134021,1379.041237,963.103093,"1,350",ODO,8/22/2024,Scheduled,PBNDS 2011 - 2016 Revised,Pass
2025-01-06,ST. CLAIR COUNTY JAIL,1170 MICHIGAN ROAD,PORT HURON,MI,48060,DET,IGSA,Male,128.250000,48.123711,12.278351,7.195876,4.000000,20.350515,51.247423,0.000000,0.000000,5.010309,6.505155,4.742268,55.340206,42.845361,N/A,ODO,9/19/2024,Scheduled,NDS 2019,Pass
2025-01-06,STEWART DETENTION CENTER,146 CCA ROAD,LUMPKIN,GA,31815,ATL,DIGSA,Female/Male,67.936893,693.484536,174.412371,330.948454,315.567010,622.185567,698.340206,42.134021,151.752577,289.041237,133.175258,105.711340,986.484536,911.329897,"1,600",ODO,8/1/2024,Scheduled,PBNDS 2011 - 2016 Revised,Pass
2025-01-06,STRAFFORD COUNTY CORRECTIONS,266 COUNTY FARM ROAD,DOVER,NH,03820,BOS,IGSA,Female/Male,148.842105,0.000000,0.000000,45.536082,35.793814,42.020619,27.515464,6.587629,5.206186,23.257732,6.237113,9.381443,42.453608,52.463918,N/A,ODO,9/12/2024,Scheduled,NDS 2019,Pass
2025-01-06,T DON HUTTO DETENTION CENTER,1001 WELCH STREET,TAYLOR,TX,76574,SNA,DIGSA,Male,72.062500,203.680412,41.505155,116.773196,68.814433,237.618557,193.154639,0.000000,0.000000,63.608247,59.350515,107.670103,200.144330,269.742268,461,ODO,6/27/2024,Scheduled,PBNDS 2011 - 2016 Revised,Pass
2025-01-06,"TORRANCE/ESTANCIA, NM",209 COUNTY ROAD 49,ESTANCIA,NM,87016,ELP,IGSA,Male,32.595349,315.072165,44.247423,9.175258,5.742268,47.690722,326.546392,0.000000,0.000000,2.608247,1.793814,18.886598,350.948454,285.391753,505,ODO,10/24/2024,Scheduled,PBNDS 2011 - 2016 Revised,Pass
2025-01-06,TULSA COUNTY JAIL (DAVID L. MOSS JUSTICE CTR),300 NORTH DENVER AVENUE,TULSA,OK,74103,DAL,IGSA,Female/Male,2.344444,1.814433,2.113402,1.381443,0.556701,3.701031,1.917526,0.061856,0.185567,0.247423,0.216495,0.113402,5.288660,2.608247,N/A,ODO,9/19/2024,Scheduled,NDS 2019,Pass
2025-01-06,WASHINGTON COUNTY DETENTION CENTER,1155 WEST CLYDESDALE DRIVE,FAYETTEVILLE,AR,72701,NOL,USMS IGA,Female/Male,1.734694,0.752577,0.865979,1.020619,0.309278,1.041237,1.793814,0.051546,0.061856,0.010309,0.000000,0.000000,2.938144,2.000000,N/A,ODO,11/2/2023,Scheduled,NDS 2019,Pass
2025-01-06,WASHOE COUNTY JAIL,911 PARR BLVD 775 328 3308,RENO,NV,89506,SLC,USMS IGA,Female/Male,19.703704,0.041237,1.144330,3.432990,3.072165,6.917526,0.597938,0.144330,0.030928,2.360825,0.237113,0.309278,4.783505,6.329897,N/A,ODO,11/7/2024,Scheduled,NDS 2019,Pass
2025-01-06,WEBB COUNTY DETENTION CENTER (CCA),9998 SOUTH HIGHWAY 83,LAREDO,TX,78041,HLG,DIGSA,Female/Male,18.958333,184.783505,2.268041,24.309278,57.649485,32.917526,189.659794,4.969072,41.463918,16.927835,10.072165,8.577320,233.432990,195.154639,250,ODO,8/1/2024,Scheduled,PBNDS 2011 - 2016 Revised,Pass
2025-01-06,WINN CORRECTIONAL CENTER,560 GUM SPRING ROAD,WINNFIELD,LA,71483,NOL,DIGSA,Male,105.030516,979.618557,208.865979,191.000000,94.278351,296.536082,1177.175258,0.000000,0.051546,70.443299,60.247423,58.092784,1284.979381,686.288660,946,ODO,7/25/2024,Scheduled,PBNDS 2011 - 2016 Revised,Pass
2025-01-06,WYATT DETENTION CENTER,950 HIGH STREET,CENTRAL FALLS,RI,02863,BOS,USMS IGA,Male,67.937500,27.927835,7.020619,34.845361,41.773196,50.670103,56.515464,1.969072,2.412371,25.381443,4.515464,5.835052,75.835052,63.567010,N/A,ODO,9/19/2024,Scheduled,NDS 2019,Pass